"Ft_minus_F0_ppm","F0_ppm","Ft_ppm","FL_ppm","t_days","alpha","mu_day","mu_day_sem","mu_sigma_ratio","mu_year","mu_year_sem","T_G_years","T_G_years_sem"
0.1,95,95.1,3700,14,0.66,3.04346370563401e-06,2.15260564472961e-05,0.141385102890794,0.00111086425255641,0.00785701060326309,623.971091845666,4413.27324511423
0.105,95,95.105,3700,14,0.66,3.19564029499982e-06,2.15266449267949e-05,0.148450457833404,0.00116640870767493,0.00785722539828012,594.257549689966,4003.06983463037
0.11,95,95.11,3700,14,0.66,3.34781720858224e-06,2.15272609812972e-05,0.155515242347403,0.00122195328113252,0.0078574502581735,567.245238637544,3647.52181249464
0.115,95,95.115,3700,14,0.66,3.49999444635095e-06,2.15279046087886e-05,0.16257942934781,0.0012774979729181,0.00785768518220783,542.581824201756,3337.33379664531
0.12,95,95.12,3700,14,0.66,3.6521720083549e-06,2.15285758071487e-05,0.169642991764563,0.00133304278304954,0.00785793016960926,519.973694298292,3065.10566036191
0.125,95,95.125,3700,14,0.66,3.80434989457169e-06,2.15292745741514e-05,0.176705902536042,0.00138858771151867,0.00785818521956525,499.174214786811,2824.88704464751
0.13,95,95.13,3700,14,0.66,3.95652810499476e-06,2.15300009074652e-05,0.183768134613636,0.00144413275832309,0.00785845033122478,479.974695238421,2611.8494169163
0.135,95,95.135,3700,14,0.66,4.10870663964137e-06,2.15307548046528e-05,0.190829660962628,0.0014996779234691,0.00785872550369829,462.197362321996,2422.04152116852
0.14,95,95.14,3700,14,0.66,4.26088549848116e-06,2.15315362631716e-05,0.197890454559397,0.00155522320694562,0.00785901073605763,445.689838901806,2252.2048367322
0.145,95,95.145,3700,14,0.66,4.41306468156311e-06,2.15323452803734e-05,0.204950488397824,0.00161076860877053,0.0078593060273363,430.3207653699,2099.63278806448
0.15,95,95.15,3700,14,0.66,4.56524418885687e-06,2.15331818535047e-05,0.212009735482443,0.00166631412893276,0.00785961137652921,415.976296740575,1962.06224112299
0.155,95,95.155,3700,14,0.66,4.71742402037968e-06,2.15340459797064e-05,0.219068168834847,0.00172185976743858,0.00785992678259284,402.557277699253,1837.58909311346
0.16,95,95.16,3700,14,0.66,4.86960417610915e-06,2.15349376560142e-05,0.226125761490151,0.00177740552427984,0.00786025224444519,389.976947349025,1724.60203021145
0.165,95,95.165,3700,14,0.66,5.02178465607042e-06,2.15358568793589e-05,0.233182486501551,0.0018329513994657,0.00786058776096598,378.159061261523,1621.73011762188
0.17,95,95.17,3700,14,0.66,5.1739654602649e-06,2.15368036465656e-05,0.240238316937527,0.00188849739299669,0.00786093333099644,367.03634494303,1527.8010170146
0.175,95,95.175,3700,14,0.66,5.3261465886781e-06,2.15377779543545e-05,0.247293225882722,0.00194404350486751,0.0078612889533394,356.549212414454,1441.8074378776
0.18,95,95.18,3700,14,0.66,5.47832804131141e-06,2.15387797993408e-05,0.254347186439924,0.00199958973507866,0.00786165462675939,346.644698359925,1362.88001928341
0.185,95,95.185,3700,14,0.66,5.63050981818205e-06,2.15398091780347e-05,0.261400171730573,0.00205513608363645,0.00786203034998268,337.275563442719,1290.26527109688
0.19,95,95.19,3700,14,0.66,5.78269191929143e-06,2.15408660868415e-05,0.268452154893802,0.00211068255054137,0.00786241612169714,328.399540888875,1223.30752390044
0.195,95,95.195,3700,14,0.66,5.93487434463298e-06,2.15419505220614e-05,0.275503109087313,0.00216622913579104,0.0078628119405524,319.978698978597,1161.43407614753
0.2,95,95.2,3700,14,0.66,6.08705709418429e-06,2.15430624798901e-05,0.282553007487511,0.00222177583937727,0.00786321780515987,311.978899164834,1104.14290733969
0.205,95,95.205,3700,14,0.66,6.23924016799434e-06,2.15442019564185e-05,0.289601823294064,0.00227732266131794,0.00786363371409276,304.369333486896,1050.99246277133
0.21,95,95.21,3700,14,0.66,6.39142356603278e-06,2.15453689476331e-05,0.296649529723413,0.00233286960160197,0.00786405966588607,297.122128079497,1001.59312019313
0.215,95,95.215,3700,14,0.66,6.54360728831686e-06,2.15465634494154e-05,0.30369610001517,0.00238841666023565,0.00786449565903662,290.2120019928,955.600029036604
0.22,95,95.22,3700,14,0.66,6.69579133482416e-06,2.15477854575427e-05,0.310741507428566,0.00244396383721082,0.00786494169200309,283.615972546878,912.707075710109
0.225,95,95.225,3700,14,0.66,6.84797570557986e-06,2.15490349676881e-05,0.317785725247006,0.00249951113253665,0.00786539776320616,277.313099964672,872.641776936721
0.23,95,95.23,3700,14,0.66,7.00016040058534e-06,2.15503119754202e-05,0.324828726775258,0.00255505854621365,0.00786586387102836,271.284265320309,835.160941624489
0.235,95,95.235,3700,14,0.66,7.15234541982611e-06,2.15516164762032e-05,0.331870485340326,0.00261060607823653,0.00786634001381416,265.51197683113,800.046971814482
0.24,95,95.24,3700,14,0.66,7.30453076330357e-06,2.15529484653975e-05,0.338910974293413,0.0026661537286058,0.00786682618987007,259.980200362418,767.104697345504
0.245,95,95.245,3700,14,0.66,7.45671643103495e-06,2.15543079382593e-05,0.345950167010425,0.00272170149732776,0.00786732239746465,254.674210687872,736.158658019081
0.25,95,95.25,3700,14,0.66,7.60890242302164e-06,2.15556948899412e-05,0.352988036890998,0.0027772493844029,0.00786782863482852,249.580460599857,707.050762394328
0.255,95,95.255,3700,14,0.66,7.76108873925708e-06,2.15571093154913e-05,0.36002455735936,0.00283279738982884,0.00786834490015432,244.686465417079,679.638264711049
0.26,95,95.26,3700,14,0.66,7.91327537973474e-06,2.15585512098546e-05,0.367059701865194,0.00288834551360318,0.00786887119159693,239.980700818321,653.792011487158
0.265,95,95.265,3700,14,0.66,8.06546234445598e-06,2.15600205678719e-05,0.374093443884507,0.00294389375572643,0.00786940750727323,235.452512242211,629.394917476558
0.27,95,95.27,3700,14,0.66,8.21764963343806e-06,2.1561517384281e-05,0.381125756920474,0.00299944211620489,0.00786995384526257,231.092034353697,606.340637329103
0.275,95,95.275,3700,14,0.66,8.36983724668235e-06,2.15630416537161e-05,0.388156614502478,0.00305499059503906,0.00787051020360636,226.890119297105,584.532404756061
0.28,95,95.28,3700,14,0.66,8.52202518417437e-06,2.15645933707076e-05,0.395185990186596,0.00311053919222365,0.00787107658030827,222.838272635437,563.882015478887
0.285,95,95.285,3700,14,0.66,8.67421344591551e-06,2.15661725296832e-05,0.402213857557549,0.00316608790775916,0.00787165297333436,218.928596032107,544.308933962532
0.29,95,95.29,3700,14,0.66,8.82640203193095e-06,2.15677791249674e-05,0.409240190229568,0.0032216367416548,0.00787223938061309,215.153735862818,525.739507016955
0.295,95,95.295,3700,14,0.66,8.97859094219826e-06,2.15694131507814e-05,0.416264961843572,0.00327718569390236,0.00787283580003521,211.506837055232,508.106269906796
0.3,95,95.3,3700,14,0.66,9.13078017673469e-06,2.15710746012437e-05,0.423288146071696,0.00333273476450816,0.00787344222945396,207.981501540894,491.347332711903
0.305,95,95.305,3700,14,0.66,9.28296973550991e-06,2.15727634703701e-05,0.430309716613728,0.00338828395346112,0.00787405866668507,204.571750797892,475.405836539658
0.31,95,95.31,3700,14,0.66,9.43515961857288e-06,2.15744797520735e-05,0.437329647203478,0.0034438332607791,0.00787468510950682,201.271992013671,460.22947060807
0.315,95,95.315,3700,14,0.66,9.58734982590118e-06,2.15762234401645e-05,0.444347911602277,0.00349938268645393,0.00787532155566003,198.076987476423,445.770042582569
0.32,95,95.32,3700,14,0.66,9.73954035748828e-06,2.1577994528351e-05,0.451364483603498,0.00355493223048322,0.00787596800284813,194.981826830979,431.983095511478
0.325,95,95.325,3700,14,0.66,9.89173121333554e-06,2.15797930102386e-05,0.458379337032675,0.00361048189286747,0.0078766244487371,191.981901897711,418.827565702478
0.33,95,95.33,3700,14,0.66,1.00439223934602e-05,2.1581618879331e-05,0.465392445748332,0.00366603167361298,0.0078772908909558,189.072883780305,406.265476604984
0.335,95,95.335,3700,14,0.66,1.01961138978637e-05,2.15834721290296e-05,0.472403783641002,0.00372158157272025,0.0078779673270958,186.250702024327,394.261664436342
0.34,95,95.34,3700,14,0.66,1.03483057265315e-05,2.15853527526339e-05,0.479413324633703,0.00377713159018399,0.00787865375471138,183.511525614118,382.783531839318
0.345,95,95.345,3700,14,0.66,1.0500497879465e-05,2.15872607433413e-05,0.486421042683885,0.00383268172600471,0.00787935017131957,180.851745621596,371.80082634527
0.35,95,95.35,3700,14,0.66,1.06526903566893e-05,2.15891960942483e-05,0.493426911784241,0.00388823198019161,0.00788005657440063,178.267959342742,361.28544083281
0.355,95,95.355,3700,14,0.66,1.08048831581822e-05,2.1591158798349e-05,0.500430905959913,0.00394378235273649,0.0078807729613974,175.756955775967,351.211233524505
0.36,95,95.36,3700,14,0.66,1.09570762839607e-05,2.15931488485366e-05,0.507432999272975,0.00399933284364565,0.00788149932971584,173.315702308012,341.553865350362
0.365,95,95.365,3700,14,0.66,1.11092697339946e-05,2.15951662376026e-05,0.514433165818865,0.00405488345290802,0.00788223567672494,170.941332496954,332.290652809782
0.37,95,95.37,3700,14,0.66,1.12614635083328e-05,2.15972109582379e-05,0.521431379732728,0.00411043418054147,0.00788298199975684,168.63113484246,323.40043464376
0.375,95,95.375,3700,14,0.66,1.14136576069529e-05,2.15992830030321e-05,0.528427615182906,0.00416598502653782,0.00788373829610673,166.38254245863,314.863450883503
0.38,95,95.38,3700,14,0.66,1.15658520298485e-05,2.16013823644739e-05,0.535421846375439,0.00422153599089469,0.00788450456303297,164.193123558576,306.661232951341
0.385,95,95.385,3700,14,0.66,1.17180467770366e-05,2.16035090349513e-05,0.54241404755489,0.00427708707361835,0.00788528079775724,162.060572681667,298.776503691614
0.39,95,95.39,3700,14,0.66,1.1870241848487e-05,2.16056630067516e-05,0.549404193001512,0.00433263827469775,0.00788606699746434,159.982702596676,291.193086318938
0.395,95,95.395,3700,14,0.66,1.20224372442486e-05,2.16078442720622e-05,0.556392257037552,0.00438818959415075,0.0078868631593027,157.957436817196,283.895821372898
0.4,95,95.4,3700,14,0.66,1.21746329642912e-05,2.16100528229695e-05,0.563378214020404,0.00444374103196628,0.00788766928038388,155.98280268219,276.870490907091
0.405,95,95.405,3700,14,0.66,1.23268290086319e-05,2.16122886514605e-05,0.570362038348902,0.00449929258815063,0.00788848535778308,154.056924945362,270.1037491754
0.41,95,95.41,3700,14,0.66,1.24790253772483e-05,2.16145517494215e-05,0.577343704459763,0.00455484426269562,0.00788931138853886,152.178019836343,263.583059208622
0.415,95,95.415,3700,14,0.66,1.26312220701656e-05,2.16168421086397e-05,0.58432318683205,0.00461039605561044,0.00789014736965349,150.344389549016,257.296634699916
0.42,95,95.42,3700,14,0.66,1.27834190873852e-05,2.16191597208021e-05,0.59130045998434,0.0046659479668956,0.00789099329809278,148.554417125469,251.233386710715
0.425,95,95.425,3700,14,0.66,1.29356164288926e-05,2.16215045774964e-05,0.59827549847553,0.00472149999654581,0.0078918491707862,146.806561700104,245.38287473611
0.43,95,95.43,3700,14,0.66,1.30878140946892e-05,2.16238766702108e-05,0.605248276906755,0.00477705214456157,0.00789271498462693,145.099354075307,239.735261729066
0.435,95,95.435,3700,14,0.66,1.32400120848002e-05,2.16262759903347e-05,0.612218769922177,0.00483260441095208,0.00789359073647217,143.431392602522,234.281272723399
0.44,95,95.44,3700,14,0.66,1.33922103992031e-05,2.16287025291581e-05,0.619186952206164,0.00488815679570915,0.0078944764231427,141.801339345005,229.012156731931
0.445,95,95.445,3700,14,0.66,1.35444090379153e-05,2.16311562778722e-05,0.626152798487737,0.00494370929883908,0.00789537204142336,140.207916497581,223.919651618913
0.45,95,95.45,3700,14,0.66,1.36966080009063e-05,2.16336372275697e-05,0.633116283536985,0.00499926192033079,0.00789627758806292,138.649903046905,218.995951695191
0.455,95,95.455,3700,14,0.66,1.38488072882251e-05,2.16361453692445e-05,0.640077382171363,0.00505481466020215,0.00789719305977424,137.126131649746,214.233677785281
0.46,95,95.46,3700,14,0.66,1.40010068998414e-05,2.16386806937925e-05,0.647036069248799,0.0051103675184421,0.00789811845323427,135.635485717718,209.625849568463
0.465,95,95.465,3700,14,0.66,1.41532068357724e-05,2.16412431920112e-05,0.653992319673993,0.00516592049505692,0.00789905376508408,134.176896687278,205.165859981603
0.47,95,95.47,3700,14,0.66,1.43054070959957e-05,2.16438328545996e-05,0.660946108394829,0.00522147359003844,0.00789999899192885,132.749341466044,200.847451524359
0.475,95,95.475,3700,14,0.66,1.44576076805366e-05,2.16464496721601e-05,0.667897410406786,0.00527702680339585,0.00790095413033845,131.351840038769,196.664694296042
0.48,95,95.48,3700,14,0.66,1.46098085893963e-05,2.16490936351964e-05,0.674846200750136,0.00533258013512964,0.0079019191768467,129.983453224392,192.611965629957
0.485,95,95.485,3700,14,0.66,1.47620098225604e-05,2.16517647341151e-05,0.68179245451069,0.00538813358523453,0.00790289412795203,128.64328057111,188.683931187585
0.49,95,95.49,3700,14,0.66,1.49142113800302e-05,2.16544629592251e-05,0.688736146821715,0.00544368715371103,0.00790387898011715,127.330458380111,184.875527395647
0.495,95,95.495,3700,14,0.66,1.50664132618231e-05,2.16571883007389e-05,0.695677252864311,0.00549924084056544,0.00790487372976969,126.044157849372,181.181945119538
0.5,95,95.5,3700,14,0.66,1.52186154679404e-05,2.16599407487715e-05,0.702615747866418,0.00555479464579825,0.00790587837330161,124.783583329089,177.59861447457
0.505,95,95.505,3700,14,0.66,1.53708179983756e-05,2.16627202933415e-05,0.709551607103567,0.00561034856940708,0.00790689290706967,123.547970680403,174.121190683695
0.51,95,95.51,3700,14,0.66,1.5523020853122e-05,2.16655269243707e-05,0.716484805899678,0.00566590261138953,0.00790791732739531,122.336585730681,170.74554090099
0.515,95,95.515,3700,14,0.66,1.56752240321811e-05,2.16683606316841e-05,0.723415319627844,0.00572145677174611,0.00790895163056469,121.148722818788,167.467731926263
0.52,95,95.52,3700,14,0.66,1.58274275355702e-05,2.16712214050117e-05,0.730343123711058,0.00577701105048312,0.00790999581282927,119.983703424278,164.284018742602
0.525,95,95.525,3700,14,0.66,1.59796313632906e-05,2.16741092339865e-05,0.737268193621236,0.00583256544760106,0.00791104987040507,118.84087487523,161.190833815195
0.53,95,95.53,3700,14,0.66,1.61318355153278e-05,2.1677024108146e-05,0.744190504879569,0.00588811996309464,0.0079121137994733,117.719609128963,158.184777092814
0.535,95,95.535,3700,14,0.66,1.62840399916832e-05,2.16799660169319e-05,0.751110033058422,0.00594367459696437,0.00791318759618015,116.619301620913,155.262606659712
0.54,95,95.54,3700,14,0.66,1.6436244792382e-05,2.16829349496911e-05,0.758026753782064,0.00599922934921944,0.00791427125663726,115.539370177626,152.421229991105
0.545,95,95.545,3700,14,0.66,1.65884499174018e-05,2.16859308956746e-05,0.764940642723826,0.00605478421985166,0.00791536477692123,114.479253990149,149.657695769057
0.55,95,95.55,3700,14,0.66,1.67406553667598e-05,2.16889538440385e-05,0.771851675610496,0.00611033920886734,0.00791646815307406,113.438412642304,146.969186213893
0.555,95,95.555,3700,14,0.66,1.68928611404257e-05,2.16920037838442e-05,0.778759828218691,0.00616589431625539,0.00791758138110314,112.416325192693,144.353009900152
0.56,95,95.56,3700,14,0.66,1.70450672384485e-05,2.1695080704059e-05,0.785665076381093,0.00622144954203369,0.00791870445698153,111.412489304441,141.806595015812
0.565,95,95.565,3700,14,0.66,1.71972736608057e-05,2.16981845935549e-05,0.79256739597993,0.00627700488619407,0.00791983737664755,110.426420422977,139.327483041926
0.57,95,95.57,3700,14,0.66,1.73494804074907e-05,2.17013154411102e-05,0.799466762951361,0.00633256034873412,0.00792098013600521,109.457650995542,136.913322814649
0.575,95,95.575,3700,14,0.66,1.75016874785051e-05,2.17044732354088e-05,0.806363153285504,0.00638811592965435,0.00792213273092422,108.505729732029,134.561864948721
0.58,95,95.58,3700,14,0.66,1.76538948738659e-05,2.17076579650416e-05,0.813256543027171,0.00644367162896107,0.00792329515724017,107.570220903964,132.270956595758
0.585,95,95.585,3700,14,0.66,1.78061025935747e-05,2.17108696185053e-05,0.820146908274812,0.00649922744665477,0.00792446741075445,106.650703679668,130.038536515378
0.59,95,95.59,3700,14,0.66,1.79583106376169e-05,2.17141081842031e-05,0.82703422518091,0.00655478338273017,0.00792564948723414,105.74677149304,127.86263043698
0.595,95,95.595,3700,14,0.66,1.81105190059939e-05,2.17173736504453e-05,0.833918469953778,0.00661033943718776,0.00792684138241255,104.858031443969,125.741346692778
0.6,95,95.6,3700,14,0.66,1.82627276987308e-05,2.17206660054496e-05,0.840799618858317,0.00666589561003676,0.00792804309198911,103.98410372888,123.67287210486
0.605,95,95.605,3700,14,0.66,1.84149367158054e-05,2.17239852373405e-05,0.847677648213121,0.00672145190126896,0.00792925461162929,103.124621099957,121.655468110243
0.61,95,95.61,3700,14,0.66,1.85671460572347e-05,2.17273313341501e-05,0.854552534394856,0.00677700831089067,0.00793047593696478,102.279228350075,119.68746710523
0.615,95,95.615,3700,14,0.66,1.87193557229885e-05,2.17307042838178e-05,0.861424253834619,0.00683256483889081,0.0079317070635935,101.447581823822,117.767268999253
0.62,95,95.62,3700,14,0.66,1.88715657131158e-05,2.1734104074192e-05,0.868292783024107,0.00688812148528725,0.00793294798708009,100.629348951014,115.893337959737
0.625,95,95.625,3700,14,0.66,1.9023776027594e-05,2.17375306930285e-05,0.8751580985091,0.00694367825007182,0.0079341987029554,99.8242078040952,114.064199341986
0.63,95,95.63,3700,14,0.66,1.91759866664168e-05,2.17409841279915e-05,0.88202017689382,0.00699923513324212,0.00793545920671689,99.0318466753483,112.278436785999
0.635,95,95.635,3700,14,0.66,1.93281976296012e-05,2.17444643666537e-05,0.888878994841651,0.00705479213480446,0.0079367294938286,98.2519636744985,110.53468947368
0.64,95,95.64,3700,14,0.66,1.94804089171171e-05,2.17479713964966e-05,0.895734529072224,0.00711034925474774,0.00793800955972127,97.4842663455828,108.831649536336
0.645,95,95.645,3700,14,0.66,1.96326205290133e-05,2.17515052049117e-05,0.902586756367557,0.00716590649308985,0.00793929939979278,96.7284713006447,107.168059600084
0.65,95,95.65,3700,14,0.66,1.97848324652595e-05,2.17550657791987e-05,0.9094356535652,0.00722146384981972,0.00794059900940753,95.9843038717488,105.542710466065
0.655,95,95.655,3700,14,0.66,1.9937044725873e-05,2.17586531065671e-05,0.916281197564368,0.00727702132494363,0.00794190838389699,95.2514977775353,103.954438911035
0.66,95,95.66,3700,14,0.66,2.00892573108313e-05,2.17622671741358e-05,0.923123365322299,0.00733257891845341,0.00794322751855958,94.5297948059649,102.402125606431
0.665,95,95.665,3700,14,0.66,2.02414702201596e-05,2.17659079689349e-05,0.929962133858551,0.00738813663035825,0.00794455640866125,93.8189445105504,100.884693144743
0.67,95,95.67,3700,14,0.66,2.03936834538593e-05,2.17695754779034e-05,0.93679748025217,0.00744369446065864,0.00794589504943473,93.1187039209308,99.4011041702043
0.675,95,95.675,3700,14,0.66,2.05458970119159e-05,2.17732696878911e-05,0.943629381642308,0.00749925240934932,0.00794724343608027,92.4288372659385,97.9503596052444
0.68,95,95.68,3700,14,0.66,2.06981108943309e-05,2.17769905856586e-05,0.950457815230071,0.00755481047643077,0.00794860156376538,91.7491157087794,96.5314969676695
0.685,95,95.685,3700,14,0.66,2.08503251011293e-05,2.17807381578777e-05,0.957282758279159,0.00761036866191219,0.00794996942762536,91.0793170939218,95.1435887737587
0.69,95,95.69,3700,14,0.66,2.10025396322888e-05,2.17845123911311e-05,0.964104188112987,0.0076659269657854,0.00795134702276285,90.4192257053326,93.78574102277
0.695,95,95.695,3700,14,0.66,2.11547544878266e-05,2.17883132719128e-05,0.970922082118999,0.0077214853880567,0.00795273434424816,89.7686320344632,92.4570917560621
0.7,95,95.7,3700,14,0.66,2.13069696677123e-05,2.17921407866278e-05,0.977736417745005,0.007777043928715,0.00795413138711916,89.1273325589244,91.1568096895507
0.705,95,95.705,3700,14,0.66,2.1459185171995e-05,2.17959949215949e-05,0.984547172505247,0.00783260258777818,0.00795553814638215,88.4951295296811,89.8840929119721
0.71,95,95.71,3700,14,0.66,2.16114010006443e-05,2.17998756630432e-05,0.991354323973579,0.00788816136523517,0.00795695461701078,87.8718307684214,88.6381676494945
0.715,95,95.715,3700,14,0.66,2.17636171536775e-05,2.18037829971147e-05,0.998157849789526,0.00794372026109227,0.00795838079394687,87.2572494722563,87.4182870882152
0.72,95,95.72,3700,14,0.66,2.1915833631072e-05,2.1807716909864e-05,1.00495772765461,0.00799927927534129,0.00795981667210036,86.6512040274244,86.2237302554529
0.725,95,95.725,3700,14,0.66,2.20680504328532e-05,2.18116773872592e-05,1.01175393533666,0.00805483840799141,0.00796126224634962,86.0535178300108,85.0538009534665
0.73,95,95.73,3700,14,0.66,2.22202675590224e-05,2.18156644151808e-05,1.01854645066689,0.00811039765904316,0.00796271751154099,85.4640191146584,83.9078267453597
0.735,95,95.735,3700,14,0.66,2.2372485009565e-05,2.18196779794229e-05,1.02533525154053,0.00816595702849124,0.00796418246248935,84.8825407899572,82.7851579884958
0.74,95,95.74,3700,14,0.66,2.25247027844826e-05,2.18237180656926e-05,1.03212031591867,0.00822151651633615,0.0079656570939778,84.3089202804206,81.6851669132963
0.745,95,95.745,3700,14,0.66,2.26769208837923e-05,2.18277846596124e-05,1.0389016218284,0.00827707612258419,0.00796714140075851,83.7429993749457,80.6072467454268
0.75,95,95.75,3700,14,0.66,2.28291393074955e-05,2.18318777467173e-05,1.04567914736185,0.00833263584723586,0.0079686353775518,83.1846240814518,79.5508108690114
0.755,95,95.755,3700,14,0.66,2.29813580555857e-05,2.18359973124577e-05,1.05245287067674,0.00838819569028878,0.00797013901904708,82.6336444871474,78.5152920282436
0.76,95,95.76,3700,14,0.66,2.31335771280563e-05,2.18401433421984e-05,1.05922276999706,0.00844375565174056,0.00797165231990243,82.0899146243133,77.5001415656322
0.765,95,95.765,3700,14,0.66,2.32857965249087e-05,2.18443158212186e-05,1.06598882361378,0.00849931573159169,0.00797317527474478,81.5532923413516,76.5048286949949
0.77,95,95.77,3700,14,0.66,2.34380162461602e-05,2.18485147347133e-05,1.07275100988542,0.00855487592984847,0.00797470787817037,81.0236391788586,75.5288398073965
0.775,95,95.775,3700,14,0.66,2.35902362918121e-05,2.1852740067793e-05,1.07950930723694,0.00861043624651141,0.00797625012474445,80.5008202506324,74.5716778085764
0.78,95,95.78,3700,14,0.66,2.37424566618499e-05,2.18569918054831e-05,1.08626369416005,0.00866599668157523,0.00797780200900134,79.9847041291448,73.6328614858043
0.785,95,95.785,3700,14,0.66,2.38946773562751e-05,2.18612699327253e-05,1.0930141492149,0.00872155723504042,0.00797936352544475,79.4751627352856,72.7119249026845
0.79,95,95.79,3700,14,0.66,2.40468983751128e-05,2.18655744343783e-05,1.09976065103073,0.00877711790691618,0.00798093466854809,78.9720712323757,71.8084168208424
0.795,95,95.795,3700,14,0.66,2.41991197183406e-05,2.1869905295216e-05,1.10650317830293,0.00883267869719433,0.00798251543275383,78.4753079244376,70.9219001474508
0.8,95,95.8,3700,14,0.66,2.43513413859758e-05,2.18742624999298e-05,1.11324170979725,0.00888823960588115,0.00798410581247439,77.9847541577643,70.0519514059236
0.805,95,95.805,3700,14,0.66,2.45035633779879e-05,2.18786460331278e-05,1.11997622434613,0.00894380063296559,0.00798570580209164,77.5002942267186,69.1981602305578
0.81,95,95.81,3700,14,0.66,2.4655785694426e-05,2.18830558793357e-05,1.12670670085473,0.0089993617784655,0.00798731539595754,77.0218152823428,68.3601288817341
0.815,95,95.815,3700,14,0.66,2.48080083352677e-05,2.18874920229965e-05,1.13343311829435,0.00905492304237271,0.00798893458839373,76.5492072452022,67.5374717834232
0.82,95,95.82,3700,14,0.66,2.49602313005064e-05,2.18919544484712e-05,1.14015545570667,0.00911048442468484,0.00799056337369198,76.0823627206765,66.7298150790502
0.825,95,95.825,3700,14,0.66,2.51124545901435e-05,2.18964431400377e-05,1.1468736922037,0.00916604592540237,0.00799220174611375,75.6211769176268,65.93679620667
0.83,95,95.83,3700,14,0.66,2.52646782041962e-05,2.19009580818945e-05,1.15358780696825,0.00922160754453162,0.00799384969989149,75.1655475699548,65.1580634919312
0.835,95,95.835,3700,14,0.66,2.5416902142666e-05,2.19054992581571e-05,1.16029777925291,0.00927716928207308,0.00799550722922735,74.7153748610971,64.3932757582323
0.84,95,95.84,3700,14,0.66,2.55691264055383e-05,2.191006665286e-05,1.16700358838026,0.00933273113802147,0.0079971743282939,74.2705613511215,63.6421019529213
0.845,95,95.845,3700,14,0.66,2.57213509928145e-05,2.19146602499572e-05,1.17370521374452,0.00938829311237729,0.00799885099123436,73.8310119063195,62.9042207887732
0.85,95,95.85,3700,14,0.66,2.58735759045198e-05,2.19192800333225e-05,1.18040263481218,0.00944385520514974,0.0080005372121627,73.3966336313556,62.1793204003091
0.855,95,95.855,3700,14,0.66,2.60258011406318e-05,2.1923925986749e-05,1.18709583111903,0.00949941741633062,0.00800223298516337,72.9673358040192,61.4670980145181
0.86,95,95.86,3700,14,0.66,2.61780267011678e-05,2.19285980939496e-05,1.19378478227437,0.00955497974592625,0.00800393830429161,72.5430298118076,60.7672596341866
0.865,95,95.865,3700,14,0.66,2.63302525860974e-05,2.19332963385572e-05,1.20046946795729,0.00961054219392554,0.00800565316357337,72.123629091193,60.0795197348233
0.87,95,95.87,3700,14,0.66,2.64824787954695e-05,2.19380207041267e-05,1.20714986792259,0.00966610476034636,0.00800737755700623,71.7090490683972,59.4036009727633
0.875,95,95.875,3700,14,0.66,2.66347053292618e-05,2.19427711741327e-05,1.21382596199427,0.00972166744518054,0.00800911147855845,71.2992071029511,58.7392339061601
0.88,95,95.88,3700,14,0.66,2.67869321874676e-05,2.19475477319712e-05,1.22049773006972,0.00977723024842569,0.0080108549221695,70.8940224325345,58.0861567259818
0.885,95,95.885,3700,14,0.66,2.69391593701044e-05,2.19523503609594e-05,1.22716515212028,0.0098327931700881,0.00801260788175019,70.4934161199015,57.4441149979724
0.89,95,95.89,3700,14,0.66,2.70913868771416e-05,2.19571790443356e-05,1.23382820818827,0.00988835621015669,0.00801437035118251,70.0973110018012,56.8128614150676
0.895,95,95.895,3700,14,0.66,2.72436147086283e-05,2.19620337652625e-05,1.24048687839283,0.00994391936864934,0.00801614232432082,69.7056316390962,56.1921555586358
0.9,95,95.9,3700,14,0.66,2.73958428645342e-05,2.19669145068224e-05,1.24714114292318,0.00999948264555498,0.00801792379499017,69.318304269278,55.5817636701509
0.905,95,95.905,3700,14,0.66,2.75480713448764e-05,2.19718212520212e-05,1.25379098204444,0.0100550460408799,0.00801971475698774,68.9352567598277,54.9814584305126
0.91,95,95.91,3700,14,0.66,2.77003001496327e-05,2.19767539837873e-05,1.26043637609393,0.0101106095546159,0.00802151520408235,68.5564185636557,54.3910187486899
0.915,95,95.915,3700,14,0.66,2.7852529278828e-05,2.19817126849731e-05,1.26707730548531,0.0101661731867722,0.00802332513001519,68.1817206755672,53.81022955774
0.92,95,95.92,3700,14,0.66,2.80047587324639e-05,2.19866973383539e-05,1.27371375070562,0.0102217369373493,0.00802514452849916,67.8110955905396,53.2388816191812
0.925,95,95.925,3700,14,0.66,2.81569885105259e-05,2.1991707926628e-05,1.28034569231582,0.0102773008063419,0.00802697339321922,67.4444772631561,52.6767713344402
0.93,95,95.93,3700,14,0.66,2.83092186130152e-05,2.19967444324183e-05,1.28697311095245,0.0103328647937506,0.00802881171783267,67.0818010682931,52.1237005632916
0.935,95,95.935,3700,14,0.66,2.84614490399572e-05,2.2001806838273e-05,1.29359598732807,0.0103884288995844,0.00803065949596964,66.7230037631269,51.5794764491683
0.94,95,95.94,3700,14,0.66,2.86136797913294e-05,2.20068951266629e-05,1.30021430222849,0.0104439931238352,0.00803251672123195,66.368023450537,51.0439112512348
0.945,95,95.945,3700,14,0.66,2.87659108671491e-05,2.20120092799854e-05,1.30682803651663,0.0104995574665094,0.00803438338719466,66.0167995433033,50.5168221821076
0.95,95,95.95,3700,14,0.66,2.89181422673858e-05,2.20171492805612e-05,1.31343717112903,0.0105551219275958,0.00803625948740484,65.6692727298344,49.9980312521422
0.955,95,95.955,3700,14,0.66,2.90703739920886e-05,2.20223151106384e-05,1.32004168708155,0.0106106865071124,0.00803814501538303,65.3253849404869,49.487365118683
0.96,95,95.96,3700,14,0.66,2.92226060412272e-05,2.20275067523903e-05,1.32664156546252,0.0106662512050479,0.00804003996462245,64.9850793155805,48.9846549417621
0.965,95,95.965,3700,14,0.66,2.93748384148187e-05,2.20327241879156e-05,1.33323678743866,0.0107218160214088,0.0080419443285892,64.6483001737673,48.4897362440515
0.97,95,95.97,3700,14,0.66,2.95270711128408e-05,2.20379673992392e-05,1.33982733425135,0.0107773809561869,0.0080438581007223,64.3149929818557,48.0024487765751
0.975,95,95.975,3700,14,0.66,2.96793041353187e-05,2.20432363683137e-05,1.34641318722061,0.0108329460093913,0.00804578127443452,63.98510432518,47.5226363886585
0.98,95,95.98,3700,14,0.66,2.98315374822536e-05,2.20485310770185e-05,1.3529943277422,0.0108885111810226,0.00804771384311176,63.6585818792216,47.0501469030188
0.985,95,95.985,3700,14,0.66,2.99837711536312e-05,2.20538515071593e-05,1.35957073728812,0.0109440764710754,0.00804965580011315,63.3353743819221,46.5848319950271
0.99,95,95.99,3700,14,0.66,3.01360051494529e-05,2.20591976404694e-05,1.36614239740823,0.0109996418795503,0.00805160713877134,63.0154316067864,46.1265470761582
0.995,95,95.995,3700,14,0.66,3.02882394697437e-05,2.20645694586116e-05,1.37270928973067,0.0110552074064565,0.00805356785239322,62.698704336848,45.6751511816094
1,95,96,3700,14,0.66,3.04404741144814e-05,2.20699669431748e-05,1.37927139595899,0.0111107730517857,0.0080555379342588,62.3851443395781,45.2305068620687
1.005,95,96.005,3700,14,0.66,3.05927090836831e-05,2.20753900756777e-05,1.38582869787608,0.0111663388155443,0.00805751737762237,62.0747043422179,44.7924800787813
1.01,95,96.01,3700,14,0.66,3.07449443773343e-05,2.20808388375669e-05,1.39238117734127,0.011221904697727,0.00805950617571192,61.7673380081673,44.360940102703
1.015,95,96.015,3700,14,0.66,3.08971799954365e-05,2.20863132102178e-05,1.39892881629255,0.0112774706983343,0.0080615043217295,61.4629999138302,43.9357594167799
1.02,95,96.02,3700,14,0.66,3.10494159380069e-05,2.20918131749373e-05,1.40547159674661,0.0113330368173725,0.00806351180885211,61.1616455262383,43.5168136217164
1.025,95,96.025,3700,14,0.66,3.12016522050469e-05,2.20973387129596e-05,1.41200950079784,0.0113886030548421,0.00806552863023024,60.8632311813905,43.1039813450266
1.03,95,96.03,3700,14,0.66,3.13538887965419e-05,2.21028898054494e-05,1.4185425106183,0.0114441694107378,0.00806755477898903,60.5677140631614,42.6971441530939
1.035,95,96.035,3700,14,0.66,3.15061257124934e-05,2.21084664335016e-05,1.42507060845936,0.0114997358850601,0.00806959024822807,60.2750521827591,42.2961864661024
1.04,95,96.04,3700,14,0.66,3.16583629529266e-05,2.2114068578143e-05,1.43159377665207,0.0115553024778182,0.0080716350310222,59.9852043588235,41.9009954758989
1.045,95,96.045,3700,14,0.66,3.18106005178191e-05,2.211969622033e-05,1.4381119976043,0.011610869189004,0.00807368912042043,59.6981301982446,41.511461066797
1.05,95,96.05,3700,14,0.66,3.1962838407188e-05,2.21253493409504e-05,1.44462525380469,0.0116664360186236,0.0080757525094469,59.4137900772306,41.1274757386064
1.055,95,96.055,3700,14,0.66,3.2115076621003e-05,2.21310279208226e-05,1.45113352781895,0.0117220029666661,0.00807782519110025,59.1321451232396,40.748934532658
1.06,95,96.06,3700,14,0.66,3.22673151593132e-05,2.21367319406992e-05,1.45763680229549,0.0117775700331493,0.0080799071583552,58.8531571970282,40.375734959728
1.065,95,96.065,3700,14,0.66,3.24195540220961e-05,2.21424613812629e-05,1.46413505995904,0.0118331372180651,0.00808199840416097,58.5767888757134,40.0077769310109
1.07,95,96.07,3700,14,0.66,3.25717932093452e-05,2.2148216223129e-05,1.4706282836146,0.011888704521411,0.00808409892144209,58.3030034358765,39.6449626907596
1.075,95,96.075,3700,14,0.66,3.27240327210617e-05,2.2153996446846e-05,1.47711645614715,0.0119442719431875,0.0080862087030988,58.0317648373105,39.2871967513504
1.08,95,96.08,3700,14,0.66,3.28762725572631e-05,2.21598020328959e-05,1.48359956052219,0.011999839483401,0.00808832774200702,57.763037707192,38.9343858304062
1.085,95,96.085,3700,14,0.66,3.30285127179507e-05,2.21656329616934e-05,1.49007757978446,0.012055407142052,0.00809045603101809,57.4967873247591,38.5864387900368
1.09,95,96.09,3700,14,0.66,3.31807532031099e-05,2.21714892135867e-05,1.49655049705803,0.0121109749191351,0.00809259356295914,57.2329796063557,38.2432665779512
1.095,95,96.095,3700,14,0.66,3.33329940127422e-05,2.21773707688574e-05,1.50301829554792,0.0121665428146509,0.00809474033063294,56.9715810908305,37.9047821703739
1.1,95,96.1,3700,14,0.66,3.34852351468728e-05,2.21832776077238e-05,1.50948095854032,0.0122221108286086,0.00809689632681917,56.7125589253765,37.570900516836
1.105,95,96.105,3700,14,0.66,3.36374766054792e-05,2.21892097103359e-05,1.51593846939986,0.0122776789609999,0.00809906154427261,56.4558808518882,37.2415384868742
1.11,95,96.11,3700,14,0.66,3.37897183885787e-05,2.2195167056781e-05,1.52239081157334,0.0123332472118312,0.00810123597572505,56.2015151934206,36.916614818069
1.115,95,96.115,3700,14,0.66,3.3941960496141e-05,2.22011496270791e-05,1.52883796858616,0.0123888155810914,0.00810341961388387,55.949430841304,36.5960500660806
1.12,95,96.12,3700,14,0.66,3.40942029282149e-05,2.22071574011889e-05,1.5352799240478,0.0124443840687984,0.00810561245143395,55.69959724225,36.2797665557931
1.125,95,96.125,3700,14,0.66,3.42464456847782e-05,2.2213190359002e-05,1.54171666164557,0.012499952674944,0.00810781448103573,55.4519843862568,35.9676883345539
1.13,95,96.13,3700,14,0.66,3.43986887658242e-05,2.22192484803479e-05,1.54814816514827,0.0125555213995258,0.00811002569532699,55.206562794447,35.6597411263667
1.135,95,96.135,3700,14,0.66,3.45509321713702e-05,2.2225331744992e-05,1.55457441840685,0.0126110902425501,0.00811224608692206,54.9633035073565,35.3558522876529
1.14,95,96.14,3700,14,0.66,3.47031759013859e-05,2.22314401326358e-05,1.56099540535125,0.0126666592040059,0.00811447564841208,54.7221780736578,35.0559507645344
1.145,95,96.145,3700,14,0.66,3.48554199559202e-05,2.22375736229202e-05,1.56741110999605,0.0127222282839109,0.00811671437236588,54.4831585388647,34.7599670510196
1.15,95,96.15,3700,14,0.66,3.50076643349428e-05,2.2243732195421e-05,1.57382151643371,0.0127777974822541,0.00811896225132868,54.2462174347803,34.4678331490236
1.155,95,96.155,3700,14,0.66,3.5159909038471e-05,2.22499158296527e-05,1.58022660884016,0.0128333667990419,0.00812121927782323,54.0113277687733,34.1794825290381
1.16,95,96.16,3700,14,0.66,3.53121540664822e-05,2.22561245050679e-05,1.58662637147098,0.012888936234266,0.0081234854443498,53.7784630136637,33.894850092404
1.165,95,96.165,3700,14,0.66,3.54643994190018e-05,2.2262358201058e-05,1.59302078866543,0.0129445057879357,0.00812576074338617,53.5475970976012,33.6138721343751
1.17,95,96.17,3700,14,0.66,3.56166450960311e-05,2.22686168969528e-05,1.59940984484334,0.0130000754600513,0.00812804516738776,53.3187043944442,33.33648630859
1.175,95,96.175,3700,14,0.66,3.57688910975555e-05,2.22749005720204e-05,1.60579352450556,0.0130556452506078,0.00813033870878745,53.0917597142644,33.0626315924471
1.18,95,96.18,3700,14,0.66,3.59211374235766e-05,2.22812092054691e-05,1.61217181223537,0.0131112151596055,0.00813264135999624,52.8667382940578,32.7922482534632
1.185,95,96.185,3700,14,0.66,3.60733840741194e-05,2.22875427764469e-05,1.61854469269897,0.0131667851870536,0.0081349531134031,52.6436157887266,32.5252778166673
1.19,95,96.19,3700,14,0.66,3.62256310491616e-05,2.22939012640411e-05,1.62491215064237,0.013222355332944,0.00813727396137499,52.4223682624036,32.2616630330936
1.195,95,96.195,3700,14,0.66,3.63778783487204e-05,2.23002846472799e-05,1.63127417089529,0.0132779255972829,0.00813960389625716,52.2029721797646,32.0013478489114
1.2,95,96.2,3700,14,0.66,3.65301259727654e-05,2.2306692905131e-05,1.63763073836744,0.0133334959800594,0.0081419429103728,51.9854043978089,31.7442773757613
1.205,95,96.205,3700,14,0.66,3.66823739213457e-05,2.23131260165051e-05,1.64398183805405,0.0133890664812912,0.00814429099602436,51.7696421575391,31.4903978615834
1.21,95,96.21,3700,14,0.66,3.68346221944308e-05,2.23195839602521e-05,1.65032745502908,0.0134446371009673,0.00814664814549202,51.555663076252,31.2396566627703
1.215,95,96.215,3700,14,0.66,3.69868707920381e-05,2.23260667151653e-05,1.65666757445074,0.0135002078390939,0.00814901435103532,51.3434451396169,30.9920022166425
1.22,95,96.22,3700,14,0.66,3.71391197141452e-05,2.2332574259977e-05,1.66300218155788,0.013555778695663,0.00815138960489161,51.132966694249,30.7473840150638
1.225,95,96.225,3700,14,0.66,3.72913689607771e-05,2.23391065733655e-05,1.66933126167359,0.0136113496706836,0.00815377389927841,50.9242064402223,30.5057525785314
1.23,95,96.23,3700,14,0.66,3.74436185319353e-05,2.23456636339491e-05,1.67565480020241,0.0136669207641564,0.00815616722639142,50.717143423984,30.267059431249
1.235,95,96.235,3700,14,0.66,3.75958684276053e-05,2.23522454202894e-05,1.68197278263056,0.0137224919760759,0.00815856957840564,50.5117570313316,30.0312570767837
1.24,95,96.24,3700,14,0.66,3.77481186477885e-05,2.23588519108908e-05,1.68828519452744,0.0137780633064428,0.00816098094747513,50.3080269805278,29.798298974368
1.245,95,96.245,3700,14,0.66,3.79003691925101e-05,2.23654830842026e-05,1.69459202154593,0.0138336347552662,0.00816340132573396,50.1059333156152,29.5681395159084
1.25,95,96.25,3700,14,0.66,3.80526200617477e-05,2.2372138918617e-05,1.70089324941935,0.0138892063225379,0.00816583070529522,49.9054563999947,29.3407340037544
1.255,95,96.255,3700,14,0.66,3.82048712555184e-05,2.23788193924706e-05,1.70718886396538,0.0139447780082642,0.00816826907825177,49.7065769099486,29.1160386288441
1.26,95,96.26,3700,14,0.66,3.83571227738079e-05,2.23855244840432e-05,1.71347885108296,0.0140003498124399,0.00817071643667576,49.5092758285265,28.8940104496973
1.265,95,96.265,3700,14,0.66,3.85093746166175e-05,2.23922541715606e-05,1.71976319675428,0.0140559217350654,0.00817317277261962,49.3135344394205,28.6746073718116
1.27,95,96.27,3700,14,0.66,3.86616267839644e-05,2.23990084331942e-05,1.72604188704487,0.014111493776147,0.00817563807811588,49.1193343210475,28.4577881276937
1.275,95,96.275,3700,14,0.66,3.881387927585e-05,2.24057872470603e-05,1.73231490810226,0.0141670659356853,0.00817811234517701,48.9266573408107,28.2435122574853
1.28,95,96.28,3700,14,0.66,3.896613209226e-05,2.24125905912202e-05,1.73858224615607,0.0142226382136749,0.00818059556579537,48.7354856494552,28.0317400900689
1.285,95,96.285,3700,14,0.66,3.91183852331955e-05,2.24194184436813e-05,1.74484388751934,0.0142782106101164,0.00818308773194366,48.5458016755151,27.8224327246452
1.29,95,96.29,3700,14,0.66,3.92706386986819e-05,2.24262707823989e-05,1.7510998185888,0.0143337831250189,0.00818558883557558,48.3575881199215,27.6155520128445
1.295,95,96.295,3700,14,0.66,3.94228924886967e-05,2.24331475852738e-05,1.75735002584193,0.0143893557583743,0.00818809886862494,48.1708279508308,27.4110605414267
1.3,95,96.3,3700,14,0.66,3.95751466032572e-05,2.24400488301545e-05,1.76359449584071,0.0144449285101889,0.00819061782300638,47.9855043983795,27.2089216152292
1.305,95,96.305,3700,14,0.66,3.97274010423409e-05,2.24469744948348e-05,1.76983321522829,0.0145005013804544,0.00819314569061469,47.8016009497613,27.0090992407979
1.31,95,96.31,3700,14,0.66,3.9879655805973e-05,2.24539245570597e-05,1.77606617073247,0.0145560743691801,0.00819568246332681,47.6191013442168,26.8115581102353
1.315,95,96.315,3700,14,0.66,4.00319108941549e-05,2.24608989945195e-05,1.78229334916304,0.0146116474763665,0.00819822813299961,47.4379895683268,26.6162635856794
1.32,95,96.32,3700,14,0.66,4.01841663068722e-05,2.24678977848536e-05,1.78851473741178,0.0146672207020083,0.00820078269147156,47.2582498513188,26.4231816840983
1.325,95,96.325,3700,14,0.66,4.03364220441261e-05,2.24749209056496e-05,1.79473032245407,0.014722794046106,0.0082033461305621,47.0798666604504,26.2322790624469
1.33,95,96.33,3700,14,0.66,4.0488678105934e-05,2.24819683344456e-05,1.80094009134866,0.0147783675086659,0.00820591844207263,46.9028246965363,26.0435230032624
1.335,95,96.335,3700,14,0.66,4.06409344922973e-05,2.24890400487276e-05,1.80714403123652,0.0148339410896885,0.00820849961778559,46.7271088896107,25.8568814006696
1.34,95,96.34,3700,14,0.66,4.07931912032014e-05,2.24961360259312e-05,1.81334212934076,0.0148895147891685,0.00821108964946487,46.5527043946509,25.6723227467147
1.345,95,96.345,3700,14,0.66,4.09454482386478e-05,2.25032562434418e-05,1.81953437296794,0.0149450886071064,0.00821368852885627,46.3795965873599,25.4898161180147
1.35,95,96.35,3700,14,0.66,4.10977055986616e-05,2.25104006785968e-05,1.82572074950837,0.0150006625435115,0.00821629624768785,46.20777106007,25.3093311627821
1.355,95,96.355,3700,14,0.66,4.12499632832203e-05,2.25175693086827e-05,1.83190124643313,0.0150562365983754,0.0082189127976692,46.0372136178264,25.1308380882784
1.36,95,96.36,3700,14,0.66,4.14022212923414e-05,2.25247621109365e-05,1.83807585129786,0.0151118107717046,0.00822153817049183,45.8679102743793,24.9543076483988
1.365,95,96.365,3700,14,0.66,4.15544796259944e-05,2.25319790625464e-05,1.84424455173882,0.0151673850634879,0.00822417235782944,45.6998472484582,24.779711131786
1.37,95,96.37,3700,14,0.66,4.17067382842282e-05,2.25392201406543e-05,1.85040733547835,0.0152229594737433,0.00822681535133883,45.533010959892,24.6070203499929
1.375,95,96.375,3700,14,0.66,4.18589972670206e-05,2.25464853223519e-05,1.85656419031852,0.0152785340024625,0.00822946714265845,45.3673880261174,24.436207626268
1.38,95,96.38,3700,14,0.66,4.20112565743648e-05,2.25537745846839e-05,1.86271510414467,0.0153341086496432,0.00823212772340961,45.202965258504,24.2672457843522
1.385,95,96.385,3700,14,0.66,4.21635162062783e-05,2.25610879046465e-05,1.86886006492597,0.0153896834152916,0.00823479708519597,45.0397296588452,24.1001081376466
1.39,95,96.39,3700,14,0.66,4.23157761627306e-05,2.25684252591899e-05,1.87499906071202,0.0154452582993967,0.00823747521960431,44.8776684160097,23.9347684787466
1.395,95,96.395,3700,14,0.66,4.24680364437707e-05,2.25757866252172e-05,1.88113207963853,0.0155008333019763,0.00824016211820429,44.7167689024546,23.7712010690111
1.4,95,96.4,3700,14,0.66,4.26202970493682e-05,2.25831719795852e-05,1.88725910992026,0.0155564084230194,0.00824285777254861,44.5570186711137,23.6093806287131
1.405,95,96.405,3700,14,0.66,4.27725579795405e-05,2.25905812991035e-05,1.89338013985669,0.0156119836625323,0.00824556217417277,44.3984054520537,23.4492823271159
1.41,95,96.41,3700,14,0.66,4.2924819234265e-05,2.25980145605362e-05,1.899495157828,0.0156675590205067,0.0082482753145957,44.2409171494238,23.2908817730347
1.415,95,96.415,3700,14,0.66,4.30770808135671e-05,2.26054717406037e-05,1.90560415229878,0.015723134496952,0.00825099718532033,44.0845418382903,23.1341550054401
1.42,95,96.42,3700,14,0.66,4.3229342717448e-05,2.2612952815978e-05,1.91170711181526,0.0157787100918685,0.00825372777783197,43.929267761701,22.9790784844589
1.425,95,96.425,3700,14,0.66,4.33816049458933e-05,2.26204577632881e-05,1.91780402500516,0.015834285805251,0.00825646708360017,43.7750833277293,22.8256290825187
1.43,95,96.43,3700,14,0.66,4.35338674989043e-05,2.26279865591184e-05,1.92389488057927,0.0158898616371001,0.00825921509407821,43.6219771065575,22.6737840756785
1.435,95,96.435,3700,14,0.66,4.36861303765063e-05,2.26355391800088e-05,1.92997966733167,0.0159454375874248,0.00826197180070321,43.4699378276447,22.5235211351967
1.44,95,96.44,3700,14,0.66,4.38383935786769e-05,2.2643115602455e-05,1.93605837413663,0.0160010136562171,0.00826473719489608,43.3189543770328,22.3748183193859
1.445,95,96.445,3700,14,0.66,4.39906571054332e-05,2.26507158029091e-05,1.94213098995235,0.0160565898434831,0.00826751126806181,43.1690157945507,22.2276540655014
1.45,95,96.45,3700,14,0.66,4.41429209567449e-05,2.26583397577792e-05,1.94819750381709,0.0161121661492119,0.00827029401158942,43.0201112712489,22.0820071820028
1.455,95,96.455,3700,14,0.66,4.42951851326611e-05,2.26659874434335e-05,1.95425790485443,0.0161677425734213,0.00827308541685321,42.872230146677,21.9378568407891
1.46,95,96.46,3700,14,0.66,4.44474496331513e-05,2.26736588361935e-05,1.9603121822668,0.0162233191161002,0.00827588547521062,42.7253619064952,21.7951825698955
1.465,95,96.465,3700,14,0.66,4.45997144582329e-05,2.26813539123404e-05,1.96636032534051,0.016278895777255,0.00827869417800425,42.5794961798586,21.6539642460927
1.47,95,96.47,3700,14,0.66,4.47519796078834e-05,2.26890726481125e-05,1.97240232344209,0.0163344725568774,0.00828151151656106,42.4346227370595,21.5141820878642
1.475,95,96.475,3700,14,0.66,4.49042450821279e-05,2.26968150197085e-05,1.97843816602179,0.0163900494549767,0.0082843374821936,42.2907314870534,21.3758166483873
1.48,95,96.48,3700,14,0.66,4.50565108809679e-05,2.27045810032831e-05,1.98446784261083,0.0164456264715533,0.00828717206619832,42.1478124751837,21.2388488088236
1.485,95,96.485,3700,14,0.66,4.52087770043889e-05,2.27123705749511e-05,1.99049134282128,0.016501203606602,0.00829001525985717,42.0058558808779,21.1032597717003
1.49,95,96.49,3700,14,0.66,4.53610434523923e-05,2.27201837107865e-05,1.99650865634757,0.0165567808601232,0.00829286705443707,41.8648520153686,20.969031054419
1.495,95,96.495,3700,14,0.66,4.55133102250033e-05,2.27280203868228e-05,2.00251977296671,0.0166123582321262,0.00829572744119032,41.7247913194821,20.8361444829417
1.5,95,96.5,3700,14,0.66,4.56655773221993e-05,2.27358805790538e-05,2.00852468253507,0.0166679357226028,0.00829859641135462,41.5856643615439,20.7045821856947
1.505,95,96.505,3700,14,0.66,4.58178447439978e-05,2.27437642634327e-05,2.01452337499222,0.0167235133315592,0.00830147395615294,41.4474618351813,20.5743265874696
1.51,95,96.51,3700,14,0.66,4.59701124903842e-05,2.27516714158735e-05,2.02051584035762,0.0167790910589902,0.00830436006679384,41.3101745573136,20.4453604036095
1.515,95,96.515,3700,14,0.66,4.61223805613598e-05,2.27596020122509e-05,2.02650206873272,0.0168346689048963,0.00830725473447158,41.1737934660743,20.3176666342229
1.52,95,96.52,3700,14,0.66,4.6274648956942e-05,2.27675560284017e-05,2.03248205030071,0.0168902468692838,0.00831015795036661,41.0383096188182,20.1912285585728
1.525,95,96.525,3700,14,0.66,4.64269176771321e-05,2.27755334401226e-05,2.03845577532529,0.0169458249521532,0.00831306970564476,40.9037141901947,20.0660297296209
1.53,95,96.53,3700,14,0.66,4.65791867219157e-05,2.27835342231739e-05,2.04442323415033,0.0170014031534992,0.00831598999145846,40.7699984702311,19.9420539686712
1.535,95,96.535,3700,14,0.66,4.67314560912941e-05,2.27915583532756e-05,2.05038441720147,0.0170569814733223,0.00831891879894558,40.6371538624257,19.8192853601037
1.54,95,96.54,3700,14,0.66,4.68837257852925e-05,2.27996058061128e-05,2.05633931498599,0.0171125599116318,0.00832185611923117,40.5051718818994,19.6977082462557
1.545,95,96.545,3700,14,0.66,4.70359958038885e-05,2.28076765573318e-05,2.06228791808993,0.0171681384684193,0.00832480194342612,40.3740441536504,19.5773072224776
1.55,95,96.55,3700,14,0.66,4.71882661470994e-05,2.28157705825421e-05,2.06823021718172,0.0172237171436913,0.00832775626262787,40.2437624107078,19.4580671321716
1.555,95,96.555,3700,14,0.66,4.73405368149026e-05,2.28238878573158e-05,2.07416620300859,0.0172792959374395,0.00833071906792027,40.1143184924617,19.3399730620794
1.56,95,96.56,3700,14,0.66,4.74928078073235e-05,2.28320283571908e-05,2.08009586640015,0.0173348748496731,0.00833369035037464,39.9857043428852,19.2230103375405
1.565,95,96.565,3700,14,0.66,4.76450791243634e-05,2.28401920576669e-05,2.08601919826546,0.0173904538803926,0.00833667010104841,39.8579120089243,19.1071645179806
1.57,95,96.57,3700,14,0.66,4.77973507660078e-05,2.28483789342093e-05,2.09193618959305,0.0174460330295928,0.00833965831098639,39.7309336388504,18.9924213924419
1.575,95,96.575,3700,14,0.66,4.79496227322581e-05,2.28565889622467e-05,2.09784683145235,0.0175016122972742,0.00834265497122005,39.6047614806265,18.8787669751885
1.58,95,96.58,3700,14,0.66,4.81018950231316e-05,2.28648221171749e-05,2.10375111499336,0.017557191683443,0.00834566007276883,39.4793878803297,18.7661875014404
1.585,95,96.585,3700,14,0.66,4.82541676386295e-05,2.28730783743526e-05,2.10964903144548,0.0176127711880998,0.00834867360663871,39.3548052806293,18.6546694232189
1.59,95,96.59,3700,14,0.66,4.84064405787376e-05,2.2881357709105e-05,2.11554057211717,0.0176683508112392,0.00835169556382332,39.2310062192686,18.5441994052647
1.595,95,96.595,3700,14,0.66,4.8558713843457e-05,2.28896600967227e-05,2.12142572839732,0.0177239305528618,0.00835472593530379,39.1079833275484,18.4347643210179
1.6,95,96.6,3700,14,0.66,4.87109874328131e-05,2.28979855124647e-05,2.12730449175526,0.0177795104129768,0.00835776471204963,38.9857293288591,18.326351248707
1.605,95,96.605,3700,14,0.66,4.88632613467834e-05,2.29063339315531e-05,2.13317685373804,0.0178350903915759,0.00836081188501687,38.8642370373037,18.2189474675766
1.61,95,96.61,3700,14,0.66,4.90155355853852e-05,2.29147053291784e-05,2.13904280597365,0.0178906704886656,0.00836386744515012,38.7434993562192,18.1125404540859
1.615,95,96.615,3700,14,0.66,4.9167810148588e-05,2.29230996804981e-05,2.14490234016728,0.0179462507042346,0.00836693138338179,38.6235092768647,18.0071178783145
1.62,95,96.62,3700,14,0.66,4.93200850364409e-05,2.29315169606382e-05,2.15075544810657,0.0180018310383009,0.00837000369063296,38.5042598769645,17.9026676002899
1.625,95,96.625,3700,14,0.66,4.94723602489215e-05,2.29399571446904e-05,2.15660212165532,0.0180574114908564,0.008373084357812,38.3857443194962,17.7991776665938
1.63,95,96.63,3700,14,0.66,4.96246357860233e-05,2.2948420207716e-05,2.16244235275672,0.0181129920618985,0.00837617337581634,38.2679558513147,17.6966363068731
1.635,95,96.635,3700,14,0.66,4.97769116477634e-05,2.29569061247438e-05,2.16827613343385,0.0181685727514336,0.00837927073553148,38.1508878018638,17.5950319304788
1.64,95,96.64,3700,14,0.66,4.99291878341115e-05,2.29654148707701e-05,2.17410345578648,0.0182241535594507,0.0083823764278311,38.0345335819722,17.4943531232341
1.645,95,96.645,3700,14,0.66,5.00814643451166e-05,2.29739464207635e-05,2.17992431199604,0.0182797344859676,0.00838549044357867,37.9188866825193,17.3945886441347
1.65,95,96.65,3700,14,0.66,5.02337411807484e-05,2.29825007496589e-05,2.18573869431916,0.0183353155309732,0.00838861277362548,37.8039406733436,17.2957274223117
1.655,95,96.655,3700,14,0.66,5.03860183410242e-05,2.29910778323619e-05,2.1915465950927,0.0183908966944738,0.0083917434088121,37.6896892019531,17.1977585538668
1.66,95,96.66,3700,14,0.66,5.05382958259214e-05,2.29996776437472e-05,2.19734800673004,0.0184464779764613,0.00839488233996772,37.5761259924219,17.1006712989175
1.665,95,96.665,3700,14,0.66,5.06905736354652e-05,2.30083001586608e-05,2.20314292172446,0.0185020593769448,0.0083980295579112,37.4632448441749,17.004455078589
1.67,95,96.67,3700,14,0.66,5.08428517696572e-05,2.30169453519184e-05,2.20893133264617,0.0185576408959249,0.00840118505345022,37.3510396309132,16.9090994721727
1.675,95,96.675,3700,14,0.66,5.09951302284827e-05,2.30256131983069e-05,2.21471323214239,0.0186132225333962,0.00840434881738202,37.2395042994993,16.8145942142929
1.68,95,96.68,3700,14,0.66,5.11474090119432e-05,2.30343036725827e-05,2.22048861293875,0.0186688042893593,0.00840752084049269,37.1286328688453,16.7209291921144
1.685,95,96.685,3700,14,0.66,5.12996881200639e-05,2.30430167494762e-05,2.22625746783914,0.0187243861638233,0.00841070111355881,37.0184194288382,16.6280944426294
1.69,95,96.69,3700,14,0.66,5.14519675528222e-05,2.30517524036884e-05,2.23201978972278,0.0187799681567801,0.00841388962734627,36.9088581393414,16.5360801500445
1.695,95,96.695,3700,14,0.66,5.16042473102356e-05,2.30605106098908e-05,2.23777557154793,0.018835550268236,0.00841708637261014,36.7999432291001,16.4448766431231
1.7,95,96.7,3700,14,0.66,5.17565273922736e-05,2.30692913427286e-05,2.24352480634768,0.0188911324981799,0.00842029134009595,36.6916689947905,16.3544743926956
1.705,95,96.705,3700,14,0.66,5.19088077989852e-05,2.30780945768203e-05,2.24926748723539,0.0189467148466296,0.00842350452053941,36.5840297999338,16.2648640090823
1.71,95,96.71,3700,14,0.66,5.20610885303401e-05,2.3086920286756e-05,2.2550036073978,0.0190022973135741,0.00842672590466594,36.4770200740308,16.1760362397487
1.715,95,96.715,3700,14,0.66,5.22133695863555e-05,2.30957684470991e-05,2.26073316010031,0.0190578798990198,0.00842995548319118,36.3706343115111,16.0879819668312
1.72,95,96.72,3700,14,0.66,5.2365650967009e-05,2.3104639032386e-05,2.26645613868312,0.0191134626029583,0.0084331932468209,36.26486707085,16.0006922048449
1.725,95,96.725,3700,14,0.66,5.25179326723258e-05,2.31135320171289e-05,2.27217253656455,0.0191690454253989,0.00843643918625205,36.1597129735802,15.9141580983337
1.73,95,96.73,3700,14,0.66,5.26702147023073e-05,2.31224473758125e-05,2.27788234723819,0.0192246283663422,0.00843969329217156,36.0551667034295,15.828370919659
1.735,95,96.735,3700,14,0.66,5.2822497056939e-05,2.31313850828953e-05,2.28358556427297,0.0192802114257827,0.00844295555525679,35.9512230054192,15.7433220667888
1.74,95,96.74,3700,14,0.66,5.29747797362222e-05,2.31403451128117e-05,2.28928218131426,0.0193357946037211,0.00844622596617625,35.8478766849619,15.6590030611176
1.745,95,96.745,3700,14,0.66,5.31270627401822e-05,2.31493274399707e-05,2.2949721920841,0.0193913779001665,0.00844950451558931,35.7451226069909,15.5754055453413
1.75,95,96.75,3700,14,0.66,5.32793460687966e-05,2.3158332038757e-05,2.30065559037801,0.0194469613151107,0.00845279119414631,35.6429556951581,15.4925212814238
1.755,95,96.755,3700,14,0.66,5.34316297220825e-05,2.31673588835295e-05,2.30633237006869,0.0195025448485601,0.00845608599248826,35.5413709309388,15.4103421485084
1.76,95,96.76,3700,14,0.66,5.35839137000256e-05,2.31764079486245e-05,2.3120025251025,0.0195581285005093,0.00845938890124795,35.4403633528583,15.3288601409668
1.765,95,96.765,3700,14,0.66,5.37361980026271e-05,2.31854792083526e-05,2.31766604950174,0.0196137122709589,0.00846269991104869,35.3399280556519,15.2480673664135
1.77,95,96.77,3700,14,0.66,5.38884826299044e-05,2.31945726370031e-05,2.32332293736399,0.0196692961599151,0.00846601901250613,35.2400601894713,15.1679560437923
1.775,95,96.775,3700,14,0.66,5.40407675818589e-05,2.32036882088408e-05,2.32897318286103,0.0197248801673785,0.00846934619622688,35.1407549591246,15.0885185015123
1.78,95,96.78,3700,14,0.66,5.4193052858476e-05,2.32128258981066e-05,2.33461678023856,0.0197804642933437,0.00847268145280893,35.0420076233091,15.0097471756064
1.785,95,96.785,3700,14,0.66,5.43453384597571e-05,2.32219856790202e-05,2.34025372381722,0.0198360485378113,0.00847602477284237,34.9438134938354,14.9316346079083
1.79,95,96.79,3700,14,0.66,5.44976243857275e-05,2.3231167525779e-05,2.34588400799283,0.0198916329007905,0.00847937614690935,34.8461679348807,14.8541734442768
1.795,95,96.795,3700,14,0.66,5.46499106363646e-05,2.3240371412557e-05,2.35150762723339,0.0199472173822731,0.00848273556558331,34.7490663623057,14.7773564328979
1.8,95,96.8,3700,14,0.66,5.48021972116858e-05,2.32495973135078e-05,2.35712457608228,0.0200028019822653,0.00848610301943035,34.6525042428804,14.7011764225357
1.805,95,96.805,3700,14,0.66,5.49544841116687e-05,2.32588452027602e-05,2.36273484915524,0.0200583867007591,0.00848947849900748,34.5564770936296,14.6256263609033
1.81,95,96.81,3700,14,0.66,5.51067713363383e-05,2.32681150544279e-05,2.36833844114294,0.0201139715377635,0.00849286199486619,34.4609804810839,14.5506992929834
1.815,95,96.815,3700,14,0.66,5.52590588856962e-05,2.32774068425975e-05,2.37393534680902,0.0201695564932791,0.00849625349754807,34.3660100206425,14.476388359454
1.82,95,96.82,3700,14,0.66,5.54113467597278e-05,2.32867205413381e-05,2.37952556098927,0.0202251415673007,0.0084996529975884,34.2715613758968,14.4026867951142
1.825,95,96.825,3700,14,0.66,5.55636349584345e-05,2.32960561246964e-05,2.38510907859339,0.0202807267598286,0.00850306048551418,34.1776302579505,14.3295879273189
1.83,95,96.83,3700,14,0.66,5.57159234818336e-05,2.33054135667027e-05,2.3906858946042,0.0203363120708693,0.0085064759518465,34.0842124247711,14.2570851744679
1.835,95,96.835,3700,14,0.66,5.58682123299264e-05,2.33147928413633e-05,2.39625600407692,0.0203918975004232,0.0085098993870976,33.9913036805703,14.1851720445305
1.84,95,96.84,3700,14,0.66,5.60205015026985e-05,2.33241939226673e-05,2.4018194021383,0.020447483048485,0.00851333078177357,33.8988998751757,14.113842133591
1.845,95,96.845,3700,14,0.66,5.61727910001513e-05,2.33336167845827e-05,2.40737608398825,0.0205030687150552,0.0085167701263727,33.806996903394,14.0430891243991
1.85,95,96.85,3700,14,0.66,5.63250808223099e-05,2.33430614010623e-05,2.41292604489943,0.0205586545001431,0.00852021741138775,33.7155907043975,13.9729067849665
1.855,95,96.855,3700,14,0.66,5.64773709691518e-05,2.33525277460356e-05,2.41846928021484,0.0206142404037404,0.00852367262730301,33.6246772611701,13.9032889672195
1.86,95,96.86,3700,14,0.66,5.66296614406945e-05,2.33620157934161e-05,2.42400578535067,0.0206698264258535,0.00852713576459689,33.5342525998655,13.8342296056089
1.865,95,96.865,3700,14,0.66,5.67819522369154e-05,2.33715255170985e-05,2.42953555579305,0.0207254125664741,0.00853060681374096,33.4443127892757,13.7657227158212
1.87,95,96.87,3700,14,0.66,5.69342433578398e-05,2.33810568909608e-05,2.43505858710137,0.0207809988256115,0.00853408576520069,33.3548539402099,13.6977623934357
1.875,95,96.875,3700,14,0.66,5.7086534803469e-05,2.33906098888622e-05,2.44057487490532,0.0208365852032662,0.00853757260943471,33.265872204976,13.6303428126812
1.88,95,96.88,3700,14,0.66,5.72388265737885e-05,2.34001844846448e-05,2.44608441490487,0.0208921716994328,0.00854106733689535,33.1773637768238,13.5634582251791
1.885,95,96.885,3700,14,0.66,5.73911186688156e-05,2.34097806521334e-05,2.4515872028722,0.0209477583141177,0.0085445699380287,33.0893248893749,13.4971029586908
1.89,95,96.89,3700,14,0.66,5.75434110885199e-05,2.34193983651363e-05,2.45708323464803,0.0210033450473098,0.00854808040327476,33.001751816134,13.4312714159484
1.895,95,96.895,3700,14,0.66,5.76957038329505e-05,2.34290375974475e-05,2.46257250614666,0.0210589318990269,0.00855159872306832,32.9146408698901,13.3659580734107
1.9,95,96.9,3700,14,0.66,5.7847996902077e-05,2.34386983228407e-05,2.46805501334965,0.0211145188692581,0.00855512488783684,32.8279884022903,13.3011574801714
1.905,95,96.905,3700,14,0.66,5.80002902959166e-05,2.3448380515076e-05,2.4735307523104,0.0211701059580095,0.00855865888800275,32.7417908032576,13.2368642567614
1.91,95,96.91,3700,14,0.66,5.81525840144469e-05,2.34580841478975e-05,2.4789997191505,0.0212256931652731,0.0085622007139826,32.656044500539,13.1730730940661
1.915,95,96.915,3700,14,0.66,5.83048780576931e-05,2.34678091950348e-05,2.48446191006312,0.021281280491058,0.00856575035618771,32.5707459591632,13.1097787521869
1.92,95,96.92,3700,14,0.66,5.84571724256565e-05,2.34775556302019e-05,2.4899173213099,0.0213368679353646,0.0085693078050237,32.4858916809947,13.0469760593916
1.925,95,96.925,3700,14,0.66,5.86094671183228e-05,2.34873234270962e-05,2.49536594922126,0.0213924554981878,0.00857287305089013,32.4014782042511,12.9846599110494
1.93,95,96.93,3700,14,0.66,5.87617621356933e-05,2.34971125594024e-05,2.50080779019717,0.0214480431795281,0.00857644608418187,32.3175021030146,12.9228252685771
1.935,95,96.935,3700,14,0.66,5.89140574777932e-05,2.35069230007912e-05,2.5062428407074,0.0215036309793945,0.00858002689528879,32.2339599867642,12.8614671584123
1.94,95,96.94,3700,14,0.66,5.90663531446e-05,2.35167547249184e-05,2.51167109728849,0.021559218897779,0.00858361547459521,32.150848499959,12.8005806710393
1.945,95,96.945,3700,14,0.66,5.9218649136131e-05,2.35266077054264e-05,2.51709255654703,0.0216148069346878,0.00858721181248065,32.0681643215407,12.7401609599657
1.95,95,96.95,3700,14,0.66,5.93709454523558e-05,2.3536481915942e-05,2.52250721515615,0.0216703950901099,0.00859081589931882,31.9859041645387,12.6802032407898
1.955,95,96.955,3700,14,0.66,5.95232420933236e-05,2.35463773300825e-05,2.52791506985992,0.0217259833640631,0.00859442772548013,31.9040647755663,12.6207027901987
1.96,95,96.96,3700,14,0.66,5.96755390590038e-05,2.35562939214503e-05,2.53331611746716,0.0217815717565364,0.00859804728132938,31.822642934477,12.5616549450977
1.965,95,96.965,3700,14,0.66,5.98278363494137e-05,2.35662316636349e-05,2.53871035485636,0.021837160267536,0.00860167455722673,31.7416354538738,12.5030551016403
1.97,95,96.97,3700,14,0.66,5.9980133964531e-05,2.35761905302126e-05,2.54409777897185,0.0218927488970538,0.00860530954352761,31.6610391787403,12.4448987143629
1.975,95,96.975,3700,14,0.66,6.01324319043808e-05,2.35861704947503e-05,2.54947838682693,0.021948337645099,0.00860895223058384,31.5808509859845,12.3871812952648
1.98,95,96.98,3700,14,0.66,6.02847301689645e-05,2.35961715308001e-05,2.55485217550121,0.022003926511672,0.00861260260874205,31.5010677840731,12.3298984129652
1.985,95,96.985,3700,14,0.66,6.04370287582676e-05,2.36061936119042e-05,2.56021914214032,0.0220595154967677,0.00861626066834503,31.4216865126303,12.2730456918473
1.99,95,96.99,3700,14,0.66,6.05893276722915e-05,2.36162367115918e-05,2.56557928395729,0.0221151046003864,0.00861992639973099,31.3427041420294,12.2166188112046
1.995,95,96.995,3700,14,0.66,6.07416269110615e-05,2.36263008033828e-05,2.57093259823241,0.0221706938225374,0.00862359979323472,31.2641176730036,12.1606135044142
2,95,97,3700,14,0.66,6.0893926474555e-05,2.36363858607859e-05,2.57627908231019,0.0222262831632126,0.00862728083918684,31.1859241363034,12.1050255581544
2.005,95,97.005,3700,14,0.66,6.10462263627893e-05,2.36464918572983e-05,2.58161873360288,0.0222818726224181,0.00863096952791387,31.1081205922774,12.0498508115732
2.01,95,97.01,3700,14,0.66,6.11985265757499e-05,2.36566187664063e-05,2.58695154958726,0.0223374622001487,0.00863466584973831,31.0307041305404,11.9950851555342
2.015,95,97.015,3700,14,0.66,6.13508271134383e-05,2.36667665615875e-05,2.59227752780619,0.022393051896405,0.00863836979497945,30.9536718695867,11.9407245318299
2.02,95,97.02,3700,14,0.66,6.15031279758716e-05,2.36769352163094e-05,2.59759666586857,0.0224486417111931,0.00864208135395295,30.877020956432,11.8867649324255
2.025,95,97.025,3700,14,0.66,6.16554291630514e-05,2.36871247040307e-05,2.60290896144772,0.0225042316445137,0.00864580051697122,30.800748566278,11.8332023987296
2.03,95,97.03,3700,14,0.66,6.1807730674963e-05,2.36973349981982e-05,2.60821441228148,0.0225598216963615,0.00864952727434235,30.7248519021646,11.7800330208622
2.035,95,97.035,3700,14,0.66,6.19600325116078e-05,2.37075660722503e-05,2.61351301617301,0.0226154118667369,0.00865326161637137,30.6493281946122,11.7272529369271
2.04,95,97.04,3700,14,0.66,6.21123346730112e-05,2.37178178996208e-05,2.61880477099051,0.0226710021556491,0.0086570035333616,30.5741747012815,11.6748583323061
2.045,95,97.045,3700,14,0.66,6.22646371591505e-05,2.37280904537289e-05,2.62408967466514,0.0227265925630899,0.00866075301561105,30.4993887066766,11.6228454389878
2.05,95,97.05,3700,14,0.66,6.24169399700432e-05,2.3738383707989e-05,2.6293677251934,0.0227821830890658,0.00866451005341599,30.4249675217745,11.5712105348584
2.055,95,97.055,3700,14,0.66,6.25692431056667e-05,2.37486976358051e-05,2.63463892063425,0.0228377737335683,0.00866827463706886,30.3509084837423,11.5199499430593
2.06,95,97.06,3700,14,0.66,6.27215465660462e-05,2.37590322105776e-05,2.63990325911181,0.0228933644966069,0.00867204675686081,30.2772089555766,11.4690600312995
2.065,95,97.065,3700,14,0.66,6.28738503511833e-05,2.3769387405695e-05,2.64516073881312,0.0229489553781819,0.00867582640307867,30.2038663258257,11.4185372112313
2.07,95,97.07,3700,14,0.66,6.30261544610632e-05,2.37797631945397e-05,2.65041135798758,0.0230045463782881,0.008679613566007,30.1308780082768,11.3683779378137
2.075,95,97.075,3700,14,0.66,6.31784588956876e-05,2.37901595504866e-05,2.65565511494837,0.023060137496926,0.0086834082359276,30.0582414416369,11.3185787086744
2.08,95,97.08,3700,14,0.66,6.33307636550735e-05,2.38005764469071e-05,2.66089200807165,0.0231157287341018,0.00868721040312109,29.9859540892332,11.2691360634977
2.085,95,97.085,3700,14,0.66,6.34830687392224e-05,2.38110138571613e-05,2.66612203579603,0.0231713200898162,0.00869102005786388,29.914013438733,11.2200465834271
2.09,95,97.09,3700,14,0.66,6.36353741481198e-05,2.38214717546061e-05,2.67134519662142,0.0232269115640637,0.00869483719043121,29.8424170018527,11.1713068904745
2.095,95,97.095,3700,14,0.66,6.37876798817671e-05,2.38319501125895e-05,2.67656148911081,0.023282503156845,0.00869866179109516,29.7711623140557,11.1229136469217
2.1,95,97.1,3700,14,0.66,6.39399859401894e-05,2.38424489044577e-05,2.68177091188963,0.0233380948681691,0.00870249385012706,29.7002469342658,11.0748635547465
2.105,95,97.105,3700,14,0.66,6.40922923233644e-05,2.38529681035474e-05,2.68697346364341,0.023393686698028,0.00870633335779479,29.6296684446225,11.0271533550785
2.11,95,97.11,3700,14,0.66,6.42445990313094e-05,2.38635076831923e-05,2.6921691431205,0.0234492786464279,0.00871018030436519,29.5594244501647,10.979779827616
2.115,95,97.115,3700,14,0.66,6.43969060640018e-05,2.38740676167186e-05,2.6973579491291,0.0235048707133606,0.00871403468010231,29.489512578597,10.932739790104
2.12,95,97.12,3700,14,0.66,6.45492134214669e-05,2.38846478774508e-05,2.70253988054004,0.0235604628988354,0.00871789647526955,29.4199304799825,10.88603009777
2.125,95,97.125,3700,14,0.66,6.4701521103706e-05,2.38952484387067e-05,2.70771493628413,0.0236160552028527,0.00872176568012793,29.3506758265122,10.8396476428168
2.13,95,97.13,3700,14,0.66,6.48538291107047e-05,2.39058692737996e-05,2.71288311535207,0.0236716476254072,0.00872564228493684,29.2817463122414,10.7935893539008
2.135,95,97.135,3700,14,0.66,6.50061374424803e-05,2.39165103560387e-05,2.71804441679623,0.0237272401665053,0.00872952627995413,29.2131396528126,10.747852195604
2.14,95,97.14,3700,14,0.66,6.51584460990024e-05,2.39271716587287e-05,2.72319883972715,0.0237828328261359,0.00873341765543599,29.144853585239,10.7024331679574
2.145,95,97.145,3700,14,0.66,6.53107550803199e-05,2.39378531551743e-05,2.72834638331811,0.0238384256043168,0.00873731640163863,29.076885867598,10.6573293059058
2.15,95,97.15,3700,14,0.66,6.54630643864025e-05,2.39485548186716e-05,2.73348704679933,0.0238940185010369,0.00874122250881514,29.0092342788579,10.6125376788689
2.155,95,97.155,3700,14,0.66,6.56153740172675e-05,2.39592766225166e-05,2.73862082946206,0.0239496115163026,0.00874513596721857,28.9418966185784,10.5680553902248
2.16,95,97.16,3700,14,0.66,6.57676839728925e-05,2.39700185399998e-05,2.7437477306554,0.0240052046501058,0.00874905676709993,28.8748707067112,10.5238795768639
2.165,95,97.165,3700,14,0.66,6.59199942533026e-05,2.3980780544412e-05,2.74886774978903,0.0240607979024554,0.0087529848987104,28.8081543833261,10.4800074087002
2.17,95,97.17,3700,14,0.66,6.60723048584992e-05,2.39915626090397e-05,2.7539808863306,0.0241163912733522,0.00875692035229949,28.7417455084107,10.4364360882352
2.175,95,97.175,3700,14,0.66,6.62246157884679e-05,2.40023647071675e-05,2.75908713980553,0.0241719847627908,0.00876086311811612,28.6756419616375,10.393162850108
2.18,95,97.18,3700,14,0.66,6.637692704321e-05,2.40131868120753e-05,2.76418650979851,0.0242275783707716,0.00876481318640748,28.6098416421248,10.3501849606416
2.185,95,97.185,3700,14,0.66,6.65292386227507e-05,2.40240288970465e-05,2.76927899595267,0.024283172097304,0.00876877054742196,28.5443424682108,10.3074997174097
2.19,95,97.19,3700,14,0.66,6.66815505270677e-05,2.40348909353581e-05,2.77436459796751,0.0243387659423797,0.00877273519140571,28.4791423772644,10.265104448827
2.195,95,97.195,3700,14,0.66,6.6833862756178e-05,2.40457729002878e-05,2.77944331560156,0.024394359906005,0.00877670710860504,28.4142393254319,10.2229965137037
2.2,95,97.2,3700,14,0.66,6.69861753100515e-05,2.40566747651112e-05,2.78451514866883,0.0244499539881688,0.0087806862892656,28.3496312874599,10.1811733008573
2.205,95,97.205,3700,14,0.66,6.71384881887371e-05,2.40675965031039e-05,2.78958009704369,0.024505548188889,0.00878467272363293,28.2853162564314,10.1396322286667
2.21,95,97.21,3700,14,0.66,6.72908013922044e-05,2.40785380875405e-05,2.79463816065413,0.0245611425081546,0.00878866640195227,28.2212922436247,10.0983707447189
2.215,95,97.215,3700,14,0.66,6.74431149204707e-05,2.40894994916937e-05,2.79968933948693,0.0246167369459718,0.0087926673144682,28.1575572782553,10.0573863253755
2.22,95,97.22,3700,14,0.66,6.75954287735136e-05,2.41004806888374e-05,2.80473363358357,0.0246723315023325,0.00879667545142566,28.0941094073098,10.0166764754108
2.225,95,97.225,3700,14,0.66,6.77477429513582e-05,2.41114816522454e-05,2.80977104304369,0.0247279261772458,0.00880069080306955,28.0309466953104,9.97623872760315
2.23,95,97.23,3700,14,0.66,6.7900057454006e-05,2.41225023551913e-05,2.81480156802196,0.0247835209707122,0.00880471335964484,27.9680672241474,9.93607064237971
2.235,95,97.235,3700,14,0.66,6.80523722814425e-05,2.41335427709482e-05,2.8198252087283,0.0248391158827265,0.0088087431113961,27.9054690928822,9.89616980744249
2.24,95,97.24,3700,14,0.66,6.8204687433669e-05,2.41446028727901e-05,2.82484196542875,0.0248947109132892,0.0088127800485684,27.8431504175424,9.85653383739521
2.245,95,97.245,3700,14,0.66,6.83570029107108e-05,2.41556826339939e-05,2.82985183844538,0.0249503060624094,0.00881682416140776,27.7811093309293,9.8171603733824
2.25,95,97.25,3700,14,0.66,6.85093187125453e-05,2.4166782027834e-05,2.83485482815379,0.025005901330079,0.0088208754401594,27.7193439824612,9.77804708275434
2.255,95,97.255,3700,14,0.66,6.866163483919e-05,2.41779010275895e-05,2.83985093498563,0.0250614967163043,0.00882493387507017,27.6578525379533,9.73919165869643
2.26,95,97.26,3700,14,0.66,6.88139512906302e-05,2.41890396065376e-05,2.84484015942624,0.02511709222108,0.00882899945638623,27.5966331794652,9.70059181990421
2.265,95,97.265,3700,14,0.66,6.89662680668675e-05,2.42001977379584e-05,2.84982250201587,0.0251726878444066,0.00883307217435482,27.5356841051029,9.66224531023427
2.27,95,97.27,3700,14,0.66,6.91185851679189e-05,2.42113753951359e-05,2.85479796334929,0.0252282835862904,0.0088371520192246,27.4750035288416,9.62414989837234
2.275,95,97.275,3700,14,0.66,6.9270902593786e-05,2.42225725513533e-05,2.85976654407485,0.0252838794467319,0.00884123898124397,27.4145896803641,9.58630337751324
2.28,95,97.28,3700,14,0.66,6.94232203444542e-05,2.42337891798978e-05,2.86472824489377,0.0253394754257258,0.00884533305066268,27.3544408048886,9.54870356504023
2.285,95,97.285,3700,14,0.66,6.95755384199249e-05,2.42450252540572e-05,2.86968306656154,0.0253950715232726,0.00884943421773089,27.2945551629863,9.51134830219793
2.29,95,97.29,3700,14,0.66,6.97278568202234e-05,2.42562807471252e-05,2.8746310098875,0.0254506677393815,0.0088535424727007,27.2349310304103,9.47423545377957
2.295,95,97.295,3700,14,0.66,6.98801755453271e-05,2.42675556323954e-05,2.87957207573235,0.0255062640740444,0.00885765780582432,27.1755666979589,9.43736290783673
2.3,95,97.3,3700,14,0.66,7.00324945952533e-05,2.42788498831659e-05,2.88450626501099,0.0255618605272675,0.00886178020735556,27.116460471277,9.40072857535421
2.305,95,97.305,3700,14,0.66,7.01848139699797e-05,2.42901634727361e-05,2.88943357868945,0.0256174570990426,0.00886590966754869,27.057610670727,9.36433038997193
2.31,95,97.31,3700,14,0.66,7.03371336695314e-05,2.4301496374413e-05,2.89435401778753,0.025673053789379,0.00887004617666076,26.9990156311947,9.32816630766993
2.315,95,97.315,3700,14,0.66,7.04894536939098e-05,2.43128485615039e-05,2.89926758337648,0.0257286505982771,0.00887418972494893,26.9406737019609,9.2922343064954
2.32,95,97.32,3700,14,0.66,7.06417740431005e-05,2.43242200073214e-05,2.90417427657857,0.0257842475257317,0.0088783403026723,26.8825832465427,9.25653238627722
2.325,95,97.325,3700,14,0.66,7.07940947171047e-05,2.43356106851793e-05,2.90907409856861,0.0258398445717432,0.00888249790009046,26.8247426425284,9.22105856833531
2.33,95,97.33,3700,14,0.66,7.09464157159397e-05,2.43470205684023e-05,2.91396705057269,0.025895441736318,0.00888666250746683,26.7671502814264,9.18581089520755
2.335,95,97.335,3700,14,0.66,7.1098737039607e-05,2.4358449630313e-05,2.91885313386809,0.0259510390194566,0.00889083411506424,26.7098045685286,9.15078743038111
2.34,95,97.34,3700,14,0.66,7.12510586880921e-05,2.43698978442424e-05,2.92373234978191,0.0260066364211536,0.00889501271314849,26.6527039227627,9.11598625802762
2.345,95,97.345,3700,14,0.66,7.14033806613963e-05,2.43813651835231e-05,2.92860469969298,0.0260622339414097,0.00889919829198591,26.5958467765352,9.08140548272812
2.35,95,97.35,3700,14,0.66,7.15557029595449e-05,2.43928516214986e-05,2.93347018503074,0.0261178315802339,0.00890339084184698,26.5392315755847,9.04704322921438
2.355,95,97.355,3700,14,0.66,7.17080255825154e-05,2.44043571315112e-05,2.93832880727373,0.0261734293376181,0.00890759035300158,26.4828567788674,9.01289764212568
2.36,95,97.36,3700,14,0.66,7.1860348530325e-05,2.44158816869134e-05,2.94318056795144,0.0262290272135686,0.0089117968157234,26.4267208583844,8.97896688573829
2.365,95,97.365,3700,14,0.66,7.20126718029514e-05,2.442742526106e-05,2.9480254686419,0.0262846252080772,0.0089160102202869,26.3708222990732,8.94524914373341
2.37,95,97.37,3700,14,0.66,7.21649954004197e-05,2.44389878273158e-05,2.95286351097404,0.0263402233211532,0.00892023055697027,26.3151595986392,8.91174261893291
2.375,95,97.375,3700,14,0.66,7.23173193227313e-05,2.44505693590469e-05,2.95769469662568,0.0263958215527969,0.0089244578160521,26.2597312674475,8.87844553307215
2.38,95,97.38,3700,14,0.66,7.24696435698718e-05,2.44621698296297e-05,2.96251902732248,0.0264514199030032,0.00892869198781484,26.2045358283866,8.84535612656308
2.385,95,97.385,3700,14,0.66,7.26219681418584e-05,2.44737892124445e-05,2.96733650484051,0.0265070183717783,0.00893293306254224,26.1495718167205,8.8124726582454
2.39,95,97.39,3700,14,0.66,7.27742930386607e-05,2.44854274808782e-05,2.97214713100245,0.0265626169591111,0.00893718103052053,26.0948377799873,8.77979340517573
2.395,95,97.395,3700,14,0.66,7.29266182603277e-05,2.44970846083279e-05,2.97695090768213,0.0266182156650196,0.00894143588203968,26.040332277826,8.74731666237021
2.4,95,97.4,3700,14,0.66,7.30789438068292e-05,2.45087605681944e-05,2.98174783679862,0.0266738144894926,0.00894569760739097,25.9860538819069,8.71504074261594
2.405,95,97.405,3700,14,0.66,7.32312696781822e-05,2.45204553338866e-05,2.9865379203207,0.0267294134325365,0.0089499661968686,25.9320011757612,8.68296397622053
2.41,95,97.41,3700,14,0.66,7.33835958743645e-05,2.45321688788197e-05,2.99132116026324,0.0267850124941431,0.00895424164076917,25.8781727546893,8.65108471081454
2.415,95,97.415,3700,14,0.66,7.35359223954012e-05,2.45439011764195e-05,2.99609755869008,0.0268406116743214,0.00895852392939313,25.8245672256077,8.61940131111699
2.42,95,97.42,3700,14,0.66,7.36882492412937e-05,2.45556522001185e-05,3.00086711771143,0.0268962109730722,0.00896281305304324,25.7711832069546,8.58791215873918
2.425,95,97.425,3700,14,0.66,7.38405764120275e-05,2.45674219233545e-05,3.005629839484,0.02695181039039,0.00896710900202438,25.7180193285678,8.55661565197364
2.43,95,97.43,3700,14,0.66,7.3992903907604e-05,2.45792103195753e-05,3.01038572621167,0.0270074099262755,0.00897141176664497,25.6650742315569,8.52551020558229
2.435,95,97.435,3700,14,0.66,7.41452317280484e-05,2.45910173622389e-05,3.0151347801455,0.0270630095807377,0.0089757213372172,25.6123465681843,8.49459425059212
2.44,95,97.44,3700,14,0.66,7.42975598733382e-05,2.46028430248099e-05,3.01987700358106,0.0271186093537685,0.00898003770405562,25.5598350017762,8.46386623411037
2.445,95,97.445,3700,14,0.66,7.44498883434908e-05,2.46146872807615e-05,3.02461239886154,0.0271742092453741,0.00898436085747796,25.5075382065787,8.43332461910812
2.45,95,97.45,3700,14,0.66,7.46022171384757e-05,2.46265501035744e-05,3.02934096837412,0.0272298092555436,0.00898869078780465,25.455454867677,8.40296788424555
2.455,95,97.455,3700,14,0.66,7.4754546258342e-05,2.46384314667432e-05,3.0340627145541,0.0272854093842948,0.00899302748536128,25.4035836808412,8.37279452365397
2.46,95,97.46,3700,14,0.66,7.49068757030594e-05,2.46503313437663e-05,3.03877763987957,0.0273410096316167,0.00899737094047469,25.351923352472,8.34280304677929
2.465,95,97.465,3700,14,0.66,7.50592054726449e-05,2.46622497081555e-05,3.04348574687507,0.0273966099975154,0.00900172114347674,25.3004725994496,8.3129919781708
2.47,95,97.47,3700,14,0.66,7.52115355670763e-05,2.46741865334281e-05,3.04818703810889,0.0274522104819829,0.00900607808470124,25.2492301490572,8.28335985731437
2.475,95,97.475,3700,14,0.66,7.53638659863788e-05,2.46861417931161e-05,3.05288151619524,0.0275078110850283,0.00901044175448737,25.1981947388466,8.25390523843545
2.48,95,97.48,3700,14,0.66,7.55161967305537e-05,2.46981154607579e-05,3.05756918379214,0.0275634118066521,0.00901481214317664,25.1473651165587,8.2246266903337
2.485,95,97.485,3700,14,0.66,7.56685277995865e-05,2.47101075099035e-05,3.06225004360097,0.0276190126468491,0.00901918924111476,25.0967400400182,8.19552279620718
2.49,95,97.49,3700,14,0.66,7.58208591934786e-05,2.47221179141108e-05,3.06692409836788,0.0276746136056197,0.00902357303865044,25.0463182770217,8.16659215347082
2.495,95,97.495,3700,14,0.66,7.59731909122553e-05,2.47341466469527e-05,3.07159135088314,0.0277302146829732,0.00902796352613774,24.9960986052355,8.13783337358617
2.5,95,97.5,3700,14,0.66,7.6125522955894e-05,2.47461936820091e-05,3.07625180397899,0.0277858158789013,0.00903236069393333,24.9460798121201,8.10924508190568
2.505,95,97.505,3700,14,0.66,7.62778553244121e-05,2.47582589928721e-05,3.08090546053228,0.0278414171934104,0.00903676453239831,24.896260694804,8.08082591748945
2.51,95,97.51,3700,14,0.66,7.6430188017795e-05,2.47703425531432e-05,3.08555232346177,0.0278970186264952,0.00904117503189727,24.8466400600109,8.05257453295581
2.515,95,97.515,3700,14,0.66,7.65825210360442e-05,2.47824443364352e-05,3.0901923957296,0.0279526201781562,0.00904559218279886,24.7972167239482,8.02448959431004
2.52,95,97.52,3700,14,0.66,7.6734854379177e-05,2.47945643163766e-05,3.09482568034052,0.0280082218483996,0.00905001597547745,24.7479895122136,7.99656978078669
2.525,95,97.525,3700,14,0.66,7.68871880471946e-05,2.4806702466602e-05,3.09945218034159,0.028063823637226,0.00905444640030972,24.6989572597122,7.96881378469601
2.53,95,97.53,3700,14,0.66,7.70395220400826e-05,2.48188587607601e-05,3.10407189882099,0.0281194255446301,0.00905888344767742,24.6501188105641,7.94122031127143
2.535,95,97.535,3700,14,0.66,7.71918563578423e-05,2.4831033172509e-05,3.10868483890969,0.0281750275706125,0.0090633271079658,24.6014730180041,7.91378807850868
2.54,95,97.54,3700,14,0.66,7.73441910004991e-05,2.48432256755234e-05,3.11329100378064,0.0282306297151822,0.00906777737156605,24.5530187442888,7.88651581701575
2.545,95,97.545,3700,14,0.66,7.74965259680305e-05,2.48554362434869e-05,3.11789039664663,0.0282862319783311,0.00907223422887273,24.504754860631,7.8594022698766
2.55,95,97.55,3700,14,0.66,7.76488612604537e-05,2.48676648500942e-05,3.12248302076339,0.0283418343600656,0.00907669767028437,24.4566802470841,7.83244619248718
2.555,95,97.555,3700,14,0.66,7.78011968777462e-05,2.4879911469055e-05,3.12706887942561,0.0283974368603774,0.00908116768620509,24.4087937924808,7.80564635242839
2.56,95,97.56,3700,14,0.66,7.79535328199334e-05,2.48921760740913e-05,3.13164797597066,0.0284530394792757,0.00908564426704334,24.3610943943199,7.77900152930475
2.565,95,97.565,3700,14,0.66,7.81058690870165e-05,2.49044586389362e-05,3.13622031377563,0.028508642216761,0.0090901274032117,24.313580958704,7.75251051461795
2.57,95,97.57,3700,14,0.66,7.82582056789812e-05,2.49167591373377e-05,3.14078589625692,0.0285642450728281,0.00909461708512828,24.2662524002535,7.7261721116276
2.575,95,97.575,3700,14,0.66,7.84105425958287e-05,2.49290775430552e-05,3.14534472687188,0.0286198480474775,0.00909911330321513,24.2191076420142,7.69998513520667
2.58,95,97.58,3700,14,0.66,7.85628798375763e-05,2.4941413829863e-05,3.14989680911798,0.0286754511407154,0.00910361604789998,24.1721456153751,7.67394841170802
2.585,95,97.585,3700,14,0.66,7.87152174042255e-05,2.49537679715468e-05,3.15444214653192,0.0287310543525423,0.00910812530961459,24.1253652599982,7.64806077883608
2.59,95,97.59,3700,14,0.66,7.88675552957617e-05,2.49661399419083e-05,3.15898074268879,0.028786657682953,0.00911264107879651,24.0787655237383,7.62232108551679
2.595,95,97.595,3700,14,0.66,7.90198935121863e-05,2.49785297147594e-05,3.16351260120385,0.028842261131948,0.0091171633458872,24.0323453625541,7.59672819176025
2.6,95,97.6,3700,14,0.66,7.91722320535246e-05,2.49909372639302e-05,3.16803772573169,0.0288978646995365,0.00912169210133451,23.9861037404284,7.57128096853347
2.605,95,97.605,3700,14,0.66,7.9324570919754e-05,2.50033625632619e-05,3.17255611996394,0.0289534683857102,0.00912622733559061,23.9400396293124,7.54597829764614
2.61,95,97.61,3700,14,0.66,7.94769101108919e-05,2.50158055866097e-05,3.17706778763238,0.0290090721904755,0.00913076903911255,23.894152009023,7.52081907160988
2.615,95,97.615,3700,14,0.66,7.96292496269158e-05,2.50282663078443e-05,3.1815727325052,0.0290646761138243,0.00913531720236316,23.8484398671918,7.49580219353131
2.62,95,97.62,3700,14,0.66,7.9781589467851e-05,2.50407447008515e-05,3.18607095839039,0.0291202801557656,0.0091398718158108,23.802902199164,7.47092657697408
2.625,95,97.625,3700,14,0.66,7.99339296336987e-05,2.50532407395298e-05,3.19056246913305,0.0291758843163,0.00914443286992836,23.7575380079464,7.44619114585206
2.63,95,97.63,3700,14,0.66,8.00862701244446e-05,2.50657543977935e-05,3.195047268615,0.0292314885954223,0.00914900035519464,23.7123463041322,7.42159483431091
2.635,95,97.635,3700,14,0.66,8.02386109401059e-05,2.50782856495716e-05,3.19952536075673,0.0292870929931386,0.00915357426209362,23.6673261058151,7.39713658660216
2.64,95,97.64,3700,14,0.66,8.03909520806521e-05,2.50908344688075e-05,3.20399674951396,0.029342697509438,0.00915815458111475,23.6224764385413,7.37281535698337
2.645,95,97.645,3700,14,0.66,8.05432935461324e-05,2.51034008294619e-05,3.20846143888222,0.0293983021443383,0.00916274130275359,23.5777963352021,7.34863010958183
2.65,95,97.65,3700,14,0.66,8.06956353365164e-05,2.51159847055089e-05,3.21291943289075,0.0294539068978285,0.00916733441751074,23.5332848360109,7.32457981831103
2.655,95,97.655,3700,14,0.66,8.08479774518213e-05,2.51285860709375e-05,3.21737073560722,0.0295095117699148,0.00917193391589217,23.4889409883974,7.30066346673731
2.66,95,97.66,3700,14,0.66,8.10003198920247e-05,2.51412048997537e-05,3.22181535113371,0.029565116760589,0.00917653978841011,23.4447638469646,7.27688004798746
2.665,95,97.665,3700,14,0.66,8.11526626571518e-05,2.51538411659803e-05,3.22625328361014,0.0296207218698604,0.00918115202558281,23.4007524733972,7.25322856462529
2.67,95,97.67,3700,14,0.66,8.1305005747204e-05,2.51664948436541e-05,3.2306845372114,0.0296763270977294,0.00918577061793376,23.3569059364148,7.2297080285578
2.675,95,97.675,3700,14,0.66,8.14573491621667e-05,2.51791659068275e-05,3.23510911614745,0.0297319324441909,0.00919039555599204,23.3132233117049,7.20631746092929
2.68,95,97.68,3700,14,0.66,8.16096929020415e-05,2.51918543295704e-05,3.23952702466398,0.0297875379092451,0.00919502683029319,23.2697036818479,7.183055892013
2.685,95,97.685,3700,14,0.66,8.17620369668534e-05,2.52045600859691e-05,3.24393826704275,0.0298431434929015,0.00919966443137871,23.2263461362513,7.15992236110737
2.69,95,97.69,3700,14,0.66,8.19143813565801e-05,2.52172831501262e-05,3.24834284759856,0.0298987491951517,0.00920430834979607,23.1831497711063,7.13691591644803
2.695,95,97.695,3700,14,0.66,8.20667260712388e-05,2.52300234961605e-05,3.25274077068251,0.0299543550160022,0.00920895857609856,23.1401136893001,7.11403561509289
2.7,95,97.7,3700,14,0.66,8.22190711107991e-05,2.52427810982055e-05,3.25713204067852,0.0300099609554417,0.00921361510084501,23.0972370003786,7.09128052283907
2.705,95,97.705,3700,14,0.66,8.23714164753101e-05,2.52555559304173e-05,3.26151666200717,0.0300655670134882,0.00921827791460231,23.0545188204494,7.06864971410612
2.71,95,97.71,3700,14,0.66,8.25237621647414e-05,2.52683479669627e-05,3.26589463912076,0.0301211731901306,0.00922294700794139,23.0119582721651,7.04614227186472
2.715,95,97.715,3700,14,0.66,8.26761081791103e-05,2.52811571820303e-05,3.27026597650665,0.0301767794853753,0.00922762237144104,22.9695544846285,7.02375728752341
2.72,95,97.72,3700,14,0.66,8.28284545183943e-05,2.52939835498204e-05,3.27463067868495,0.0302323858992139,0.00923230399568445,22.9273065933565,7.00149386084779
2.725,95,97.725,3700,14,0.66,8.29808011826186e-05,2.53068270445586e-05,3.27898875021003,0.0302879924316558,0.0092369918712639,22.8852137401981,6.97935109985731
2.73,95,97.73,3700,14,0.66,8.31331481717846e-05,2.5319687640481e-05,3.28334019566938,0.0303435990827014,0.00924168598877558,22.8432750732955,6.95732812074273
2.735,95,97.735,3700,14,0.66,8.32854954858779e-05,2.53325653118453e-05,3.28768501968233,0.0303992058523454,0.00924638633882353,22.8014897470246,6.9354240477781
2.74,95,97.74,3700,14,0.66,8.34378431248998e-05,2.53454600329244e-05,3.29202322690186,0.0304548127405884,0.0092510929120174,22.7598569219294,6.91363801322533
2.745,95,97.745,3700,14,0.66,8.35901910888755e-05,2.53583717780116e-05,3.29635482201412,0.0305104197474395,0.00925580569897424,22.7183757646636,6.89196915724696
2.75,95,97.75,3700,14,0.66,8.37425393777825e-05,2.5371300521416e-05,3.30067980973601,0.0305660268728906,0.00926052469031685,22.6770454479547,6.87041662783051
2.755,95,97.755,3700,14,0.66,8.38948879916383e-05,2.53842462374679e-05,3.30499819481766,0.030621634116948,0.00926524987667577,22.6358651505249,6.84897958069042
2.76,95,97.76,3700,14,0.66,8.40472369304281e-05,2.5397208900511e-05,3.30930998204047,0.0306772414796063,0.00926998124868652,22.5948340570562,6.82765717919377
2.765,95,97.765,3700,14,0.66,8.41995861941536e-05,2.54101884849116e-05,3.31361517621763,0.030732848960866,0.00927471879699275,22.553951358124,6.80644859427176
2.77,95,97.77,3700,14,0.66,8.43519357828318e-05,2.54231849650537e-05,3.31791378219451,0.0307884565607336,0.00927946251224459,22.5132162501435,6.78535300433666
2.775,95,97.775,3700,14,0.66,8.45042856964642e-05,2.54361983153397e-05,3.32220580484712,0.0308440642792094,0.00928421238509901,22.4726279353258,6.76436959520631
2.78,95,97.78,3700,14,0.66,8.46566359350363e-05,2.54492285101896e-05,3.32649124908209,0.0308996721162883,0.00928896840621922,22.4321856216255,6.74349756002378
2.785,95,97.785,3700,14,0.66,8.48089864985495e-05,2.54622755240421e-05,3.33077011983752,0.0309552800719706,0.00929373056627536,22.3918885226814,6.72273609917387
2.79,95,97.79,3700,14,0.66,8.4961337387029e-05,2.54753393313595e-05,3.33504242208244,0.0310108881462656,0.0092984988559462,22.3517358577625,6.7020844202053
2.795,95,97.795,3700,14,0.66,8.51136886004524e-05,2.54884199066171e-05,3.33930816081525,0.0310664963391651,0.00930327326591524,22.3117268517372,6.68154173776225
2.8,95,97.8,3700,14,0.66,8.52660401388368e-05,2.55015172243127e-05,3.34356734106572,0.0311221046506754,0.00930805378687414,22.2718607350002,6.66110727349709
2.805,95,97.805,3700,14,0.66,8.541839200216e-05,2.55146312589625e-05,3.34781996789215,0.0311777130807884,0.00931284040952132,22.2321367434438,6.64078025600689
2.81,95,97.81,3700,14,0.66,8.55707441904471e-05,2.55277619851047e-05,3.35206604638421,0.0312333216295132,0.00931763312456321,22.1925541183866,6.62055992074652
2.815,95,97.815,3700,14,0.66,8.57230967036994e-05,2.5540909377293e-05,3.35630558166073,0.0312889302968503,0.00932243192271196,22.1531121065434,6.6004455099651
2.82,95,97.82,3700,14,0.66,8.58754495419026e-05,2.55540734101042e-05,3.36053857886887,0.0313445390827944,0.00932723679468805,22.1138099599756,6.58043627263429
2.825,95,97.825,3700,14,0.66,8.60278027050579e-05,2.55672540581317e-05,3.36476504318604,0.0314001479873461,0.00933204773121807,22.0746469360359,6.56053146437049
2.83,95,97.83,3700,14,0.66,8.61801561931827e-05,2.55804512959926e-05,3.36898497981869,0.0314557570105117,0.00933686472303731,22.0356222973211,6.54073034736623
2.835,95,97.835,3700,14,0.66,8.63325100062782e-05,2.55936650983221e-05,3.37319839400173,0.0315113661522916,0.00934168776088756,21.9967353116342,6.52103219032389
2.84,95,97.84,3700,14,0.66,8.64848641443302e-05,2.56068954397751e-05,3.37740529099804,0.0315669754126805,0.00934651683551793,21.9579852519385,6.50143626838751
2.845,95,97.845,3700,14,0.66,8.66372186073398e-05,2.56201422950265e-05,3.38160567609955,0.031622584791679,0.00935135193768468,21.9193713963046,6.48194186306993
2.85,95,97.85,3700,14,0.66,8.67895733953324e-05,2.56334056387744e-05,3.38579955462687,0.0316781942892963,0.00935619305815265,21.8808930278628,6.46254826218562
2.855,95,97.855,3700,14,0.66,8.69419285082854e-05,2.56466854457352e-05,3.38998693192703,0.0317338039055242,0.00936104018769333,21.8425494347774,6.44325475979374
2.86,95,97.86,3700,14,0.66,8.70942839462162e-05,2.5659981690645e-05,3.39416781337645,0.0317894136403689,0.00936589331708542,21.8043399101809,6.42406065612012
2.865,95,97.865,3700,14,0.66,8.72466397091024e-05,2.56732943482616e-05,3.39834220437744,0.0318450234938224,0.00937075243711549,21.7662637521498,6.40496525750481
2.87,95,97.87,3700,14,0.66,8.7398995796969e-05,2.56866233933668e-05,3.40251011036113,0.0319006334658937,0.00937561753857887,21.7283202636405,6.38596787632597
2.875,95,97.875,3700,14,0.66,8.75513522098176e-05,2.56999688007584e-05,3.40667153678545,0.0319562435565834,0.0093804886122768,21.690508752464,6.36706783094541
2.88,95,97.88,3700,14,0.66,8.77037089476337e-05,2.57133305452569e-05,3.4108264891345,0.0320118537658863,0.00938536564901878,21.6528285312425,6.3482644456467
2.885,95,97.885,3700,14,0.66,8.78560660104344e-05,2.5726708601705e-05,3.41497497292024,0.0320674640938085,0.00939024863962233,21.6152789173552,6.32955705056644
2.89,95,97.89,3700,14,0.66,8.80084233981894e-05,2.57401029449655e-05,3.41911699367942,0.0321230745403391,0.00939513757491242,21.5778592329172,6.31094498164469
2.895,95,97.895,3700,14,0.66,8.81607811109478e-05,2.57535135499245e-05,3.42325255697805,0.0321786851054959,0.00940003244572243,21.5405688047073,6.29242758054717
2.9,95,97.9,3700,14,0.66,8.83131391486791e-05,2.57669403914876e-05,3.42738166840539,0.0322342957892679,0.00940493324289298,21.5034069641665,6.27400419462799
2.905,95,97.905,3700,14,0.66,8.84654975114007e-05,2.57803834445824e-05,3.43150433357853,0.0322899065916612,0.00940983995727256,21.4663730473271,6.25567417685319
2.91,95,97.91,3700,14,0.66,8.86178561990901e-05,2.57938426841561e-05,3.435620558139,0.0323455175126679,0.00941475257971699,21.4294663947943,6.23743688575496
2.915,95,97.915,3700,14,0.66,8.87702152117725e-05,2.58073180851838e-05,3.43973034775497,0.0324011285522969,0.00941967110109208,21.392686351686,6.21929168536377
2.92,95,97.92,3700,14,0.66,8.89225745494492e-05,2.58208096226564e-05,3.44383370811984,0.032456739710549,0.00942459551226958,21.3560322676113,6.20123794515927
2.925,95,97.925,3700,14,0.66,8.90749342121059e-05,2.58343172715902e-05,3.44793064495112,0.0325123509874187,0.00942952580413043,21.3195034966304,6.18327504001537
2.93,95,97.93,3700,14,0.66,8.92272941997439e-05,2.58478410070188e-05,3.45202116399257,0.0325679623829065,0.00943446196756187,21.2830993972084,6.16540235013874
2.935,95,97.935,3700,14,0.66,8.93796545123884e-05,2.58613808040059e-05,3.45610527101257,0.0326235738970218,0.00943940399346217,21.246819332177,6.14761926101633
2.94,95,97.94,3700,14,0.66,8.95320151500169e-05,2.58749366376319e-05,3.46018297180305,0.0326791855297562,0.00944435187273566,21.210662668713,6.129925163368
2.945,95,97.945,3700,14,0.66,8.96843761126468e-05,2.58885084829987e-05,3.46425427218194,0.0327347972811161,0.00944930559629454,21.1746287782819,6.11231945308253
2.95,95,97.95,3700,14,0.66,8.98367374002476e-05,2.5902096315234e-05,3.46831917798913,0.0327904091510904,0.0094542651550604,21.1387170366216,6.09480153117782
2.955,95,97.955,3700,14,0.66,8.99890990128684e-05,2.5915700109487e-05,3.47237769509171,0.032846021139697,0.00945923053996274,21.1029268236762,6.07737080373073
2.96,95,97.96,3700,14,0.66,9.01414609504788e-05,2.59293198409297e-05,3.47642982937753,0.0329016332469247,0.00946420174193935,21.0672575235982,6.06002668184746
2.965,95,97.965,3700,14,0.66,9.0293823213096e-05,2.59429554847554e-05,3.48047558676013,0.0329572454727801,0.00946917875193573,21.0317085246832,6.04276858159519
2.97,95,97.97,3700,14,0.66,9.04461858006978e-05,2.595660701618e-05,3.48451497317498,0.0330128578172547,0.00947416156090569,20.996279219355,6.02559592396409
2.975,95,97.975,3700,14,0.66,9.05985487133091e-05,2.59702744104463e-05,3.48854799458209,0.0330684702803578,0.00947915015981291,20.960969004111,6.00850813480696
2.98,95,97.98,3700,14,0.66,9.07509119509315e-05,2.59839576428172e-05,3.49257465696408,0.03312408286209,0.00948414453962828,20.9257772795044,5.99150464479811
2.985,95,97.985,3700,14,0.66,9.09032755135504e-05,2.59976566885768e-05,3.49659496632605,0.0331796955624459,0.00948914469133053,20.8907034501087,5.97458488938427
2.99,95,97.99,3700,14,0.66,9.10556394011673e-05,2.60113715230349e-05,3.50060892869609,0.0332353083814261,0.00949415060590774,20.8557469244762,5.95774830873341
2.995,95,97.995,3700,14,0.66,9.12080036138073e-05,2.60251021215255e-05,3.50461655012561,0.0332909213190397,0.0094991622743568,20.8209071151035,5.94099434768614
3,95,98,3700,14,0.66,9.1360368151448e-05,2.60388484594042e-05,3.50861783668672,0.0333465343752785,0.00950417968768252,20.7861834384148,5.92432245571771
3.005,95,98.005,3700,14,0.66,9.15127330141067e-05,2.60526105120501e-05,3.51261279447521,0.0334021475501489,0.00950920283689829,20.7515753147092,5.90773208688079
3.01,95,98.01,3700,14,0.66,9.16650982017688e-05,2.60663882548668e-05,3.51660142960751,0.0334577608436456,0.00951423171302637,20.7170821681448,5.89122269976928
3.015,95,98.015,3700,14,0.66,9.18174637144358e-05,2.60801816632788e-05,3.52058374822273,0.0335133742557691,0.00951926630709677,20.6827034266962,5.87479375746629
3.02,95,98.02,3700,14,0.66,9.19698295521249e-05,2.60939907127396e-05,3.52455975648154,0.0335689877865256,0.00952430661014995,20.6484385221222,5.85844472750122
3.025,95,98.025,3700,14,0.66,9.21221957148375e-05,2.61078153787229e-05,3.52852946056584,0.0336246014359157,0.00952935261323385,20.6142868899427,5.84217508180787
3.03,95,98.03,3700,14,0.66,9.22745622025592e-05,2.61216556367247e-05,3.53249286667838,0.0336802152039341,0.00953440430740453,20.5802479694067,5.82598429668123
3.035,95,98.035,3700,14,0.66,9.24269290152912e-05,2.61355114622677e-05,3.53644998104321,0.0337358290905813,0.00953946168372771,20.546321203455,5.80987185273128
3.04,95,98.04,3700,14,0.66,9.25792961530589e-05,2.61493828308999e-05,3.54040080990595,0.0337914430958665,0.00954452473327848,20.5125060386881,5.79383723483923
3.045,95,98.045,3700,14,0.66,9.27316636158397e-05,2.61632697181905e-05,3.54434535953151,0.0338470572197815,0.00954959344713954,20.4788019253515,5.77787993212333
3.05,95,98.05,3700,14,0.66,9.2884031403651e-05,2.61771720997335e-05,3.5482836362067,0.0339026714623326,0.00955466781640272,20.4452083172874,5.76199943788721
3.055,95,98.055,3700,14,0.66,9.30363995164703e-05,2.61910899511464e-05,3.55221564623728,0.0339582858235117,0.00955974783216844,20.4117246719218,5.74619524958827
3.06,95,98.06,3700,14,0.66,9.31887679543228e-05,2.62050232480753e-05,3.55614139595038,0.0340139003033278,0.00956483348554749,20.3783504502167,5.73046686878729
3.065,95,98.065,3700,14,0.66,9.334113671721e-05,2.62189719661858e-05,3.56006089169288,0.0340695149017816,0.00956992476765781,20.3450851166565,5.71481380111508
3.07,95,98.07,3700,14,0.66,9.34935058051172e-05,2.62329360811712e-05,3.56397413983038,0.0341251296188678,0.00957502166962747,20.3119281392181,5.69923555623353
3.075,95,98.075,3700,14,0.66,9.36458752180459e-05,2.62469155687453e-05,3.56788114674926,0.0341807444545868,0.00958012418259204,20.2788789893349,5.68373164779081
3.08,95,98.08,3700,14,0.66,9.37982449560135e-05,2.62609104046534e-05,3.57178191885505,0.0342363594089449,0.0095852322976985,20.2459371418693,5.66830159338487
3.085,95,98.085,3700,14,0.66,9.39506150190211e-05,2.62749205646604e-05,3.5756764625726,0.0342919744819427,0.00959034600610105,20.2131020750916,5.65294491452643
3.09,95,98.09,3700,14,0.66,9.41029854070544e-05,2.62889460245561e-05,3.57956478434526,0.0343475896735749,0.00959546529896298,20.1803732706524,5.63766113660199
3.095,95,98.095,3700,14,0.66,9.42553561201148e-05,2.63029867601569e-05,3.58344689063565,0.0344032049838419,0.00960059016745726,20.1477502135483,5.62244978883289
3.1,95,98.1,3700,14,0.66,9.44077271582274e-05,2.6317042747304e-05,3.58732278792604,0.034458820412753,0.00960572060276597,20.1152323920936,5.60731040423685
3.105,95,98.105,3700,14,0.66,9.45600985213698e-05,2.6331113961864e-05,3.59119248271545,0.0345144359603,0.00961085659608037,20.0828192979087,5.59224251959985
3.11,95,98.11,3700,14,0.66,9.47124702095593e-05,2.63452003797275e-05,3.59505598152292,0.0345700516264891,0.00961599813860055,20.0505104258746,5.57724567542922
3.115,95,98.115,3700,14,0.66,9.48648422227735e-05,2.63593019768088e-05,3.59891329088443,0.0346256674113123,0.00962114522153522,20.0183052741242,5.56231941592701
3.12,95,98.12,3700,14,0.66,9.50172145610375e-05,2.63734187290533e-05,3.60276441735502,0.0346812833147787,0.00962629783610444,19.9862033439972,5.54746328894582
3.125,95,98.125,3700,14,0.66,9.51695872243528e-05,2.63875506124257e-05,3.6066093675075,0.0347368993368888,0.00963145597353539,19.9542041400298,5.53267684595963
3.13,95,98.13,3700,14,0.66,9.53219602127048e-05,2.64016976029181e-05,3.61044814793156,0.0347925154776373,0.00963661962506512,19.9223071699275,5.51795964202978
3.135,95,98.135,3700,14,0.66,9.54743335261109e-05,2.64158596765497e-05,3.6142807652354,0.0348481317370305,0.00964178878194062,19.8905119445296,5.50331123576508
3.14,95,98.14,3700,14,0.66,9.56267071645405e-05,2.64300368093607e-05,3.61810722604338,0.0349037481150573,0.00964696343541666,19.8588179778012,5.48873118929591
3.145,95,98.145,3700,14,0.66,9.57790811280429e-05,2.64442289774241e-05,3.62192753699913,0.0349593646117357,0.00965214357675981,19.8272247867817,5.47421906822828
3.15,95,98.15,3700,14,0.66,9.59314554165876e-05,2.64584361568326e-05,3.62574170476113,0.0350149812270545,0.00965732919724389,19.7957318915934,5.4597744416263
3.155,95,98.155,3700,14,0.66,9.60838300301918e-05,2.64726583237069e-05,3.62954973600616,0.03507059796102,0.00966252028815303,19.7643388153906,5.44539688196658
3.16,95,98.16,3700,14,0.66,9.62362049688332e-05,2.64868954541922e-05,3.63335163742648,0.0351262148136241,0.00966771684078016,19.7330450843539,5.43108596511483
3.165,95,98.165,3700,14,0.66,9.63885802325368e-05,2.65011475244628e-05,3.63714741573217,0.035181831784876,0.00967291884642891,19.7018502276484,5.41684127028497
3.17,95,98.17,3700,14,0.66,9.65409558213043e-05,2.65154145107163e-05,3.64093707764919,0.0352374488747761,0.00967812629641145,19.6707537774143,5.40266238001426
3.175,95,98.175,3700,14,0.66,9.6693331735121e-05,2.65296963891757e-05,3.64472062991917,0.0352930660833191,0.00968333918204914,19.6397552687425,5.38854888013133
3.18,95,98.18,3700,14,0.66,9.68457079739882e-05,2.65439931360909e-05,3.64849807930031,0.0353486834105057,0.00968855749467317,19.6088542396445,5.37450035972198
3.185,95,98.185,3700,14,0.66,9.69980845379314e-05,2.65583047277402e-05,3.65226943256723,0.0354043008563449,0.00969378122562519,19.5780502310279,5.36051641109792
3.19,95,98.19,3700,14,0.66,9.71504614269279e-05,2.65726311404252e-05,3.65603469650892,0.0354599184208287,0.00969901036625519,19.5473427866884,5.34659662977318
3.195,95,98.195,3700,14,0.66,9.7302838640995e-05,2.6586972350475e-05,3.65979387793123,0.0355155361039632,0.00970424490792336,19.5167314532695,5.33274061442545
3.2,95,98.2,3700,14,0.66,9.74552161801025e-05,2.66013283342427e-05,3.66354698365393,0.0355711539057374,0.00970948484199858,19.4862157802574,5.31894796687509
3.205,95,98.205,3700,14,0.66,9.76075940442993e-05,2.66156990681129e-05,3.66729402051433,0.0356267718261692,0.00971473015986121,19.4557953199342,5.30521829204344
3.21,95,98.21,3700,14,0.66,9.7759972233555e-05,2.66300845284924e-05,3.67103499536242,0.0356823898652476,0.00971998085289972,19.4254696273869,5.29155119793924
3.215,95,98.215,3700,14,0.66,9.79123507478869e-05,2.66444846918161e-05,3.67476991506466,0.0357380080229787,0.00972523691251289,19.3952382604612,5.27794629561722
3.22,95,98.22,3700,14,0.66,9.80647295872726e-05,2.66588995345431e-05,3.67849878650114,0.0357936262993545,0.00973049833010823,19.3651007797566,5.26440319915831
3.225,95,98.225,3700,14,0.66,9.82171087517373e-05,2.66733290331632e-05,3.68222161656774,0.0358492446943841,0.00973576509710455,19.3350567485883,5.25092152563344
3.23,95,98.23,3700,14,0.66,9.83694882412824e-05,2.66877731641903e-05,3.68593841217425,0.0359048632080681,0.00974103720492947,19.3051057329802,5.23750089508212
3.235,95,98.235,3700,14,0.66,9.85218680558933e-05,2.67022319041662e-05,3.68964918024405,0.035960481840401,0.00974631464502066,19.2752473016422,5.2241409304847
3.24,95,98.24,3700,14,0.66,9.86742481955715e-05,2.67167052296566e-05,3.69335392771558,0.0360161005913836,0.00975159740882465,19.2454810259435,5.21084125773109
3.245,95,98.245,3700,14,0.66,9.88266286603421e-05,2.67311931172584e-05,3.69705266154158,0.0360717194610249,0.00975688548779933,19.2158064798903,5.19760150559439
3.25,95,98.25,3700,14,0.66,9.89790094501829e-05,2.67456955435931e-05,3.70074538868716,0.0361273384493167,0.00976217887341147,19.1862232401195,5.18442130571048
3.255,95,98.255,3700,14,0.66,9.91313905651109e-05,2.67602124853087e-05,3.70443211613263,0.0361829575562655,0.00976747755713767,19.156730885862,5.17130029254291
3.26,95,98.26,3700,14,0.66,9.92837720051117e-05,2.67747439190815e-05,3.70811285087046,0.0362385767818658,0.00977278153046474,19.1273289989359,5.15823810336458
3.265,95,98.265,3700,14,0.66,9.94361537701867e-05,2.67892898216111e-05,3.71178759990759,0.0362941961261181,0.00977809078488806,19.0980171637178,5.14523437822609
3.27,95,98.27,3700,14,0.66,9.95885358603532e-05,2.68038501696323e-05,3.71545637026367,0.0363498155890289,0.00978340531191578,19.0687949671236,5.13228875993243
3.275,95,98.275,3700,14,0.66,9.97409182756125e-05,2.68184249398998e-05,3.71911916897179,0.0364054351705986,0.00978872510306344,19.0396619985946,5.11940089401825
3.28,95,98.28,3700,14,0.66,9.98933010159502e-05,2.68330141091976e-05,3.7227760030771,0.0364610548708218,0.00979405014985713,19.0106178500787,5.1065704287245
3.285,95,98.285,3700,14,0.66,0.000100045684081368,2.68476176543368e-05,3.72642687963813,0.0365166746896992,0.00979938044383292,18.9816621160051,5.09379701497011
3.29,95,98.29,3700,14,0.66,0.00010019806747189,2.68622355521574e-05,3.73007180572664,0.0365722946272399,0.00980471597653746,18.9527943932638,5.08108030632717
3.295,95,98.295,3700,14,0.66,0.000100350451187495,2.68768677795254e-05,3.73371078842532,0.0366279146834357,0.00981005673952678,18.9240142812009,5.06841995900332
3.3,95,98.3,3700,14,0.66,0.0001005028352282,2.6891514313334e-05,3.73734383483068,0.0366835348582929,0.00981540272436691,18.8953213815829,5.05581563180927
3.305,95,98.305,3700,14,0.66,0.000100655219593982,2.6906175130503e-05,3.74097095205001,0.0367391551518034,0.00982075392263358,18.866715298594,5.04326698614306
3.31,95,98.31,3700,14,0.66,0.000100807604284866,2.6920850207984e-05,3.74459214720379,0.0367947755639762,0.00982611032591416,18.8381956388006,5.03077368595876
3.315,95,98.315,3700,14,0.66,0.000100959989300855,2.69355395227512e-05,3.74820742742423,0.0368503960948121,0.00983147192580419,18.8097620111478,5.01833539774875
3.32,95,98.32,3700,14,0.66,0.000101112374641933,2.69502430518097e-05,3.75181679985418,0.0369060167443056,0.00983683871391054,18.781414026939,5.00595179052158
3.325,95,98.325,3700,14,0.66,0.000101264760308102,2.69649607721879e-05,3.75542027164928,0.0369616375124572,0.00984221068184858,18.7531512998128,4.99362253577465
3.33,95,98.33,3700,14,0.66,0.000101417146299379,2.69796926609489e-05,3.7590178499762,0.0370172583992733,0.00984758782124637,18.7249734457253,4.98134730747392
3.335,95,98.335,3700,14,0.66,0.000101569532615765,2.69944386951776e-05,3.76260954201319,0.0370728794047544,0.00985297012373982,18.6968800829388,4.96912578203238
3.34,95,98.34,3700,14,0.66,0.000101721919257247,2.7009198851989e-05,3.7661953549487,0.0371285005288951,0.009858357580976,18.6688708320043,4.95695763828973
3.345,95,98.345,3700,14,0.66,0.000101874306223825,2.70239731085236e-05,3.76977529598313,0.0371841217716961,0.00986375018461112,18.6409453157384,4.94484255748644
3.35,95,98.35,3700,14,0.66,0.000102026693515524,2.70387614419567e-05,3.77334937232765,0.0372397431331664,0.00986914792631418,18.6131031592056,4.93278022324337
3.355,95,98.355,3700,14,0.66,0.000102179081132323,2.70535638294826e-05,3.77691759120363,0.0372953646132979,0.00987455079776114,18.5853439897139,4.92077032154444
3.36,95,98.36,3700,14,0.66,0.000102331469074238,2.7068380248329e-05,3.78047995984374,0.0373509862120969,0.0098799587906401,18.5576674367826,4.90881254070968
3.365,95,98.365,3700,14,0.66,0.000102483857341247,2.70832106757482e-05,3.78403648549014,0.0374066079295552,0.00988537189664808,18.53007313214,4.89690657138043
3.37,95,98.37,3700,14,0.66,0.000102636245933375,2.70980550890263e-05,3.78758717539618,0.037462229765682,0.00989079010749461,18.5025607096915,4.88505210649208
3.375,95,98.375,3700,14,0.66,0.000102788634850624,2.71129134654718e-05,3.79113203682537,0.0375178517204779,0.00989621341489722,18.4751298055164,4.87324884125828
3.38,95,98.38,3700,14,0.66,0.000102941024092979,2.71277857824229e-05,3.79467107705041,0.0375734737939375,0.00990164181058435,18.4477800578499,4.86149647315132
3.385,95,98.385,3700,14,0.66,0.000103093413660458,2.71426720172466e-05,3.79820430335494,0.0376290959860671,0.00990707528629502,18.4205111070592,4.84979470187753
3.39,95,98.39,3700,14,0.66,0.000103245803553029,2.71575721473368e-05,3.80173172303084,0.0376847182968556,0.00991251383377792,18.3933225956417,4.83814322936444
3.395,95,98.395,3700,14,0.66,0.000103398193770742,2.71724861501197e-05,3.80525334338194,0.037740340726321,0.00991795744479368,18.3662141681866,4.82654175973037
3.4,95,98.4,3700,14,0.66,0.000103550584313568,2.71874140030446e-05,3.80876917171936,0.0377959632744521,0.00992340611111129,18.339185471388,4.81498999927823
3.405,95,98.405,3700,14,0.66,0.000103702975181521,2.7202355683591e-05,3.81227921536506,0.0378515859412553,0.00992885982451072,18.3122361540066,4.80348765646566
3.41,95,98.41,3700,14,0.66,0.000103855366374582,2.72173111692675e-05,3.81578348164864,0.0379072087267224,0.00993431857678263,18.2853658668705,4.792034441894
3.415,95,98.415,3700,14,0.66,0.000104007757892774,2.72322804376111e-05,3.81928197791055,0.0379628316308625,0.00993978235972805,18.258574262844,4.78063006828128
3.42,95,98.42,3700,14,0.66,0.000104160149736099,2.72472634661873e-05,3.82277471149929,0.0380184546536762,0.00994525116515837,18.2318609968257,4.76927425045018
3.425,95,98.425,3700,14,0.66,0.000104312541904543,2.72622602325892e-05,3.82626168977172,0.0380740777951582,0.00995072498489505,18.2052257257322,4.75796670530875
3.43,95,98.43,3700,14,0.66,0.000104464934398107,2.72772707144365e-05,3.82974292009424,0.038129701055309,0.00995620381076931,18.178668108478,4.74670715182905
3.435,95,98.435,3700,14,0.66,0.000104617327216816,2.72922948893828e-05,3.83321840984189,0.0381853244341378,0.00996168763462472,18.152187805959,4.73549531102971
3.44,95,98.44,3700,14,0.66,0.000104769720360648,2.73073327351059e-05,3.83668816639705,0.0382409479316364,0.00996717644831367,18.1257844810513,4.7243309059628
3.445,95,98.445,3700,14,0.66,0.000104922113829619,2.7322384229314e-05,3.84015219715156,0.0382965715478111,0.00997267024369962,18.099457798581,4.71321366168933
3.45,95,98.45,3700,14,0.66,0.000105074507623701,2.73374493497412e-05,3.84361050950408,0.0383521952826508,0.00997816901265552,18.0732074253257,4.70214330526887
3.455,95,98.455,3700,14,0.66,0.000105226901742941,2.73525280741555e-05,3.84706311086346,0.0384078191361734,0.00998367274706674,18.0470330299781,4.69111956573217
3.46,95,98.46,3700,14,0.66,0.000105379296187309,2.73676203803493e-05,3.85051000864417,0.0384634431083678,0.00998918143882749,18.0209342831596,4.68014217407659
3.465,95,98.465,3700,14,0.66,0.000105531690956823,2.73827262461446e-05,3.85395121027007,0.0385190671992404,0.00999469507984278,17.9949108573848,4.66921086323866
3.47,95,98.47,3700,14,0.66,0.00010568408605146,2.73978456493912e-05,3.85738672317136,0.0385746914087829,0.0100002136620278,17.9689624270623,4.65832536808472
3.475,95,98.475,3700,14,0.66,0.000105836481471246,2.74129785679723e-05,3.86081655478688,0.0386303157370046,0.0100057371773099,17.9430886684669,4.64748542538752
3.48,95,98.48,3700,14,0.66,0.000105988877216181,2.74281249797953e-05,3.86424071256262,0.0386859401839059,0.0100112656176253,17.9172892597375,4.63669077381451
3.485,95,98.485,3700,14,0.66,0.000106141273286251,2.74432848627973e-05,3.86765920395114,0.0387415647494816,0.010016798974921,17.8915638808631,4.62594115391175
3.49,95,98.49,3700,14,0.66,0.000106293669681458,2.74584581949436e-05,3.87107203641287,0.0387971894337322,0.0100223372411544,17.8659122136638,4.61523630808464
3.495,95,98.495,3700,14,0.66,0.000106446066401827,2.74736449542318e-05,3.87447921741563,0.0388528142366668,0.0100278804082946,17.8403339417765,4.6045759805821
3.5,95,98.5,3700,14,0.66,0.000106598463447335,2.74888451186867e-05,3.87788075443265,0.0389084391582773,0.0100334284683206,17.8148287506539,4.59395991748598
3.505,95,98.505,3700,14,0.66,0.000106750860818,2.75040586663594e-05,3.88127665494578,0.03896406419857,0.0100389814132212,17.7893963275367,4.5833878666877
3.51,95,98.51,3700,14,0.66,0.000106903258513807,2.75192855753327e-05,3.88466692644199,0.0390196893575395,0.0100445392349964,17.7640363614533,4.57285957787984
3.515,95,98.515,3700,14,0.66,0.000107055656534758,2.75345258237173e-05,3.88805157641551,0.0390753146351865,0.0100501019256568,17.7387485431987,4.56237480253605
3.52,95,98.52,3700,14,0.66,0.000107208054880869,2.7549779389656e-05,3.89143061236715,0.0391309400315172,0.0100556694772244,17.7135325653221,4.5519332938965
3.525,95,98.525,3700,14,0.66,0.000107360453552143,2.75650462513168e-05,3.89480404180399,0.0391865655465321,0.0100612418817306,17.6883881221197,4.54153480695446
3.53,95,98.53,3700,14,0.66,0.000107512852548564,2.75803263868969e-05,3.8981718722387,0.0392421911802259,0.0100668191312174,17.6633149096226,4.53117909844203
3.535,95,98.535,3700,14,0.66,0.000107665251870135,2.75956197746243e-05,3.90153411119032,0.0392978169325991,0.0100724012177379,17.6383126255787,4.52086592681295
3.54,95,98.54,3700,14,0.66,0.000107817651516879,2.76109263927581e-05,3.90489076618445,0.039353442803661,0.0100779881333567,17.6133809694399,4.51059505222738
3.545,95,98.545,3700,14,0.66,0.000107970051488776,2.76262462195828e-05,3.9082418447513,0.0394090687934033,0.0100835798701477,17.5885196423614,4.50036623654251
3.55,95,98.55,3700,14,0.66,0.000108122451785842,2.76415792334123e-05,3.91158735442824,0.0394646949018323,0.0100891764201955,17.5637283471755,4.49017924329157
3.555,95,98.555,3700,14,0.66,0.000108274852408055,2.76569254125913e-05,3.91492730275653,0.0395203211289399,0.0100947777755958,17.5390067883929,4.48003383767652
3.56,95,98.56,3700,14,0.66,0.000108427253355439,2.76722847354947e-05,3.91826169728449,0.0395759474747353,0.0101003839284556,17.5143546721766,4.46992978654661
3.565,95,98.565,3700,14,0.66,0.000108579654627997,2.76876571805249e-05,3.9215905455652,0.0396315739392189,0.0101059948708916,17.4897717063418,4.45986685839001
3.57,95,98.57,3700,14,0.66,0.000108732056225714,2.77030427261126e-05,3.92491385515656,0.0396872005223855,0.0101116105950311,17.4652576003434,4.4498448233195
3.575,95,98.575,3700,14,0.66,0.00010888445814859,2.77184413507196e-05,3.92823163362191,0.0397428272242355,0.0101172310930127,17.4408120652589,4.43986345305663
3.58,95,98.58,3700,14,0.66,0.000109036860396645,2.77338530328371e-05,3.93154388853017,0.0397984540447753,0.0101228563569856,17.4164348137774,4.42992252091802
3.585,95,98.585,3700,14,0.66,0.000109189262969878,2.77492777509865e-05,3.93485062745448,0.0398540809840055,0.0101284863791101,17.3921255601935,4.42002180180466
3.59,95,98.59,3700,14,0.66,0.000109341665868276,2.7764715483714e-05,3.93815185797284,0.0399097080419206,0.0101341211515556,17.3678840203961,4.41016107218785
3.595,95,98.595,3700,14,0.66,0.000109494069091839,2.77801662095997e-05,3.94144758766786,0.0399653352185212,0.0101397606665039,17.3437099118518,4.40034011009492
3.6,95,98.6,3700,14,0.66,0.000109646472640593,2.77956299072531e-05,3.94473782412759,0.0400209625138165,0.0101454049161474,17.3196029535933,4.39055869509495
3.605,95,98.605,3700,14,0.66,0.000109798876514516,2.78111065553104e-05,3.9480225749432,0.0400765899277984,0.0101510538926883,17.2955628662197,4.3808166082912
3.61,95,98.61,3700,14,0.66,0.000109951280713625,2.78265961324381e-05,3.95130184771151,0.040132217460473,0.0101567075883399,17.2715893718716,4.37111363230193
3.615,95,98.615,3700,14,0.66,0.000110103685237897,2.78420986173332e-05,3.95457565003205,0.0401878451118323,0.0101623659953266,17.247682194233,4.36144955125419
3.62,95,98.62,3700,14,0.66,0.000110256090087357,2.7857613988722e-05,3.95784398951016,0.0402434728818855,0.0101680291058835,17.2238410585073,4.35182415076422
3.625,95,98.625,3700,14,0.66,0.000110408495262008,2.78731422253593e-05,3.96110687375451,0.0402991007706329,0.0101736969122561,17.2000656914176,4.34223721793061
3.63,95,98.63,3700,14,0.66,0.000110560900761834,2.78886833060306e-05,3.96436431037698,0.0403547287780694,0.0101793694067012,17.1763558211952,4.33268854132173
3.635,95,98.635,3700,14,0.66,0.000110713306586853,2.79042372095488e-05,3.96761630699465,0.0404103569042013,0.0101850465814853,17.1527111775616,4.32317791095939
3.64,95,98.64,3700,14,0.66,0.000110865712737034,2.79198039147583e-05,3.97086287122635,0.0404659851490174,0.0101907284288868,17.1291314917308,4.31370511831366
3.645,95,98.645,3700,14,0.66,0.000111018119212427,2.79353834005331e-05,3.97410401069735,0.0405216135125357,0.0101964149411946,17.1056164963795,4.30426995628077
3.65,95,98.65,3700,14,0.66,0.000111170526013,2.79509756457764e-05,3.97733973303357,0.0405772419947451,0.0102021061107084,17.0821659256613,4.29487221918367
3.655,95,98.655,3700,14,0.66,0.000111322933138772,2.79665806294206e-05,3.98057004586615,0.0406328705956518,0.0102078019297385,17.0587795151771,4.2855117027504
3.66,95,98.66,3700,14,0.66,0.00011147534058972,2.79821983304263e-05,3.98379495682823,0.0406884993152477,0.0102135023906056,17.0354570019788,4.27618820410924
3.665,95,98.665,3700,14,0.66,0.000111627748365869,2.79978287277867e-05,3.98701447355747,0.040744128153542,0.0102192074856421,17.0121981245459,4.26690152177113
3.67,95,98.67,3700,14,0.66,0.00011178015646722,2.80134718005236e-05,3.99022860369383,0.0407997571105353,0.0102249172071911,16.9890026227867,4.25765145562329
3.675,95,98.675,3700,14,0.66,0.000111932564893759,2.80291275276866e-05,3.99343735488,0.0408553861862221,0.0102306315476056,16.9658702380275,4.24843780691717
3.68,95,98.68,3700,14,0.66,0.000112084973645488,2.80447958883558e-05,3.99664073476196,0.040911015380603,0.0102363504992499,16.9428007129978,4.23926037825537
3.685,95,98.685,3700,14,0.66,0.000112237382722431,2.80604768616439e-05,3.99983875098891,0.0409666446936873,0.0102420740545,16.91979379182,4.23011897358032
3.69,95,98.69,3700,14,0.66,0.000112389792124566,2.80761704266893e-05,4.00303141121155,0.0410222741254666,0.0102478022057416,16.8968492200104,4.22101339816778
3.695,95,98.695,3700,14,0.66,0.000112542201851911,2.80918765626612e-05,4.00621872308447,0.0410779036759475,0.0102535349453713,16.873966744457,4.21194345861012
3.7,95,98.7,3700,14,0.66,0.000112694611904435,2.81075952487573e-05,4.00940069426312,0.0411335333451186,0.0102592722657964,16.8511461134229,4.20290896281193
3.705,95,98.705,3700,14,0.66,0.000112847022282186,2.8123326464211e-05,4.01257733240741,0.041189163132998,0.010265014159437,16.8283870765182,4.19390971997088
3.71,95,98.71,3700,14,0.66,0.000112999432985136,2.81390701882774e-05,4.01574864517771,0.0412447930395745,0.0102707606187213,16.805689384715,4.1849455405771
3.715,95,98.715,3700,14,0.66,0.0001131518440133,2.81548264002456e-05,4.01891464023778,0.0413004230648545,0.0102765116360896,16.7830527903186,4.17601623639501
3.72,95,98.72,3700,14,0.66,0.000113304255366657,2.81705950794329e-05,4.02207532525216,0.0413560532088298,0.010282267203993,16.760477046972,4.16712162045877
3.725,95,98.725,3700,14,0.66,0.000113456667045232,2.81863762051887e-05,4.02523070788879,0.0414116834715095,0.0102880273148939,16.737961909634,4.15826150705606
3.73,95,98.73,3700,14,0.66,0.000113609079049025,2.820216975689e-05,4.02838079581695,0.0414673138528943,0.0102937919612649,16.7155071345806,4.14943571172265
3.735,95,98.735,3700,14,0.66,0.000113761491378024,2.82179757139436e-05,4.03152559670713,0.0415229443529786,0.0102995611355894,16.6931124793953,4.1406440512321
3.74,95,98.74,3700,14,0.66,0.000113913904032228,2.8233794055785e-05,4.03466511823222,0.0415785749717632,0.0103053348303615,16.6707777029558,4.13188634358334
3.745,95,98.745,3700,14,0.66,0.000114066317011664,2.82496247618844e-05,4.0377993680669,0.0416342057092572,0.0103111130380878,16.6485025654237,4.1231624079911
3.75,95,98.75,3700,14,0.66,0.000114218730316308,2.82654678117358e-05,4.04092835388645,0.0416898365654524,0.0103168957512836,16.6262868282469,4.11447206487988
3.755,95,98.755,3700,14,0.66,0.000114371143946178,2.82813231848661e-05,4.0440520833686,0.0417454675403551,0.0103226829624761,16.604130254138,4.10581513586915
3.76,95,98.76,3700,14,0.66,0.00011452355790126,2.82971908608308e-05,4.04717056419141,0.04180109863396,0.0103284746642032,16.5820326070765,4.09719144376843
3.765,95,98.765,3700,14,0.66,0.000114675972181555,2.83130708192152e-05,4.05028380403471,0.0418567298462676,0.0103342708490136,16.5599936522932,4.08860081256452
3.77,95,98.77,3700,14,0.66,0.00011482838678708,2.83289630396365e-05,4.05339181057979,0.0419123611772843,0.0103400715094673,16.5380131562623,4.08004306741241
3.775,95,98.775,3700,14,0.66,0.000114980801717837,2.83448675017396e-05,4.05649459150868,0.0419679926270105,0.010345876638135,16.5160908866972,4.07151803462768
3.78,95,98.78,3700,14,0.66,0.000115133216973811,2.83607841852001e-05,4.05959215450369,0.042023624195441,0.010351686227598,16.4942266125429,4.06302554167771
3.785,95,98.785,3700,14,0.66,0.000115285632555003,2.83767130697198e-05,4.06268450724909,0.0420792558825762,0.0103575002704477,16.4724201039629,4.0545654171696
3.79,95,98.79,3700,14,0.66,0.000115438048461439,2.83926541350385e-05,4.06577165742954,0.0421348876884253,0.0103633187592891,16.45067113233,4.04613749084237
3.795,95,98.795,3700,14,0.66,0.000115590464693097,2.84086073609167e-05,4.06885361273009,0.0421905196129802,0.0103691416867346,16.428979470229,4.03774159356045
3.8,95,98.8,3700,14,0.66,0.000115742881249992,2.84245727271511e-05,4.07193038083682,0.0422461516562472,0.0103749690454102,16.4073448914357,4.02937755730093
3.805,95,98.805,3700,14,0.66,0.000115895298132104,2.84405502135637e-05,4.07500196943561,0.0423017838182181,0.0103808008279507,16.3857671709208,4.02104521514874
3.81,95,98.81,3700,14,0.66,0.000116047715339458,2.84565398000107e-05,4.07806838621377,0.042357416098902,0.0103866370270039,16.3642460848294,4.0127444012832
3.815,95,98.815,3700,14,0.66,0.000116200132872054,2.84725414663755e-05,4.08112963885852,0.0424130484982995,0.0103924776352271,16.3427814104835,4.00447495097326
3.82,95,98.82,3700,14,0.66,0.000116352550729878,2.84885551925715e-05,4.08418573505677,0.0424686810164054,0.0103983226452886,16.3213729263734,3.99623670056879
3.825,95,98.825,3700,14,0.66,0.000116504968912932,2.85045809585395e-05,4.08723668249642,0.04252431365322,0.0104041720498669,16.3000204121451,3.98802948748965
3.83,95,98.83,3700,14,0.66,0.000116657387421232,2.85206187442573e-05,4.09028248886506,0.0425799464087497,0.0104100258416539,16.2787236485932,3.9798531502185
3.835,95,98.835,3700,14,0.66,0.000116809806254781,2.85366685297255e-05,4.09332316185069,0.0426355792829951,0.0104158840133498,16.2574824176577,3.97170752829281
3.84,95,98.84,3700,14,0.66,0.000116962225413564,2.85527302949776e-05,4.09635870914024,0.0426912122759508,0.0104217465576668,16.2362965024166,3.9635924622979
3.845,95,98.845,3700,14,0.66,0.000117114644897582,2.85688040200739e-05,4.09938913842144,0.0427468453876173,0.010427613467327,16.2151656870739,3.95550779385582
3.85,95,98.85,3700,14,0.66,0.00011726706470686,2.85848896851112e-05,4.10241445738165,0.0428024786180038,0.0104334847350656,16.1940897569514,3.94745336561806
3.855,95,98.855,3700,14,0.66,0.000117419484841376,2.86009872702088e-05,4.10543467370729,0.0428581119671022,0.0104393603536262,16.1730684984911,3.93942902126037
3.86,95,98.86,3700,14,0.66,0.000117571905301147,2.86170967555201e-05,4.10844979508511,0.0429137454349188,0.0104452403157648,16.1521016992363,3.93143460547063
3.865,95,98.865,3700,14,0.66,0.000117724326086151,2.86332181212258e-05,4.11145982920035,0.0429693790214453,0.0104511246142474,16.131189147835,3.92346996394523
3.87,95,98.87,3700,14,0.66,0.000117876747196413,2.86493513475401e-05,4.1144647837388,0.0430250127266909,0.0104570132418521,16.1103306340208,3.91553494337639
3.875,95,98.875,3700,14,0.66,0.000118029168631935,2.86654964147022e-05,4.11746466638544,0.0430806465506562,0.0104629061913663,16.0895259486162,3.90762939144795
3.88,95,98.88,3700,14,0.66,0.000118181590392701,2.86816533029851e-05,4.12045948482339,0.0431362804933359,0.0104688034555896,16.0687748835236,3.89975315682841
3.885,95,98.885,3700,14,0.66,0.00011833401247873,2.86978219926896e-05,4.12344924673635,0.0431919145547363,0.0104747050273317,16.0480772317127,3.89190608915935
3.89,95,98.89,3700,14,0.66,0.00011848643488999,2.87140024641452e-05,4.12643395980557,0.0432475487348463,0.010480610899413,16.027432787224,3.88408803905327
3.895,95,98.895,3700,14,0.66,0.000118638857626531,2.87301946977153e-05,4.12941363171358,0.0433031830336837,0.0104865210646661,16.0068413451449,3.87629885807844
3.9,95,98.9,3700,14,0.66,0.000118791280688322,2.87463986737891e-05,4.13238827013958,0.0433588174512376,0.010492435515933,15.9863027016241,3.86853839876089
3.905,95,98.905,3700,14,0.66,0.000118943704075381,2.87626143727876e-05,4.13535788276307,0.0434144519875142,0.0104983542460675,15.9658166538482,3.86080651456954
3.91,95,98.91,3700,14,0.66,0.000119096127787686,2.87788417751585e-05,4.13832247726133,0.0434700866425053,0.0105042772479329,15.9453830000463,3.85310305991396
3.915,95,98.915,3700,14,0.66,0.000119248551825261,2.87950808613863e-05,4.14128206131106,0.0435257214162201,0.010510204514406,15.9250015394722,3.84542789013282
3.92,95,98.92,3700,14,0.66,0.000119400976188107,2.88113316119785e-05,4.14423664258773,0.0435813563086591,0.0105161360383721,15.9046720724069,3.83778086148955
3.925,95,98.925,3700,14,0.66,0.000119553400876211,2.8827594007474e-05,4.14718622876453,0.0436369913198171,0.010522071812728,15.8843944001511,3.83016183116598
3.93,95,98.93,3700,14,0.66,0.000119705825889574,2.88438680284419e-05,4.15013082751372,0.0436926264496946,0.0105280118303813,15.8641683250147,3.82257065725292
3.935,95,98.935,3700,14,0.66,0.000119858251228221,2.88601536554827e-05,4.15307044650647,0.0437482616983006,0.0105339560842512,15.8439936503093,3.81500719874308
3.94,95,98.94,3700,14,0.66,0.000120010676892129,2.88764508692258e-05,4.1560050934108,0.0438038970656271,0.0105399045672674,15.8238701803511,3.80747131552828
3.945,95,98.945,3700,14,0.66,0.000120163102881316,2.88927596503284e-05,4.15893477589465,0.0438595325516804,0.0105458572723699,15.8037977204431,3.799962868387
3.95,95,98.95,3700,14,0.66,0.000120315529195752,2.89090799794774e-05,4.16185950162246,0.0439151681564494,0.0105518141925093,15.7837760768804,3.79248171898336
3.955,95,98.955,3700,14,0.66,0.000120467955835485,2.89254118373945e-05,4.16477927825888,0.0439708038799519,0.010557775320649,15.7638050569273,3.78502772985307
3.96,95,98.96,3700,14,0.66,0.000120620382800485,2.8941755204825e-05,4.16769411346468,0.044026439722177,0.0105637406497611,15.7438844688319,3.77760076440536
3.965,95,98.965,3700,14,0.66,0.000120772810090769,2.8958110062548e-05,4.17060401489967,0.0440820756831308,0.01056971017283,15.7240141218032,3.77020068690973
3.97,95,98.97,3700,14,0.66,0.000120925237706316,2.89744763913684e-05,4.17350899022077,0.0441377117628052,0.0105756838828495,15.7041938260166,3.76282736249381
3.975,95,98.975,3700,14,0.66,0.000121077665647149,2.89908541721267e-05,4.17640904708352,0.0441933479612094,0.0105816617728263,15.6844233925964,3.75548065713276
3.98,95,98.98,3700,14,0.66,0.000121230093913271,2.90072433856872e-05,4.17930419314124,0.0442489842783439,0.0105876438357758,15.6647026336191,3.74816043764579
3.985,95,98.985,3700,14,0.66,0.000121382522504667,2.90236440129477e-05,4.18219443604384,0.0443046207142034,0.0105936300647259,15.6450313621065,3.74086657169052
3.99,95,98.99,3700,14,0.66,0.000121534951421338,2.9040056034831e-05,4.18507978344008,0.0443602572687885,0.0105996204527133,15.6254093920154,3.73359892775365
3.995,95,98.995,3700,14,0.66,0.00012168738066331,2.90564794322972e-05,4.18796024297599,0.0444158939421083,0.0106056149927885,15.605836538231,3.7263573751458
4,95,99,3700,14,0.66,0.00012183981023056,2.90729141863295e-05,4.1908358222944,0.0444715307341546,0.0106116136780103,15.5863126165703,3.71914178399789
4.005,95,99.005,3700,14,0.66,0.000121992240123106,2.90893602779433e-05,4.19370652903651,0.0445271676449337,0.0106176165014493,15.5668374437648,3.71195202525084
4.01,95,99.01,3700,14,0.66,0.000122144670340933,2.9105817688183e-05,4.19657237083992,0.0445828046744405,0.0106236234561868,15.5474108374642,3.70478797065341
4.015,95,99.015,3700,14,0.66,0.000122297100884042,2.91222863981226e-05,4.19943335534005,0.0446384418226752,0.0106296345353147,15.5280326162246,3.69764949275334
4.02,95,99.02,3700,14,0.66,0.00012244953175245,2.91387663888674e-05,4.20228949016979,0.0446940790896444,0.0106356497319366,15.5087025995027,3.69053646489167
4.025,95,99.025,3700,14,0.66,0.00012260196294616,2.91552576415507e-05,4.20514078295893,0.0447497164753484,0.010641669039166,15.4894206076542,3.68344876119824
4.03,95,99.03,3700,14,0.66,0.000122754394465156,2.91717601373354e-05,4.20798724133376,0.044805353979782,0.0106476924501274,15.4701864619287,3.676386256586
4.035,95,99.035,3700,14,0.66,0.00012290682630944,2.91882738574126e-05,4.21082887291832,0.0448609916029456,0.0106537199579556,15.4509999844594,3.66934882674324
4.04,95,99.04,3700,14,0.66,0.000123059258479037,2.92047987830085e-05,4.21366568533367,0.0449166293448486,0.0106597515557981,15.4318609982572,3.66233634812802
4.045,95,99.045,3700,14,0.66,0.000123211690973925,2.92213348953734e-05,4.21649768619685,0.0449722672054826,0.0106657872368113,15.4127693272142,3.65534869796551
4.05,95,99.05,3700,14,0.66,0.000123364123794121,2.92378821757875e-05,4.21932488312307,0.0450279051848541,0.0106718269941624,15.3937247960871,3.64838575423774
4.055,95,99.055,3700,14,0.66,0.000123516556939602,2.92544406055625e-05,4.22214728372268,0.0450835432829548,0.0106778708210303,15.3747272305017,3.64144739568292
4.06,95,99.06,3700,14,0.66,0.000123668990410394,2.92710101660395e-05,4.22496489560433,0.0451391814997938,0.0106839187106044,15.3557764569371,3.63453350178444
4.065,95,99.065,3700,14,0.66,0.000123821424206498,2.92875908385901e-05,4.22777772637235,0.0451948198353719,0.0106899706560854,15.3368723027291,3.62764395276969
4.07,95,99.07,3700,14,0.66,0.0001239738583279,2.93041826046117e-05,4.23058578362769,0.0452504582896835,0.0106960266506833,15.3180145960637,3.62077862960355
4.075,95,99.075,3700,14,0.66,0.000124126292774601,2.93207854455319e-05,4.23338907496818,0.0453060968627293,0.0107020866876191,15.2992031659685,3.61393741398162
4.08,95,99.08,3700,14,0.66,0.000124278727546618,2.93373993428149e-05,4.23618760798766,0.0453617355545155,0.0107081507601274,15.2804378423071,3.60712018832561
4.085,95,99.085,3700,14,0.66,0.000124431162643953,2.93540242779444e-05,4.23898139027724,0.0454173743650427,0.0107142188614497,15.2617184557779,3.60032683577781
4.09,95,99.09,3700,14,0.66,0.00012458359806659,2.93706602324395e-05,4.24177042942296,0.0454730132943055,0.0107202909848404,15.2430448379093,3.59355724019768
4.095,95,99.095,3700,14,0.66,0.000124736033814533,2.93873071878447e-05,4.24455473300822,0.0455286523423045,0.0107263671235633,15.2244168210506,3.5868112861536
4.1,95,99.1,3700,14,0.66,0.000124888469887805,2.94039651257412e-05,4.24733430861247,0.0455842915090489,0.0107324472708955,15.2058342383658,3.58008885891851
4.105,95,99.105,3700,14,0.66,0.000125040906286385,2.94206340277322e-05,4.25010916381067,0.0456399307945304,0.0107385314201223,15.1872969238379,3.57338984446716
4.11,95,99.11,3700,14,0.66,0.000125193343010289,2.94373138754527e-05,4.25287930617493,0.0456955701987555,0.0107446195645402,15.1688047122525,3.56671412946712
4.115,95,99.115,3700,14,0.66,0.000125345780059495,2.94540046505668e-05,4.25564474327206,0.0457512097217158,0.0107507116974569,15.1503574392033,3.56006160127796
4.12,95,99.12,3700,14,0.66,0.000125498217434029,2.94707063347701e-05,4.25840548266615,0.0458068493634206,0.0107568078121911,15.1319549410762,3.55343214794149
4.125,95,99.125,3700,14,0.66,0.000125650655133892,2.94874189097865e-05,4.26116153191657,0.0458624891238705,0.0107629079020721,15.1135970550534,3.54682565818048
4.13,95,99.13,3700,14,0.66,0.000125803093159069,2.95041423573674e-05,4.26391289857828,0.04591812900306,0.0107690119604391,15.0952836191072,3.54024202139319
4.135,95,99.135,3700,14,0.66,0.000125955531509577,2.95208766592942e-05,4.26665959020298,0.0459737690009956,0.0107751199806424,15.0770144719902,3.53368112764603
4.14,95,99.14,3700,14,0.66,0.000126107970185387,2.9537621797379e-05,4.26940161433636,0.0460294091176661,0.0107812319560433,15.0587894532393,3.52714286767328
4.145,95,99.145,3700,14,0.66,0.000126260409186546,2.95543777534628e-05,4.27213897852248,0.0460850493530894,0.0107873478800139,15.0406084031562,3.52062713286495
4.15,95,99.15,3700,14,0.66,0.000126412848513026,2.95711445094163e-05,4.27487169029837,0.0461406897072545,0.0107934677459369,15.0224711628219,3.51413381527094
4.155,95,99.155,3700,14,0.66,0.000126565288164843,2.95879220471381e-05,4.27759975719839,0.0461963301801676,0.0107995915472054,15.0043775740766,3.50766280758902
4.16,95,99.16,3700,14,0.66,0.000126717728141974,2.96047103485542e-05,4.28032318675135,0.0462519707718205,0.0108057192772223,14.9863274795255,3.50121400316496
4.165,95,99.165,3700,14,0.66,0.000126870168444445,2.96215093956258e-05,4.28304198648231,0.0463076114822226,0.0108118509294034,14.9683207225241,3.49478729598391
4.17,95,99.17,3700,14,0.66,0.000127022609072258,2.96383191703383e-05,4.28575616391165,0.0463632523113742,0.0108179864971735,14.9503571471818,3.48838258066844
4.175,95,99.175,3700,14,0.66,0.000127175050025397,2.96551396547083e-05,4.28846572655429,0.04641889325927,0.0108241259739685,14.9324365983569,3.48199975247438
4.18,95,99.18,3700,14,0.66,0.000127327491303865,2.96719708307786e-05,4.29117068192143,0.0464745343259107,0.0108302693532342,14.914558921648,3.4756387072839
4.185,95,99.185,3700,14,0.66,0.000127479932907686,2.96888126806271e-05,4.29387103751948,0.0465301755113053,0.0108364166284289,14.8967239633887,3.46929934160165
4.19,95,99.19,3700,14,0.66,0.000127632374836838,2.9705665186356e-05,4.29656680084916,0.0465858168154458,0.0108425677930199,14.878931570652,3.46298155255292
4.195,95,99.195,3700,14,0.66,0.000127784817091338,2.97225283300973e-05,4.29925797940756,0.0466414582383383,0.0108487228404855,14.8611815912349,3.45668523787512
4.2,95,99.2,3700,14,0.66,0.000127937259671156,2.97394020940113e-05,4.30194458068539,0.0466970997799718,0.0108548817643141,14.8434738736651,3.45041029591791
4.205,95,99.205,3700,14,0.66,0.000128089702576341,2.97562864602925e-05,4.30462661217039,0.0467527414403643,0.0108610445580068,14.8258082671813,3.44415662563267
4.21,95,99.21,3700,14,0.66,0.000128242145806862,2.97731814111592e-05,4.30730408134334,0.0468083832195046,0.0108672112150731,14.8081846217478,3.43792412657559
4.215,95,99.215,3700,14,0.66,0.000128394589362737,2.979008692886e-05,4.30997699568144,0.046864025117399,0.0108733817290339,14.790602788035,3.43171269889725
4.22,95,99.22,3700,14,0.66,0.000128547033243943,2.98070029956713e-05,4.31264536265561,0.0469196671340394,0.01087955609342,14.7730626174259,3.4255222433428
4.225,95,99.225,3700,14,0.66,0.000128699477450506,2.98239295939036e-05,4.31530918973248,0.0469753092694349,0.0108857343017748,14.7555639620014,3.41935266124377
4.23,95,99.23,3700,14,0.66,0.000128851921982427,2.98408667058903e-05,4.31796848437358,0.047030951523586,0.01089191634765,14.7381066745446,3.41320385451648
4.235,95,99.235,3700,14,0.66,0.000129004366839692,2.98578143139971e-05,4.32062325403422,0.0470865938964875,0.0108981022246089,14.7206906085354,3.40707572565845
4.24,95,99.24,3700,14,0.66,0.000129156812022301,2.98747724006172e-05,4.32327350616511,0.0471422363881399,0.0109042919262253,14.7033156181434,3.40096817774218
4.245,95,99.245,3700,14,0.66,0.00012930925753028,2.98917409481739e-05,4.32591924821226,0.0471978789985523,0.0109104854460835,14.6859815582223,3.39488111441087
4.25,95,99.25,3700,14,0.66,0.000129461703363607,2.99087199391196e-05,4.32856048761471,0.0472535217277166,0.0109166827777786,14.6686882843142,3.38881443987804
4.255,95,99.255,3700,14,0.66,0.000129614149522299,2.99257093559342e-05,4.33119723180753,0.0473091645756391,0.010922883914916,14.6514356526361,3.38276805891881
4.26,95,99.26,3700,14,0.66,0.000129766596006341,2.99427091811268e-05,4.33382948821927,0.0473648075423145,0.0109290888511113,14.634223520083,3.37674187686976
4.265,95,99.265,3700,14,0.66,0.000129919042815735,2.99597193972341e-05,4.33645726427361,0.0474204506277433,0.0109352975799905,14.6170517442198,3.37073579962244
4.27,95,99.27,3700,14,0.66,0.000130071489950498,2.99767399868269e-05,4.33908056738849,0.0474760938319318,0.0109415100951918,14.5999201832764,3.36474973362006
4.275,95,99.275,3700,14,0.66,0.000130223937410631,2.99937709324994e-05,4.34169940497641,0.0475317371548805,0.0109477263903623,14.5828286961478,3.35878358585422
4.28,95,99.28,3700,14,0.66,0.000130376385196121,3.0010812216876e-05,4.34431378444353,0.0475873805965841,0.0109539464591597,14.5657771423902,3.35283726386166
4.285,95,99.285,3700,14,0.66,0.000130528833306967,3.00278638226075e-05,4.34692371319116,0.0476430241570431,0.0109601702952517,14.5487653822134,3.3469106757185
4.29,95,99.29,3700,14,0.66,0.000130681281743197,3.00449257323818e-05,4.34952919861444,0.0476986678362668,0.0109663978923193,14.5317932764764,3.34100373003718
4.295,95,99.295,3700,14,0.66,0.000130833730504786,3.00619979289061e-05,4.35213024810247,0.0477543116342469,0.0109726292440507,14.5148606866915,3.33511633596443
4.3,95,99.3,3700,14,0.66,0.000130986179591753,3.00790803949206e-05,4.35472686903926,0.0478099555509898,0.010978864344146,14.4979674750104,3.32924840317459
4.305,95,99.305,3700,14,0.66,0.000131138629004075,3.0096173113191e-05,4.35731906880205,0.0478655995864872,0.0109851031863147,14.48111350423,3.32339984186911
4.31,95,99.31,3700,14,0.66,0.000131291078741776,3.01132760665187e-05,4.3599068547627,0.0479212437407484,0.0109913457642793,14.4642986377782,3.31757056276963
4.315,95,99.315,3700,14,0.66,0.00013144352880486,3.01303892377279e-05,4.3624902342872,0.0479768880137739,0.0109975920717707,14.4475227397189,3.31176047711647
4.32,95,99.32,3700,14,0.66,0.00013159597919331,3.0147512609671e-05,4.36506921473501,0.0480325324055583,0.0110038421025299,14.4307856747469,3.30596949666534
4.325,95,99.325,3700,14,0.66,0.000131748429907129,3.01646461652303e-05,4.36764380345993,0.0480881769161022,0.011010095850309,14.4140873081809,3.30019753368222
4.33,95,99.33,3700,14,0.66,0.000131900880946334,3.01817898873195e-05,4.37021400780973,0.0481438215454119,0.0110163533088716,14.3974275059601,3.29444450094007
4.335,95,99.335,3700,14,0.66,0.000132053332310926,3.0198943758878e-05,4.37277983512599,0.0481994662934879,0.0110226144719905,14.3808061346438,3.28871031171626
4.34,95,99.34,3700,14,0.66,0.00013220578400089,3.02161077628725e-05,4.37534129274372,0.0482551111603248,0.0110288793334485,14.364223061408,3.28299487978923
4.345,95,99.345,3700,14,0.66,0.000132358236016228,3.02332818822992e-05,4.37789838799209,0.0483107561459233,0.0110351478870392,14.3476781540385,3.27729811943374
4.35,95,99.35,3700,14,0.66,0.000132510688356966,3.0250466100185e-05,4.38045112819454,0.0483664012502926,0.0110414201265675,14.3311712809262,3.27161994541712
4.355,95,99.355,3700,14,0.66,0.00013266314102308,3.02676603995839e-05,4.38299952066675,0.0484220464734243,0.0110476960458481,14.3147023110716,3.26596027299908
4.36,95,99.36,3700,14,0.66,0.000132815594014589,3.02848647635765e-05,4.38554357271971,0.0484776918153249,0.0110539756387054,14.298271114072,3.26031901792391
4.365,95,99.365,3700,14,0.66,0.000132968047331469,3.03020791752728e-05,4.38808329165655,0.0485333372759861,0.0110602588989746,14.2818775601263,3.25469609642134
4.37,95,99.37,3700,14,0.66,0.000133120500973746,3.03193036178132e-05,4.39061868477529,0.0485889828554171,0.0110665458205018,14.2655215200223,3.24909142519908
4.375,95,99.375,3700,14,0.66,0.000133272954941421,3.03365380743651e-05,4.39314975936686,0.0486446285536185,0.0110728363971433,14.2492028651411,3.24350492144267
4.38,95,99.38,3700,14,0.66,0.000133425409234479,3.03537825281217e-05,4.3956765227156,0.048700274370585,0.0110791306227644,14.2329214674529,3.23793650281162
4.385,95,99.385,3700,14,0.66,0.000133577863852939,3.03710369623091e-05,4.39819898209967,0.0487559203063228,0.0110854284912428,14.2166771995083,3.23238608743468
4.39,95,99.39,3700,14,0.66,0.00013373031879677,3.03883013601758e-05,4.40071714478995,0.0488115663608209,0.0110917299964642,14.2004699344438,3.22685359390931
4.395,95,99.395,3700,14,0.66,0.00013388277406602,3.04055757050057e-05,4.40323101805234,0.0488672125340972,0.0110980351323271,14.1842995459645,3.22133894129374
4.4,95,99.4,3700,14,0.66,0.000134035229660659,3.04228599801066e-05,4.40574060914405,0.0489228588261406,0.0111043438927389,14.1681659083582,3.21584204911028
4.405,95,99.405,3700,14,0.66,0.000134187685580705,3.04401541688137e-05,4.40824592531735,0.0489785052369573,0.011110656271617,14.1520688964783,3.21036283733638
4.41,95,99.41,3700,14,0.66,0.000134340141826135,3.04574582544912e-05,4.41074697381635,0.0490341517665393,0.0111169722628893,14.1360083857502,3.2049012264059
4.415,95,99.415,3700,14,0.66,0.000134492598396974,3.04747722205337e-05,4.41324376187968,0.0490897984148956,0.0111232918604948,14.1199842521582,3.199457137202
4.42,95,99.42,3700,14,0.66,0.000134645055293224,3.04920960503626e-05,4.41573629673855,0.0491454451820269,0.0111296150583823,14.1039963722505,3.19403049105711
4.425,95,99.425,3700,14,0.66,0.000134797512514871,3.05094297274256e-05,4.41822458561716,0.0492010920679278,0.0111359418505103,14.0880446231351,3.18862120974939
4.43,95,99.43,3700,14,0.66,0.000134949970061915,3.05267732351992e-05,4.42070863573321,0.0492567390725988,0.0111422722308477,14.0721288824728,3.18322921549858
4.435,95,99.435,3700,14,0.66,0.000135102427934381,3.05441265571904e-05,4.423188454298,0.0493123861960492,0.0111486061933745,14.0562490284739,3.17785443096268
4.44,95,99.44,3700,14,0.66,0.000135254886132249,3.05614896769316e-05,4.42566404851467,0.0493680334382707,0.01115494373208,14.040404939902,3.17249677923796
4.445,95,99.445,3700,14,0.66,0.000135407344655533,3.05788625779847e-05,4.42813542558055,0.0494236807992697,0.0111612848409644,14.0245964960624,3.1671561838522
4.45,95,99.45,3700,14,0.66,0.000135559803504205,3.05962452439362e-05,4.43060259268486,0.049479328279035,0.0111676295140367,14.0088235768075,3.16183256876543
4.455,95,99.455,3700,14,0.66,0.000135712262678314,3.06136376584056e-05,4.43306555701168,0.0495349758775845,0.0111739777453181,13.9930860625211,3.15652585836194
4.46,95,99.46,3700,14,0.66,0.000135864722177828,3.06310398050375e-05,4.43552432573588,0.0495906235949073,0.0111803295288387,13.9773838341313,3.15123597745399
4.465,95,99.465,3700,14,0.66,0.000136017182002766,3.06484516675042e-05,4.43797890602681,0.0496462714310095,0.011186684858639,13.9617167730949,3.1459628512733
4.47,95,99.47,3700,14,0.66,0.000136169642153104,3.06658732295057e-05,4.4404293050454,0.049701919385883,0.0111930437287696,13.946084761403,3.14070640547231
4.475,95,99.475,3700,14,0.66,0.000136322102628869,3.0683304474772e-05,4.44287552994669,0.049757567459537,0.0111994061332918,13.9304876815695,3.13546656611752
4.48,95,99.48,3700,14,0.66,0.00013647456343006,3.0700745387058e-05,4.44531758787823,0.049813215651972,0.0112057720662762,13.914925416635,3.13024325968949
4.485,95,99.485,3700,14,0.66,0.000136627024556665,3.0718195950148e-05,4.44775548597953,0.0498688639631827,0.011212141521804,13.8993978501633,3.1250364130802
4.49,95,99.49,3700,14,0.66,0.000136779486008684,3.07356561478523e-05,4.45018923138368,0.0499245123931696,0.0112185144939661,13.8839048662352,3.11984595358843
4.495,95,99.495,3700,14,0.66,0.000136931947786142,3.07531259640139e-05,4.45261883121653,0.0499801609419419,0.0112248909768651,13.8684463494449,3.11467180891742
4.5,95,99.5,3700,14,0.66,0.000137084409889018,3.07706053824974e-05,4.45504429259597,0.0500358096094915,0.0112312709646116,13.8530221849045,3.10951390717427
4.505,95,99.505,3700,14,0.66,0.000137236872317328,3.0788094387198e-05,4.4574656226334,0.0500914583958246,0.0112376544513273,13.8376322582319,3.10437217686423
4.51,95,99.51,3700,14,0.66,0.000137389335071057,3.08055929620376e-05,4.459882828432,0.0501471073009359,0.0112440414311437,13.8222764555556,3.09924654689082
4.515,95,99.515,3700,14,0.66,0.000137541798150208,3.08231010909646e-05,4.4622959170882,0.050202756324826,0.0112504318982021,13.8069546635067,3.09413694655109
4.52,95,99.52,3700,14,0.66,0.000137694261554798,3.08406187579601e-05,4.46470489569079,0.0502584054675012,0.0112568258466554,13.7916667692165,3.08904330553356
4.525,95,99.525,3700,14,0.66,0.000137846725284827,3.08581459470266e-05,4.46710977132148,0.0503140547289618,0.0112632232706647,13.7764126603169,3.08396555391596
4.53,95,99.53,3700,14,0.66,0.000137999189340282,3.08756826421983e-05,4.4695105510534,0.0503697041092028,0.0112696241644024,13.7611922249371,3.07890362216368
4.535,95,99.535,3700,14,0.66,0.000138151653721163,3.08932288275314e-05,4.47190724195346,0.0504253536082246,0.011276028522049,13.7460053516985,3.0738574411248
4.54,95,99.54,3700,14,0.66,0.000138304118427497,3.09107844871193e-05,4.47429985108042,0.0504810032260363,0.0112824363377985,13.7308519297106,3.06882694202869
4.545,95,99.545,3700,14,0.66,0.00013845658345926,3.0928349605072e-05,4.47668838548546,0.0505366529626298,0.0112888476058513,13.7157318485754,3.06381205648471
4.55,95,99.55,3700,14,0.66,0.00013860904881647,3.09459241655346e-05,4.4790728522124,0.0505923028180114,0.0112952623204201,13.7006449983767,3.05881271647755
4.555,95,99.555,3700,14,0.66,0.000138761514499104,3.09635081526729e-05,4.48145325829707,0.050647952792173,0.0113016804757256,13.6855912696843,3.05382885436693
4.56,95,99.56,3700,14,0.66,0.000138913980507188,3.09811015506887e-05,4.48382961076799,0.0507036028851236,0.0113081020660014,13.6705705535437,3.04886040288276
4.565,95,99.565,3700,14,0.66,0.000139066446840723,3.09987043438035e-05,4.48620191664628,0.0507592530968638,0.0113145270854883,13.6555827414799,3.04390729512423
4.57,95,99.57,3700,14,0.66,0.000139218913499694,3.10163165162696e-05,4.48857018294443,0.0508149034273884,0.0113209555284384,13.6406277254942,3.03896946455813
4.575,95,99.575,3700,14,0.66,0.000139371380484104,3.10339380523629e-05,4.49093441666814,0.0508705538766978,0.0113273873891125,13.6257053980585,3.03404684501438
4.58,95,99.58,3700,14,0.66,0.000139523847793968,3.10515689363942e-05,4.49329462481486,0.0509262044447984,0.0113338226617839,13.6108156521125,3.02913937068468
4.585,95,99.585,3700,14,0.66,0.000139676315429289,3.10692091526941e-05,4.49565081437477,0.0509818551316906,0.0113402613407333,13.5959583810649,3.02424697612013
4.59,95,99.59,3700,14,0.66,0.000139828783390052,3.10868586856233e-05,4.49800299232932,0.0510375059373691,0.0113467034202525,13.58113347879,3.01936959622983
4.595,95,99.595,3700,14,0.66,0.000139981251676259,3.11045175195667e-05,4.50035116565309,0.0510931568618345,0.0113531488946419,13.5663408396225,3.01450716627661
4.6,95,99.6,3700,14,0.66,0.000140133720287934,3.11221856389425e-05,4.50269534131266,0.051148807905096,0.011359597758214,13.5515803583545,3.00965962187524
4.605,95,99.605,3700,14,0.66,0.000140286189225056,3.11398630281907e-05,4.50503552626598,0.0512044590671454,0.0113660500052896,13.5368519302393,3.00482689899215
4.61,95,99.61,3700,14,0.66,0.000140438658487641,3.11575496717805e-05,4.50737172746408,0.0512601103479889,0.0113725056301999,13.522155450981,3.00000893394004
4.615,95,99.615,3700,14,0.66,0.000140591128075667,3.11752455542047e-05,4.50970395184923,0.0513157617476184,0.0113789646272847,13.5074908167394,2.99520566337855
4.62,95,99.62,3700,14,0.66,0.000140743597989159,3.11929506599886e-05,4.51203220635655,0.0513714132660432,0.0113854269908958,13.4928579241194,2.99041702430907
4.625,95,99.625,3700,14,0.66,0.00014089606822812,3.12106649736822e-05,4.51435649791272,0.0514270649032636,0.011391892715394,13.4782566701752,2.98564295407486
4.63,95,99.63,3700,14,0.66,0.000141048538792533,3.12283884798605e-05,4.51667683343623,0.0514827166592745,0.0113983617951491,13.4636869524071,2.9808833903585
4.635,95,99.635,3700,14,0.66,0.000141201009682416,3.12461211631271e-05,4.51899321983827,0.051538368534082,0.0114048342245414,13.4491486687548,2.97613827117806
4.64,95,99.64,3700,14,0.66,0.00014135348089774,3.12638630081097e-05,4.52130566402092,0.0515940205276752,0.01141130999796,13.4346417176025,2.97140753488777
4.645,95,99.645,3700,14,0.66,0.000141505952438553,3.12816139994698e-05,4.52361417287969,0.0516496726400719,0.0114177891098065,13.4201659977642,2.96669112017152
4.65,95,99.65,3700,14,0.66,0.000141658424304825,3.12993741218876e-05,4.52591875330068,0.0517053248712611,0.011424271554489,13.4057214084968,2.96198896604589
4.655,95,99.655,3700,14,0.66,0.000141810896496573,3.13171433600761e-05,4.5282194121625,0.051760977221249,0.0114307573264278,13.3913078494854,2.95730101185406
4.66,95,99.66,3700,14,0.66,0.000141963369013774,3.13349216987679e-05,4.53051615633544,0.0518166296900275,0.0114372464200503,13.3769252208495,2.95262719726609
4.665,95,99.665,3700,14,0.66,0.000142115841856454,3.13527091227325e-05,4.53280899268165,0.0518722822776057,0.0114437388297974,13.3625734231322,2.94796746227482
4.67,95,99.67,3700,14,0.66,0.000142268315024614,3.1370505616758e-05,4.53509792805554,0.0519279349839842,0.0114502345501167,13.348252357305,2.94332174719502
4.675,95,99.675,3700,14,0.66,0.00014242078851824,3.1388311165661e-05,4.53738296930258,0.0519835878091577,0.0114567335754663,13.3339619247642,2.93868999266194
4.68,95,99.68,3700,14,0.66,0.000142573262337333,3.14061257542847e-05,4.53966412326048,0.0520392407531266,0.0114632359003139,13.3197020273264,2.93407213962779
4.685,95,99.685,3700,14,0.66,0.000142725736481919,3.1423949367501e-05,4.54194139675922,0.0520948938159003,0.0114697415191379,13.3054725672247,2.9294681293595
4.69,95,99.69,3700,14,0.66,0.000142878210951974,3.14417819902063e-05,4.5442147966193,0.0521505469974704,0.0114762504264253,13.2912734471139,2.92487790343935
4.695,95,99.695,3700,14,0.66,0.000143030685747516,3.14596236073245e-05,4.54648432965407,0.0522062002978433,0.0114827626166734,13.2771045700596,2.92030140375956
4.7,95,99.7,3700,14,0.66,0.000143183160868515,3.14774742038016e-05,4.54875000266771,0.052261853717008,0.0114892780843876,13.2629658395444,2.91573857252346
4.705,95,99.705,3700,14,0.66,0.00014333563631502,3.14953337646197e-05,4.5510118224572,0.0523175072549823,0.0114957968240862,13.2488571594537,2.91118935223956
4.71,95,99.71,3700,14,0.66,0.000143488112087,3.15132022747769e-05,4.55326979581024,0.0523731609117551,0.0115023188302936,13.2347784340885,2.9066536857242
4.715,95,99.715,3700,14,0.66,0.000143640588184473,3.15310797193057e-05,4.55552392950647,0.0524288146873327,0.0115088440975466,13.2207295681513,2.90213151609624
4.72,95,99.72,3700,14,0.66,0.000143793064607416,3.15489660832568e-05,4.55777423031711,0.052484468581707,0.0115153726203887,13.206710466752,2.89762278677703
4.725,95,99.725,3700,14,0.66,0.000143945541355855,3.15668613517156e-05,4.56002070500531,0.0525401225948871,0.0115219043933762,13.1927210353978,2.89312744148657
4.73,95,99.73,3700,14,0.66,0.000144098018429791,3.15847655097896e-05,4.56226336032566,0.0525957767268736,0.0115284394110732,13.1787611799976,2.88864542424331
4.735,95,99.735,3700,14,0.66,0.000144250495829209,3.16026785426123e-05,4.56450220302386,0.0526514309776611,0.0115349776680535,13.1648308068594,2.88417667936233
4.74,95,99.74,3700,14,0.66,0.00014440297355411,3.16206004353425e-05,4.56673723983781,0.0527070853472503,0.0115415191589,13.1509298226848,2.87972115145207
4.745,95,99.745,3700,14,0.66,0.000144555451604521,3.16385311731707e-05,4.56896847749693,0.0527627398356501,0.0115480638782073,13.1370581345665,2.87527878541275
4.75,95,99.75,3700,14,0.66,0.000144707929980418,3.16564707413057e-05,4.57119592272179,0.0528183944428526,0.0115546118205766,13.123215649993,2.87084952643621
4.755,95,99.755,3700,14,0.66,0.000144860408681819,3.16744191249891e-05,4.57341958222475,0.052874049168864,0.011561162980621,13.1094022768379,2.86643332000184
4.76,95,99.76,3700,14,0.66,0.000145012887708709,3.1692376309483e-05,4.57563946270948,0.052929704013679,0.0115677173529613,13.0956179233651,2.86203011187654
4.765,95,99.765,3700,14,0.66,0.00014516536706109,3.17103422800791e-05,4.57785557087114,0.052985358977298,0.0115742749322289,13.081862498222,2.85763984811181
4.77,95,99.77,3700,14,0.66,0.000145317846738979,3.17283170220968e-05,4.58006791339656,0.0530410140597275,0.0115808357130653,13.0681359104375,2.85326247504182
4.775,95,99.775,3700,14,0.66,0.000145470326742378,3.17463005208766e-05,4.58227649696429,0.0530966692609679,0.0115873996901199,13.0544380694231,2.84889793928226
4.78,95,99.78,3700,14,0.66,0.000145622807071271,3.17642927617877e-05,4.58448132824335,0.0531523245810139,0.0115939668580525,13.0407688849706,2.84454618772927
4.785,95,99.785,3700,14,0.66,0.000145775287725661,3.17822937302235e-05,4.58668241389498,0.0532079800198661,0.0116005372115316,13.0271282672476,2.84020716755601
4.79,95,99.79,3700,14,0.66,0.000145927768705572,3.18003034116082e-05,4.58887976057181,0.0532636355775336,0.011607110745237,13.0135161267946,2.83588082621128
4.795,95,99.795,3700,14,0.66,0.000146080250010982,3.18183217913858e-05,4.59107337491727,0.0533192912540083,0.0116136874538558,12.9999323745294,2.83156711141949
4.8,95,99.8,3700,14,0.66,0.000146232731641908,3.18363488550292e-05,4.59326326356696,0.0533749470492964,0.0116202673320857,12.9863769217375,2.8272659711764
4.805,95,99.805,3700,14,0.66,0.000146385213598328,3.18543845880349e-05,4.5954494331469,0.0534306029633898,0.0116268503746327,12.9728496800772,2.82297735375006
4.81,95,99.81,3700,14,0.66,0.000146537695880267,3.18724289759293e-05,4.59763189027531,0.0534862589962976,0.0116334365762142,12.95935056157,2.81870120767627
4.815,95,99.815,3700,14,0.66,0.000146690178487727,3.18904820042615e-05,4.59981064156148,0.0535419151480204,0.0116400259315555,12.9458794786046,2.81443748175901
4.82,95,99.82,3700,14,0.66,0.000146842661420693,3.19085436586053e-05,4.60198569360566,0.0535975714185529,0.0116466184353909,12.932436343935,2.81018612506864
4.825,95,99.825,3700,14,0.66,0.000146995144679166,3.19266139245608e-05,4.60415705299973,0.0536532278078956,0.0116532140824647,12.9190210706753,2.80594708693923
4.83,95,99.83,3700,14,0.66,0.000147147628263164,3.19446927877574e-05,4.60632472632691,0.0537088843160548,0.0116598128675315,12.905633572298,2.80172031696709
4.835,95,99.835,3700,14,0.66,0.000147300112172688,3.19627802338455e-05,4.60848872016181,0.053764540943031,0.0116664147853536,12.8922737626348,2.7975057650097
4.84,95,99.84,3700,14,0.66,0.000147452596407723,3.19808762485033e-05,4.61064904106947,0.053820197688819,0.0116730198307037,12.8789415558751,2.79330338118465
4.845,95,99.845,3700,14,0.66,0.000147605080968272,3.19989808174312e-05,4.61280569560718,0.0538758545534191,0.0116796279983624,12.865636866561,2.78911311586635
4.85,95,99.85,3700,14,0.66,0.000147757565854358,3.20170939263627e-05,4.61495869032308,0.0539315115368407,0.0116862392831224,12.8523596095847,2.78493491968505
4.855,95,99.855,3700,14,0.66,0.00014791005106596,3.20352155610482e-05,4.61710803175631,0.0539871686390755,0.0116928536797826,12.8391097001937,2.78076874352662
4.86,95,99.86,3700,14,0.66,0.000148062536603096,3.20533457072685e-05,4.61925372643768,0.0540428258601299,0.011699471183153,12.8258870539802,2.77661453852879
4.865,95,99.865,3700,14,0.66,0.000148215022465741,3.20714843508261e-05,4.62139578088857,0.0540984831999956,0.0117060917880515,12.8126915868873,2.77247225608185
4.87,95,99.87,3700,14,0.66,0.000148367508653923,3.20896314775547e-05,4.62353420162209,0.0541541406586818,0.0117127154893074,12.7995232151989,2.76834184782464
4.875,95,99.875,3700,14,0.66,0.000148519995167642,3.21077870733082e-05,4.62566899514258,0.0542097982361892,0.0117193422817575,12.7863818555446,2.76422326564474
4.88,95,99.88,3700,14,0.66,0.000148672482006883,3.2125951123967e-05,4.62780016794487,0.0542654559325123,0.0117259721602479,12.773267424897,2.76011646167718
4.885,95,99.885,3700,14,0.66,0.000148824969171664,3.21441236154374e-05,4.62992772651577,0.0543211137476575,0.0117326051196347,12.7601798405659,2.75602138830113
4.89,95,99.89,3700,14,0.66,0.000148977456661955,3.21623045336492e-05,4.63205167733208,0.0543767716816136,0.011739241154782,12.7471190202032,2.75193799814107
4.895,95,99.895,3700,14,0.66,0.000149129944477805,3.21804938645614e-05,4.63417202686355,0.0544324297343987,0.0117458802605649,12.7340848817908,2.74786624406115
4.9,95,99.9,3700,14,0.66,0.000149282432619182,3.21986915941528e-05,4.63628878156936,0.0544880879060016,0.0117525224318658,12.7210773436518,2.74380607916873
5,95,100,3700,14,0.66,0.000152332263811489,3.25643885414403e-05,4.6778788312772,0.0556012762911936,0.0118860018176257,12.466389744901,2.66496636500039
6,95,101,3700,14,0.66,0.000182837740008052,3.63835081103488e-05,5.0252916638362,0.0667357751029391,0.0132799804602773,10.3864408481174,2.06683343831802
7,95,102,3700,14,0.66,0.000213356249948313,4.04390688091626e-05,5.27599314799186,0.0778750312311343,0.0147602601153443,8.9007627939522,1.68703077208127
8,95,103,3700,14,0.66,0.000243887804774605,4.46680954479018e-05,5.46000008124503,0.0890190487427308,0.0163038548384842,7.78650401627154,1.42609961545935
9,95,104,3700,14,0.66,0.000274432415643555,4.90269808589848e-05,5.59757934988693,0.100167831709898,0.0178948480135294,6.91985808944545,1.2362233131336
10,95,105,3700,14,0.66,0.00030499009372611,5.34851446920678e-05,5.70233277823294,0.11132138421003,0.0195220778126047,6.22654115809578,1.09192875972863
11,95,106,3700,14,0.66,0.000335560850207558,5.80207784692187e-05,5.78345997866231,0.122479710325759,0.0211775841412648,5.65928167789086,0.978528717890398
12,95,107,3700,14,0.66,0.000366144696287557,6.26180460999597e-05,5.84727117967025,0.133642814144958,0.0228555868264853,5.18656528594279,0.887006113890426
13,95,108,3700,14,0.66,0.000396741643180156,6.72652411247749e-05,5.89816726359775,0.144810699760757,0.0245518130105428,4.78657434640603,0.81153587758485
14,95,109,3700,14,0.66,0.000427351702113822,7.19535615883614e-05,5.9392710059115,0.155983371271545,0.0262630499797519,4.44372483367649,0.74819364687241
15,95,110,3700,14,0.66,0.000457974884331463,7.66762837978994e-05,5.97283621019736,0.167160832780984,0.0279868435862333,4.14658846231111,0.694241113665847
16,95,111,3700,14,0.66,0.000488611201090453,8.14281960793091e-05,6.00051609413719,0.178343088398015,0.0297212915689478,3.8865940182275,0.64770995648606
17,95,112,3700,14,0.66,0.000519260663662659,8.62052042861875e-05,6.02354194230312,0.18953014223687,0.0314648995644584,3.65718704359788,0.607148929754035
18,95,113,3700,14,0.66,0.000549923283334462,9.10040525011047e-05,6.04284389783397,0.200721998417079,0.0332164791629032,3.45326962677833,0.571464311367721
19,95,114,3700,14,0.66,0.000580599071406787,9.58221222165729e-05,6.05913392415317,0.211918661063477,0.0349750746090491,3.27081710068148,0.539815944262796
20,95,115,3700,14,0.66,0.000611288039195124,0.000100657285820618,6.07296366290372,0.22312013430622,0.0367399093245254,3.10660973163739,0.511547558009264
21,95,116,3700,14,0.66,0.000641990198029552,0.000105507798227309,6.08476538053072,0.234326422280786,0.0385103463529679,2.95804106857983,0.486138886808126
22,95,117,3700,14,0.66,0.00067270555925477,0.00011037221568792,6.09488135272068,0.245537529127991,0.0402858587260909,2.82297856063637,0.463172028668979
23,95,118,3700,14,0.66,0.000703434134230123,0.000115249334234168,6.10358523027004,0.256753458993995,0.0420660069954713,2.69966053534709,0.442307337982016
24,95,119,3700,14,0.66,0.000734175934329602,0.00012013814248355,6.11109776755645,0.267974216030305,0.0438504220064958,2.58661893232877,0.423265840396306
25,95,120,3700,14,0.66,0.000764930970941911,0.000125037785078176,6.11759853602381,0.279199804393798,0.0456387915535344,2.48262058085935,0.40581619833997
26,95,121,3700,14,0.66,0.000795699255470466,0.000129947534085546,6.12323474292825,0.29043022824672,0.0474308499412242,2.38662202878936,0.38976490841637
27,95,122,3700,14,0.66,0.000826480799333423,0.00013486676642415,6.12812793875534,0.301665491756699,0.0492263697448147,2.29773440947295,0.374948831427242
28,95,123,3700,14,0.66,0.000857275613963707,0.000139794945893403,6.13237916782341,0.312905599096753,0.0510251552510922,2.21519583721357,0.36122943095833
29,95,124,3700,14,0.66,0.000888083710809038,0.000144731608755148,6.1360729590968,0.324150554445299,0.0528270371956289,2.13834951399695,0.348488280411793
30,95,125,3700,14,0.66,0.000918905101331953,0.000149676352078682,6.13928044457483,0.335400361986163,0.0546318685087191,2.06662621487732,0.336623523478807
31,95,126,3700,14,0.66,0.000949739797009835,0.000154628824253832,6.14206181540114,0.34665502590859,0.0564395208526487,1.99953016328897,0.325547059502914
32,95,127,3700,14,0.66,0.000980587809334935,0.000159588717218055,6.14446827086845,0.357914550407251,0.05824988178459,1.93662755473688,0.31518228581611
33,95,128,3700,14,0.66,0.0010114491498144,0.000164555760048561,6.14654357596427,0.369178939682258,0.0600628524177249,1.877537167089,0.305462272232317
34,95,129,3700,14,0.66,0.00104232382997031,0.00016952971364897,6.14832531439627,0.380448197939164,0.0618783454818739,1.82192262787583,0.296328273913842
35,95,130,3700,14,0.66,0.00107321186133968,0.00017451036631932,6.14984590299871,0.391722329388981,0.0636962837065518,1.7694860071958,0.28772851143034
36,95,131,3700,14,0.66,0.00110411325547449,0.000179497530043389,6.15113341786705,0.403001338248188,0.065516598465837,1.71996247846967,0.279617163476528
37,95,132,3700,14,0.66,0.00113502802394174,0.000184491037361888,6.15221227096971,0.414285228738734,0.067339228637089,1.67311584501864,0.271953530100631
38,95,133,3700,14,0.66,0.00116595617832344,0.000189490738726785,6.15310376727468,0.425574005088056,0.0691641196352764,1.62873477297215,0.264701333599246
39,95,134,3700,14,0.66,0.00119689773021667,0.000194496500252864,6.1538265658281,0.436867671529084,0.0709912225922955,1.58662960372841,0.257828131286457
40,95,135,3700,14,0.66,0.00122785269123356,0.000199508201798824,6.15439706319281,0.44816623230025,0.0728204936565708,1.54662964454575,0.251304819735402
41,95,136,3700,14,0.66,0.00125882107300137,0.000204525735323092,6.15482971379028,0.4594696916455,0.0746518933929285,1.50858085563288,0.245105214243834
42,95,137,3700,14,0.66,0.00128980288716247,0.000209549003469674,6.15513729870415,0.470778053814303,0.0764853862664309,1.47234386765479,0.239205690499343
43,95,138,3700,14,0.66,0.0013207981453744,0.000214577918347439,6.15533115218222,0.482091323061658,0.0783209401968152,1.43779227586574,0.233584877940483
44,95,139,3700,14,0.66,0.00135180685930988,0.000219612400472745,6.15542135325663,0.493409503648106,0.0801585261725518,1.40481116686048,0.228223396293942
45,95,140,3700,14,0.66,0.00138282904065683,0.000224652377850513,6.15541688847373,0.504732599839741,0.0819981179154371,1.37329584175864,0.223103628339162
46,95,141,3700,14,0.66,0.0014138647011184,0.000229697785173131,6.1553257905936,0.516060615908217,0.0838396915881929,1.3431507059303,0.218209523203932
47,95,142,3700,14,0.66,0.00144491385241303,0.000234748563119927,6.15515525722244,0.527393556130757,0.0856832255387733,1.31428830045867,0.213526425497795
48,95,143,3700,14,0.66,0.00147597650627443,0.000239804657742855,6.15491175261963,0.538731424790165,0.0875287000761421,1.28662845467001,0.209040926398726
49,95,144,3700,14,0.66,0.00150705267445161,0.000244866019926268,6.15460109534756,0.550074226174837,0.089376097273088,1.26009754243536,0.204740733463279
50,95,145,3700,14,0.66,0.00153814236870895,0.000249932604910585,6.1542285339651,0.561421964578765,0.0912254007923635,1.23462782771603,0.200614556463435
51,95,146,3700,14,0.66,0.00156924560082618,0.000255004371871222,6.15379881258917,0.572774644301554,0.0930765957329961,1.21015688710378,0.196652006989259
52,95,147,3700,14,0.66,0.00160036238259843,0.000260081283545469,6.15331622784244,0.584132269648426,0.0949296684940962,1.18662709899101,0.192843509914504
53,95,148,3700,14,0.66,0.00163149272583625,0.000265163305901067,6.15278467845382,0.595494844930231,0.0967846066538895,1.16398519057063,0.189180225117701
54,95,149,3700,14,0.66,0.00166263664236565,0.000270250407841155,6.1522077085741,0.606862374463461,0.0986413988620215,1.14218183516942,0.185653978095961
55,95,150,3700,14,0.66,0.00169379414402809,0.000275342560941031,6.15158854569833,0.618234862570254,0.100500034743476,1.12117129350851,0.182257198312218
56,95,151,3700,14,0.66,0.00172496524268057,0.000280439739212797,6.1509301339482,0.629612313578408,0.102360504812671,1.10091109340038,0.17898286428653
57,95,152,3700,14,0.66,0.00175614995019558,0.000285541918894503,6.15023516335061,0.640994731821388,0.104222800396494,1.08136174316186,0.17582445458439
58,95,153,3700,14,0.66,0.0017873482784612,0.000290649078260874,6.14950609565309,0.652382121638338,0.106086913565219,1.06248647467413,0.172775903974657
59,95,154,3700,14,0.66,0.00181856023938107,0.0002957611974531,6.14874518713513,0.66377448737409,0.107952837070381,1.04425101257214,0.169831564130678
60,95,155,3700,14,0.66,0.00184978584487445,0.000300878258325465,6.14795450880838,0.675171833379175,0.109820564288795,1.02662336651517,0.166986168333596
61,95,156,3700,14,0.66,0.00188102510687625,0.000306000244306932,6.14713596434092,0.686574164009832,0.11169008917203,1.00957364388972,0.164234799709358
62,95,157,3700,14,0.66,0.00191227803733703,0.000311127140275997,6.14629130599365,0.697981483628015,0.113561406200739,0.993073880638005,0.161572862592698
63,95,158,3700,14,0.66,0.00194354464822305,0.000316258932447351,6.1454221488166,0.709393796601411,0.115434510343283,0.977097888197922,0.158996056664078
64,95,159,3700,14,0.66,0.00197482495151628,0.000321395608269089,6.14452998331843,0.720811107303443,0.117309397018217,0.96162111479249,0.156500353550745
65,95,160,3700,14,0.66,0.00200611895921447,0.000326537156329317,6.14361618679397,0.73223342011328,0.119186062060201,0.946620519523286,0.1540819756218
66,95,161,3700,14,0.66,0.0020374266833311,0.000331683566271192,6.14268203346938,0.743660739415852,0.121064501688985,0.932074457909953,0.15173737674055
67,95,162,3700,14,0.66,0.0020687481358955,0.000336834828715507,6.1417287036038,0.755093069601858,0.12294471248116,0.917962577679895,0.149463224766222
68,95,163,3700,14,0.66,0.00210008332895281,0.000341990935190059,6.14075729166827,0.766530415067775,0.124826691344372,0.904265723752995,0.147256385621997
69,95,164,3700,14,0.66,0.00213143227456401,0.000347151878065113,6.13976881370704,0.777972780215863,0.126710435493766,0.890965851488556,0.145113908767945
70,95,165,3700,14,0.66,0.002162794984806,0.00035231765049436,6.13876421397349,0.789420169454189,0.128595942430441,0.878045947368171,0.143033013936176
71,95,166,3700,14,0.66,0.00219417147177157,0.000357488246360832,6.13774437092088,0.800872587196624,0.130483209921704,0.8654899563815,0.141011079001918
72,95,167,3700,14,0.66,0.00222556174756948,0.000362663660227301,6.1367101026185,0.812330037862861,0.132372235982965,0.853282715463199,0.139045628878429
73,95,168,3700,14,0.66,0.00225696582432444,0.000367843887290714,6.13566217165577,0.823792525878422,0.134263018861111,0.841409892400799,0.13713432533619
74,95,169,3700,14,0.66,0.00228838371417717,0.000373028923340317,6.1346012895881,0.835260055674666,0.136155557019216,0.829857929696001,0.135274957657716
75,95,170,3700,14,0.66,0.0023198154292844,0.000378218764719103,6.13352812097328,0.846732631688806,0.138049849122473,0.818613992917062,0.133465434048937
76,95,171,3700,14,0.66,0.00235126098181893,0.000383413408288288,6.13244328704077,0.858210258363911,0.139945894025225,0.807665923128627,0.131703773736547
77,95,172,3700,14,0.66,0.00238272038396966,0.000388612851394537,6.13134736903132,0.869692940148925,0.141843690759006,0.797002193028326,0.129988099688151
78,95,173,3700,14,0.66,0.00241419364794156,0.000393817091839702,6.13024091124065,0.881180681498669,0.143743238521491,0.786611866457484,0.128316631898613
79,95,174,3700,14,0.66,0.00244568078595578,0.000399026127852848,6.12912442379635,0.892673486873858,0.14564453666629,0.776484560986959,0.126687681191828
80,95,175,3700,14,0.66,0.00247718181024961,0.000404239958064366,6.1279983851947,0.904171360741108,0.147547584693494,0.766610413309048,0.125099643492267
81,95,176,3700,14,0.66,0.00250869673307656,0.000409458581481992,6.12686324462075,0.915674307572946,0.149452382240927,0.756980047192955,0.123550994525227
82,95,177,3700,14,0.66,0.00254022556670637,0.000414681997468576,6.12571942407232,0.927182331847824,0.15135892907603,0.747584543784976,0.12204028490877
83,95,178,3700,14,0.66,0.002571768323425,0.000419910205721457,6.12456732030693,0.938695438050124,0.153267225088332,0.738415414055664,0.120566135603953
84,95,179,3700,14,0.66,0.00260332501553473,0.000425143206253296,6.12340730662809,0.950213630670175,0.155177270282453,0.729464573215053,0.119127233693154
85,95,180,3700,14,0.66,0.00263489565535413,0.000430380999374257,6.12223973452609,0.961736914204256,0.157089064771604,0.720724316933865,0.117722328459203
86,95,181,3700,14,0.66,0.00266648025521812,0.000435623585675446,6.12106493518636,0.973265293154614,0.159002608771538,0.712187299223698,0.116350227740562
87,95,182,3700,14,0.66,0.002698078827478,0.000440870966013453,6.11988322087798,0.984798772029469,0.16091790259491,0.70384651184273,0.115009794540124
88,95,183,3700,14,0.66,0.00272969138450145,0.000446123141495988,6.11869488623242,0.996337355343028,0.162834946646036,0.695695265105565,0.113699943867268
89,95,184,3700,14,0.66,0.00276131793867258,0.000451380113468444,6.117500209423,1.00788104761549,0.164753741415982,0.687727169986811,0.112419639794614
90,95,185,3700,14,0.66,0.00279295850239199,0.000456641883501377,6.11629945325321,1.01942985337308,0.166674287478003,0.679936121417741,0.111167892712658
91,95,186,3700,14,0.66,0.00282461308807671,0.000461908453378803,6.11509286616216,1.030983777148,0.168596585483263,0.672316282684283,0.109943756766891
92,95,187,3700,14,0.66,0.00285628170816034,0.000467179825087255,6.11388068315423,1.04254282347852,0.170520636156848,0.664862070842525,0.108746327463413
93,95,188,3700,14,0.66,0.00288796437509299,0.000472456000805548,6.1126631266593,1.05410699690894,0.172446440294025,0.657568143075159,0.107574739430231
94,95,189,3700,14,0.66,0.00291966110134136,0.000477736982895191,6.11144040732952,1.0656763019896,0.174373998756745,0.650429383918787,0.106428164322558
95,95,190,3700,14,0.66,0.00295137189938875,0.000483022773891414,6.11021272477772,1.07725074327689,0.176303312470366,0.643440893297932,0.105305808861399
96,95,191,3700,14,0.66,0.00298309678173509,0.00048831337649474,6.10898026826268,1.08883032533331,0.17823438242058,0.636597975306908,0.104206912995636
97,95,192,3700,14,0.66,0.00301483576089698,0.000493608793563098,6.10774321732498,1.1004150527274,0.180167209650531,0.629896127685612,0.103130748178619
98,95,193,3700,14,0.66,0.0030465888494077,0.000498909028104393,6.10650174237822,1.11200493003381,0.182101795258103,0.623331031939643,0.102076615751014
99,95,194,3700,14,0.66,0.00307835605981727,0.000504214083269555,6.10525600525833,1.1235999618333,0.184038140393388,0.616898544059207,0.101043845422352
100,95,195,3700,14,0.66,0.00311013740469245,0.000509523962345983,6.10400615973497,1.13520015271274,0.185976246256284,0.610594685794886,0.10003179384429
