"incubation_time_days","alpha","FL_ppm","deltaH_ppm","F0_ppm","Ft_ppm","growth_rate_day","growth_rate_year","TG_days","TG_years","growth_rate_error_day","growth_rate_error_year","TG_error_days","TG_error_years","growth_rate_SNR","Detection_Limit"
1,0.56,3700,1.56,95,96.56,0.000789385838118684,0.28812583091332,878.08413463801,2.40570995791236,0.00038777539359278,0.141538018661365,431.347263244968,1.18177332395882,2.03567800113602,"Above"
1,0.56,3700,15.6,95,110.6,0.0079220402123969,2.89154467752487,87.4960441977138,0.239715189582778,0.00154770203165302,0.564911241553352,17.0938043402625,0.0468323406582534,5.11858229192591,"Above"
1,0.56,3700,156,95,251,0.082194743443009,30.0010813566983,8.43298672792318,0.0231040732271868,0.0162197025663049,5.92019143670128,1.66410321077709,0.00455918687884135,5.0675863572099,"Above"
1,0.56,3700,1555,95,1650,1.5443305091346,563.680635834131,0.448833443657319,0.0012296806675543,0.69748002875717,254.580210496367,0.202710728913017,0.000555371860035663,2.21415731700078,"Above"
1,0.56,10000,1.56,95,96.56,0.00028341890593818,0.103447900667436,2445.66317220608,6.70044704713994,0.00013843139093603,0.0505274576916509,1194.54470960154,3.27272523178505,2.04736009673666,"Above"
1,0.56,10000,15.6,95,110.6,0.00283781024323581,1.03580073878107,244.254238708218,0.669189695091008,0.000532798242448094,0.194471358493554,45.8586790305774,0.12564021652213,5.32623799620036,"Above"
1,0.56,10000,156,95,251,0.0287471426255302,10.4927070583185,24.1118635542012,0.0660599001484964,0.00530769015081404,1.93730690504712,4.4518616118302,0.0121968811283019,5.4161305216962,"Above"
1,0.56,10000,1555,95,1650,0.331941191261613,121.158534810489,2.08816259869856,0.00572099342109195,0.0716237260005128,26.1426599901872,0.450567720279796,0.0012344321103556,4.63451442416213,"Above"
1,0.56,1e+05,1.56,95,96.56,2.79048701528447e-05,0.0101852776057883,24839.6490205235,68.0538329329412,1.35978646814052e-05,0.00496322060871291,12104.2020358674,33.1621973585409,2.05215089329459,"Above"
1,0.56,1e+05,15.6,95,110.6,0.000279083748403356,0.101865568167225,2483.65296985387,6.80452868453115,5.15064356372845e-05,0.0187998490076089,458.371770369953,1.25581306950672,5.41842480362459,"Above"
1,0.56,1e+05,156,95,251,0.00279434863970806,1.01993725349344,248.053220958271,0.679597865639097,0.000500705859373434,0.182757638671304,44.4474606372795,0.12177386475967,5.58081873298788,"Above"
1,0.56,1e+05,1555,95,1650,0.028209208032113,10.2963609317212,24.5716639676972,0.0673196273087595,0.00511785960005531,1.86801875402019,4.45791764814011,0.012213473008603,5.51191518262989,"Above"
1,0.76,3700,1.56,95,96.56,0.000574327573937543,0.209629564487203,1206.88473271061,3.30653351427565,0.000272303596743984,0.0993908128115541,572.215349716502,1.56771328689453,2.10914428162151,"Above"
1,0.76,3700,15.6,95,110.6,0.00575817329968399,2.10173325438466,120.376227752295,0.329797884252863,0.000844188158365418,0.308128677803377,17.6479902094581,0.0483506581081044,6.82095957237,"Above"
1,0.76,3700,156,95,251,0.0591305232268225,21.5826409777902,11.7223244905353,0.0321159575083158,0.00847263890144433,3.09251319902718,1.67965742689065,0.00460180116956343,6.97899720673125,"Above"
1,0.76,3700,1555,95,1650,0.849385672014491,310.025770285289,0.816057067357877,0.00223577278728186,0.186042198725298,67.9054025347337,0.178742185203694,0.000489704616996421,4.56555382506879,"Above"
1,0.76,10000,1.56,95,96.56,0.000207883031896535,0.0758773066422351,3334.31340805598,9.13510522755064,9.82381614193525e-05,0.0358569289180637,1575.67847560711,4.31692733043043,2.11611281087741,"Above"
1,0.76,10000,15.6,95,110.6,0.00208077757409777,0.759483814545688,333.119305584834,0.91265563173927,0.000293886691146368,0.107268642268424,47.0493971551724,0.128902457959376,7.08020348244168,"Above"
1,0.76,10000,156,95,251,0.0210052155386911,7.66690367162225,32.9988130463686,0.0904077069763524,0.00283818603591601,1.03593790310934,4.45873884119365,0.0122157228525853,7.40092977446836,"Above"
1,0.76,10000,1555,95,1650,0.232178245527887,84.7450596176787,2.98540967515706,0.0081792045894714,0.0349233110982039,12.7470085508444,0.449053228927837,0.00123028281898038,6.64823117358503,"Above"
1,0.76,1e+05,1.56,95,96.56,2.05522169920127e-05,0.00750155920208465,33726.1513358546,92.4004146187798,9.7013143170619e-06,0.00354097972572759,15919.8394480303,43.6159984877542,2.11849820759514,"Above"
1,0.76,1e+05,15.6,95,110.6,0.000205541180108435,0.075022530739579,3372.30320558765,9.2391868646237,2.86400251590388e-05,0.0104536091830492,469.895368903614,1.28738457233867,7.1767108781176,"Above"
1,0.76,1e+05,156,95,251,0.00205731540247019,0.750920121901618,336.918286679667,0.923063799122376,0.000271485229974491,0.0990921089406893,44.4600465402711,0.121808346685674,7.57800121451724,"Above"
1,0.76,1e+05,1555,95,1650,0.0206988854785144,7.55509319965776,33.4871740451648,0.0917456823155199,0.00275546000939383,1.00574290342875,4.45785204255766,0.0122132932672813,7.5119527802793,"Above"
2,0.56,3700,1.56,95,96.56,0.000394692919059342,0.14406291545666,1756.16826927602,4.81141991582471,0.00019388769679639,0.0707690093306824,862.694526489937,2.36354664791764,2.03567800113602,"Above"
2,0.56,3700,15.6,95,110.6,0.00396102010619845,1.44577233876243,174.992088395428,0.479430379165555,0.00077385101582651,0.282455620776676,34.187608680525,0.0936646813165067,5.11858229192591,"Above"
2,0.56,3700,156,95,251,0.0410973717215045,15.0005406783491,16.8659734558464,0.0462081464543736,0.00810985128315244,2.96009571835064,3.32820642155418,0.00911837375768269,5.0675863572099,"Above"
2,0.56,3700,1555,95,1650,0.772165254567303,281.840317917065,0.897666887314638,0.0024593613351086,0.348740014378585,127.290105248183,0.405421457826034,0.00111074372007133,2.21415731700078,"Above"
2,0.56,10000,1.56,95,96.56,0.00014170945296909,0.0517239503337179,4891.32634441215,13.4008940942799,6.9215695468015e-05,0.0252637288458255,2389.08941920309,6.5454504635701,2.04736009673666,"Above"
2,0.56,10000,15.6,95,110.6,0.0014189051216179,0.517900369390535,488.508477416436,1.33837939018202,0.000266399121224047,0.0972356792467772,91.7173580611547,0.25128043304426,5.32623799620036,"Above"
2,0.56,10000,156,95,251,0.0143735713127651,5.24635352915926,48.2237271084024,0.132119800296993,0.00265384507540702,0.968653452523562,8.9037232236604,0.0243937622566038,5.4161305216962,"Above"
2,0.56,10000,1555,95,1650,0.165970595630806,60.5792674052443,4.17632519739712,0.0114419868421839,0.0358118630002564,13.0713299950936,0.901135440559592,0.00246886422071121,4.63451442416213,"Above"
2,0.56,1e+05,1.56,95,96.56,1.39524350764224e-05,0.00509263880289416,49679.2980410471,136.107665865882,6.79893234070262e-06,0.00248161030435645,24208.4040717348,66.3243947170818,2.05215089329459,"Above"
2,0.56,1e+05,15.6,95,110.6,0.000139541874201678,0.0509327840836125,4967.30593970774,13.6090573690623,2.57532178186423e-05,0.00939992450380443,916.743540739907,2.51162613901344,5.41842480362459,"Above"
2,0.56,1e+05,156,95,251,0.00139717431985403,0.50996862674672,496.106441916541,1.35919573127819,0.000250352929686717,0.0913788193356518,88.8949212745589,0.24354772951934,5.58081873298788,"Above"
2,0.56,1e+05,1555,95,1650,0.0141046040160565,5.14818046586062,49.1433279353944,0.134639254617519,0.00255892980002765,0.934009377010094,8.91583529628022,0.0244269460172061,5.51191518262989,"Above"
2,0.76,3700,1.56,95,96.56,0.000287163786968771,0.104814782243602,2413.76946542122,6.6130670285513,0.000136151798371992,0.0496954064057771,1144.430699433,3.13542657378905,2.10914428162151,"Above"
2,0.76,3700,15.6,95,110.6,0.002879086649842,1.05086662719233,240.75245550459,0.659595768505727,0.000422094079182709,0.154064338901689,35.2959804189162,0.0967013162162087,6.82095957237,"Above"
2,0.76,3700,156,95,251,0.0295652616134112,10.7913204888951,23.4446489810705,0.0642319150166316,0.00423631945072216,1.54625659951359,3.35931485378131,0.00920360233912687,6.97899720673125,"Above"
2,0.76,3700,1555,95,1650,0.424692836007246,155.012885142645,1.63211413471575,0.00447154557456371,0.0930210993626489,33.9527012673668,0.357484370407387,0.000979409233992841,4.56555382506879,"Above"
2,0.76,10000,1.56,95,96.56,0.000103941515948267,0.0379386533211176,6668.62681611197,18.2702104551013,4.91190807096762e-05,0.0179284644590318,3151.35695121421,8.63385466086086,2.11611281087741,"Above"
2,0.76,10000,15.6,95,110.6,0.00104038878704889,0.379741907272844,666.238611169667,1.82531126347854,0.000146943345573184,0.0536343211342121,94.0987943103448,0.257804915918753,7.08020348244168,"Above"
2,0.76,10000,156,95,251,0.0105026077693456,3.83345183581113,65.9976260927373,0.180815413952705,0.001419093017958,0.517968951554671,8.9174776823873,0.0244314457051707,7.40092977446836,"Above"
2,0.76,10000,1555,95,1650,0.116089122763943,42.3725298088394,5.97081935031412,0.0163584091789428,0.0174616555491019,6.3735042754222,0.898106457855674,0.00246056563796075,6.64823117358503,"Above"
2,0.76,1e+05,1.56,95,96.56,1.02761084960064e-05,0.00375077960104233,67452.3026717093,184.80082923756,4.85065715853095e-06,0.0017704898628638,31839.6788960606,87.2319969755084,2.11849820759514,"Above"
2,0.76,1e+05,15.6,95,110.6,0.000102770590054218,0.0375112653697895,6744.6064111753,18.4783737292474,1.43200125795194e-05,0.00522680459152458,939.790737807229,2.57476914467734,7.1767108781176,"Above"
2,0.76,1e+05,156,95,251,0.00102865770123509,0.375460060950809,673.836573359334,1.84612759824475,0.000135742614987246,0.0495460544703447,88.9200930805422,0.243616693371348,7.57800121451724,"Above"
2,0.76,1e+05,1555,95,1650,0.0103494427392572,3.77754659982888,66.9743480903295,0.18349136463104,0.00137773000469691,0.502871451714374,8.91570408511531,0.0244265865345625,7.5119527802793,"Above"
3,0.56,3700,1.56,95,96.56,0.000263128612706228,0.0960419436377733,2634.25240391403,7.21712987373707,0.000129258464530927,0.0471793395537882,1294.04178973491,3.54531997187645,2.03567800113602,"Above"
3,0.56,3700,15.6,95,110.6,0.00264068007079897,0.963848225841623,262.488132593141,0.719145568748333,0.000515900677217673,0.188303747184451,51.2814130207874,0.14049702197476,5.11858229192591,"Above"
3,0.56,3700,156,95,251,0.0273982478143363,10.0003604522328,25.2989601837695,0.0693122196815604,0.00540656752210163,1.97339714556709,4.99230963233128,0.013677560636524,5.0675863572099,"Above"
3,0.56,3700,1555,95,1650,0.514776836378202,187.893545278044,1.34650033097196,0.00368904200266289,0.232493342919057,84.8600701654556,0.60813218673905,0.00166611558010699,2.21415731700079,"Above"
3,0.56,10000,1.56,95,96.56,9.447296864606e-05,0.0344826335558119,7336.98951661823,20.1013411414198,4.61437969786766e-05,0.016842485897217,3583.63412880463,9.81817569535515,2.04736009673666,"Above"
3,0.56,10000,15.6,95,110.6,0.00094593674774527,0.345266912927024,732.762716124654,2.00756908527302,0.000177599414149365,0.0648237861645181,137.576037091732,0.376920649566389,5.32623799620036,"Above"
3,0.56,10000,156,95,251,0.00958238087517674,3.49756901943951,72.3355906626036,0.198179700445489,0.00176923005027135,0.645768968349041,13.3555848354906,0.0365906433849058,5.4161305216962,"Above"
3,0.56,10000,1555,95,1650,0.110647063753871,40.3861782701629,6.26448779609568,0.0171629802632758,0.0238745753335043,8.71421999672906,1.35170316083939,0.00370329633106682,4.63451442416213,"Above"
3,0.56,1e+05,1.56,95,96.56,9.30162338428157e-06,0.00339509253526277,74518.9470615706,204.161498798824,4.53262156046841e-06,0.00165440686957097,36312.6061076023,99.4865920756227,2.05215089329459,"Above"
3,0.56,1e+05,15.6,95,110.6,9.3027916134452e-05,0.033955189389075,7450.95890956161,20.4135860535935,1.71688118790948e-05,0.00626661633586962,1375.11531110986,3.76743920852017,5.41842480362459,"Above"
3,0.56,1e+05,156,95,251,0.000931449546569352,0.339979084497813,744.159662874812,2.03879359691729,0.000166901953124478,0.0609192128904345,133.342381911838,0.365321594279009,5.58081873298788,"Above"
3,0.56,1e+05,1555,95,1650,0.00940306934403766,3.43212031057375,73.7149919030916,0.201958881926278,0.00170595320001844,0.622672918006729,13.3737529444203,0.0366404190258091,5.51191518262989,"Above"
3,0.76,3700,1.56,95,96.56,0.000191442524645848,0.0698765214957344,3620.65419813184,9.91960054282695,9.0767865581328e-05,0.0331302709371847,1716.64604914951,4.70313986068358,2.10914428162151,"Above"
3,0.76,3700,15.6,95,110.6,0.00191939109989466,0.700577751461553,361.128683256885,0.98939365275859,0.000281396052788473,0.102709559267793,52.9439706283743,0.145051974324313,6.82095957236999,"Above"
3,0.76,3700,156,95,251,0.0197101744089408,7.1942136592634,35.1669734716058,0.0963478725249474,0.00282421296714811,1.03083773300906,5.03897228067196,0.0138054035086903,6.97899720673125,"Above"
3,0.76,3700,1555,95,1650,0.283128557338164,103.34192342843,2.44817120207363,0.00670731836184557,0.0620140662417659,22.6351341782446,0.536226555611081,0.00146911385098926,4.56555382506879,"Above"
3,0.76,10000,1.56,95,96.56,6.92943439655115e-05,0.0252924355474117,10002.940224168,27.4053156826519,3.27460538064508e-05,0.0119523096393546,4727.03542682132,12.9507819912913,2.11611281087741,"Above"
3,0.76,10000,15.6,95,110.6,0.000693592524699258,0.253161271515229,999.357916754501,2.73796689521781,9.79622303821225e-05,0.0357562140894747,141.148191465517,0.386707373878129,7.08020348244168,"Above"
3,0.76,10000,156,95,251,0.00700173851289703,2.55563455720742,98.9964391391059,0.271223120929057,0.000946062011972002,0.345312634369781,13.3762165235809,0.036647168557756,7.40092977446836,"Above"
3,0.76,10000,1555,95,1650,0.0773927485092956,28.2483532058929,8.95622902547118,0.0245376137684142,0.0116411036994013,4.24900285028147,1.34715968678351,0.00369084845694113,6.64823117358503,"Above"
3,0.76,1e+05,1.56,95,96.56,6.85073899733758e-06,0.00250051973402822,101178.454007564,277.20124385634,3.23377143902063e-06,0.00118032657524253,47759.5183440909,130.847995463263,2.11849820759514,"Above"
3,0.76,1e+05,15.6,95,110.6,6.85137267028118e-05,0.0250075102465263,10116.9096167629,27.7175605938711,9.54667505301294e-06,0.00348453639434972,1409.68610671084,3.86215371701601,7.17671087811759,"Above"
3,0.76,1e+05,156,95,251,0.000685771800823396,0.250306707300539,1010.754860039,2.76919139736713,9.04950766581638e-05,0.0330307029802298,133.380139620813,0.365425040057023,7.57800121451723,"Above"
3,0.76,1e+05,1555,95,1650,0.00689962849283813,2.51836439988592,100.461522135494,0.27523704694656,0.000918486669797943,0.335247634476249,13.373556127673,0.0366398798018438,7.5119527802793,"Above"
4,0.56,3700,1.56,95,96.56,0.000197346459529671,0.07203145772833,3512.33653855204,9.62283983164943,9.6943848398195e-05,0.0353845046653412,1725.38905297987,4.72709329583527,2.03567800113602,"Above"
4,0.56,3700,15.6,95,110.6,0.00198051005309923,0.722886169381217,349.984176790855,0.95886075833111,0.000386925507913255,0.141227810388338,68.3752173610499,0.187329362633013,5.11858229192591,"Above"
4,0.56,3700,156,95,251,0.0205486858607522,7.50027033917457,33.7319469116927,0.0924162929087471,0.00405492564157622,1.48004785917532,6.65641284310837,0.0182367475153654,5.0675863572099,"Above"
4,0.56,3700,1555,95,1650,0.386082627283651,140.920158958533,1.79533377462928,0.00491872267021719,0.174370007189292,63.6450526240917,0.810842915652067,0.00222148744014265,2.21415731700078,"Above"
4,0.56,10000,1.56,95,96.56,7.0854726484545e-05,0.0258619751668589,9782.65268882431,26.8017881885597,3.46078477340075e-05,0.0126318644229127,4778.17883840617,13.0909009271402,2.04736009673666,"Above"
4,0.56,10000,15.6,95,110.6,0.000709452560808953,0.258950184695268,977.016954832871,2.67675878036403,0.000133199560612024,0.0486178396233886,183.434716122309,0.502560866088519,5.32623799620036,"Above"
4,0.56,10000,156,95,251,0.00718678565638255,2.62317676457963,96.4474542168047,0.264239600593986,0.00132692253770351,0.484326726261781,17.8074464473208,0.0487875245132077,5.4161305216962,"Above"
4,0.56,10000,1555,95,1650,0.0829852978154032,30.2896337026222,8.35265039479424,0.0228839736843678,0.0179059315001282,6.53566499754679,1.80227088111918,0.00493772844142242,4.63451442416213,"Above"
4,0.56,1e+05,1.56,95,96.56,6.97621753821118e-06,0.00254631940144708,99358.5960820941,272.215331731765,3.39946617035131e-06,0.00124080515217823,48416.8081434697,132.648789434164,2.05215089329459,"Above"
4,0.56,1e+05,15.6,95,110.6,6.9770937100839e-05,0.0254663920418062,9934.61187941548,27.2181147381246,1.28766089093211e-05,0.00469996225190221,1833.48708147981,5.02325227802689,5.41842480362459,"Above"
4,0.56,1e+05,156,95,251,0.000698587159927014,0.25498431337336,992.212883833082,2.71839146255639,0.000125176464843359,0.0456894096678259,177.789842549118,0.487095459038679,5.58081873298788,"Above"
4,0.56,1e+05,1555,95,1650,0.00705230200802824,2.57409023293031,98.2866558707888,0.269278509235038,0.00127946490001383,0.467004688505047,17.8316705925604,0.0488538920344122,5.51191518262989,"Above"
4,0.76,3700,1.56,95,96.56,0.000143581893484386,0.0524073911218008,4827.53893084245,13.2261340571026,6.8075899185996e-05,0.0248477032028885,2288.86139886601,6.2708531475781,2.10914428162151,"Above"
4,0.76,3700,15.6,95,110.6,0.001439543324921,0.525433313596164,481.504911009181,1.31919153701145,0.000211047039591354,0.0770321694508444,70.5919608378324,0.193402632432417,6.82095957237,"Above"
4,0.76,3700,156,95,251,0.0147826308067056,5.39566024444755,46.8892979621411,0.128463830033263,0.00211815972536108,0.773128299756795,6.71862970756261,0.0184072046782537,6.97899720673125,"Above"
4,0.76,3700,1555,95,1650,0.212346418003623,77.5064425713223,3.26422826943151,0.00894309114912742,0.0465105496813245,16.9763506336834,0.714968740814774,0.00195881846798568,4.56555382506879,"Above"
4,0.76,10000,1.56,95,96.56,5.19707579741337e-05,0.0189693266605588,13337.2536322239,36.5404209102026,2.45595403548381e-05,0.00896423222951592,6302.71390242842,17.2677093217217,2.11611281087741,"Above"
4,0.76,10000,15.6,95,110.6,0.000520194393524444,0.189870953636422,1332.47722233933,3.65062252695708,7.34716727865919e-05,0.026817160567106,188.19758862069,0.515609831837506,7.08020348244168,"Above"
4,0.76,10000,156,95,251,0.00525130388467278,1.91672591790556,131.995252185475,0.36163082790541,0.000709546508979001,0.258984475777336,17.8349553647746,0.0488628914103413,7.40092977446836,"Above"
4,0.76,10000,1555,95,1650,0.0580445613819717,21.1862649044197,11.9416387006282,0.0327168183578856,0.00873082777455097,3.1867521377111,1.79621291571135,0.0049211312759215,6.64823117358503,"Above"
4,0.76,1e+05,1.56,95,96.56,5.13805424800319e-06,0.00187538980052116,134904.605343419,369.601658475119,2.42532857926547e-06,0.000885244931431898,63679.3577921211,174.463993951017,2.11849820759514,"Above"
4,0.76,1e+05,15.6,95,110.6,5.13852950271089e-05,0.0187556326848947,13489.2128223506,36.9567474584948,7.1600062897597e-06,0.00261340229576229,1879.58147561446,5.14953828935468,7.1767108781176,"Above"
4,0.76,1e+05,156,95,251,0.000514328850617547,0.187730030475405,1347.67314671867,3.6922551964895,6.78713074936228e-05,0.0247730272351723,177.840186161084,0.487233386742697,7.57800121451724,"Above"
4,0.76,1e+05,1555,95,1650,0.0051747213696286,1.88877329991444,133.948696180659,0.36698272926208,0.000688865002348457,0.251435725857187,17.8314081702306,0.048853173069125,7.5119527802793,"Above"
5,0.56,3700,1.56,95,96.56,0.000157877167623737,0.057625166182664,4390.42067319005,12.0285497895618,7.7555078718556e-05,0.028307603732273,2156.73631622484,5.90886661979409,2.03567800113602,"Above"
5,0.56,3700,15.6,95,110.6,0.00158440804247938,0.578308935504974,437.480220988569,1.19857594791389,0.000309540406330604,0.11298224831067,85.4690217013124,0.234161703291267,5.11858229192591,"Above"
5,0.56,3700,156,95,251,0.0164389486886018,6.00021627133966,42.1649336396159,0.115520366135934,0.00324394051326098,1.18403828734026,8.32051605388546,0.0227959343942067,5.0675863572099,"Above"
5,0.56,3700,1555,95,1650,0.308866101826921,112.736127166826,2.24416721828659,0.00614840333777149,0.139496005751434,50.9160420992734,1.01355364456508,0.00277685930017831,2.21415731700079,"Above"
5,0.56,10000,1.56,95,96.56,5.6683781187636e-05,0.0206895801334872,12228.3158610304,33.5022352356997,2.7686278187206e-05,0.0101054915383302,5972.72354800771,16.3636261589252,2.04736009673666,"Above"
5,0.56,10000,15.6,95,110.6,0.000567562048647162,0.207160147756214,1221.27119354109,3.34594847545504,0.000106559648489619,0.0388942716987109,229.293395152887,0.628201082610649,5.32623799620036,"Above"
5,0.56,10000,156,95,251,0.00574942852510604,2.09854141166371,120.559317771006,0.330299500742482,0.00106153803016281,0.387461381009425,22.259308059151,0.0609844056415096,5.4161305216962,"Above"
5,0.56,10000,1555,95,1650,0.0663882382523225,24.2317069620977,10.4408129934928,0.0286049671054597,0.0143247452001026,5.22853199803744,2.25283860139898,0.00617216055177803,4.63451442416213,"Above"
5,0.56,1e+05,1.56,95,96.56,5.58097403056894e-06,0.00203705552115766,124198.245102618,340.269164664706,2.71957293628105e-06,0.000992644121742582,60521.0101793371,165.810986792704,2.05215089329459,"Above"
5,0.56,1e+05,15.6,95,110.6,5.58167496806712e-05,0.020373113633445,12418.2648492693,34.0226434226558,1.03012871274569e-05,0.00375996980152177,2291.85885184977,6.27906534753361,5.41842480362459,"Above"
5,0.56,1e+05,156,95,251,0.000558869727941611,0.203987450698688,1240.26610479135,3.39798932819549,0.000100141171874687,0.0365515277342607,222.237303186397,0.608869323798349,5.58081873298788,"Above"
5,0.56,1e+05,1555,95,1650,0.0056418416064226,2.05927218634425,122.858319838486,0.336598136543797,0.00102357192001106,0.373603750804037,22.2895882407006,0.0610673650430152,5.51191518262989,"Above"
5,0.76,3700,1.56,95,96.56,0.000114865514787509,0.0419259128974406,6034.42366355306,16.5326675713782,5.44607193487968e-05,0.0198781625623108,2861.07674858251,7.83856643447263,2.10914428162151,"Above"
5,0.76,3700,15.6,95,110.6,0.0011516346599368,0.420346650876932,601.881138761476,1.64898942126432,0.000168837631673084,0.0616257355606755,88.2399510472904,0.241753290540522,6.82095957237,"Above"
5,0.76,3700,156,95,251,0.0118261046453645,4.31652819555804,58.6116224526763,0.160579787541579,0.00169452778028887,0.618502639805436,8.39828713445327,0.0230090058478172,6.97899720673125,"Above"
5,0.76,3700,1555,95,1650,0.169877134402898,62.0051540570579,4.08028533678939,0.0111788639364093,0.0372084397450596,13.5810805069467,0.893710926018468,0.0024485230849821,4.56555382506879,"Above"
5,0.76,10000,1.56,95,96.56,4.15766063793069e-05,0.015175461328447,16671.5670402799,45.6755261377532,1.96476322838705e-05,0.00717138578361273,7878.39237803553,21.5846366521521,2.11611281087741,"Above"
5,0.76,10000,15.6,95,110.6,0.000416155514819555,0.151896762909138,1665.59652792417,4.56327815869635,5.87773382292735e-05,0.0214537284536848,235.246985775862,0.644512289796882,7.08020348244168,"Above"
5,0.76,10000,156,95,251,0.00420104310773822,1.53338073432445,164.994065231843,0.452038534881762,0.000567637207183201,0.207187580621868,22.2936942059682,0.0610786142629267,7.40092977446836,"Above"
5,0.76,10000,1555,95,1650,0.0464356491055774,16.9490119235357,14.9270483757853,0.040896022947357,0.00698466221964077,2.54940171016888,2.24526614463919,0.00615141409490188,6.64823117358503,"Above"
5,0.76,1e+05,1.56,95,96.56,4.11044339840255e-06,0.00150031184041693,168630.756679273,462.002073093899,1.94026286341238e-06,0.000708195945145519,79599.1972401514,218.079992438771,2.11849820759515,"Above"
5,0.76,1e+05,15.6,95,110.6,4.11082360216871e-05,0.0150045061479158,16861.5160279382,46.1959343231185,5.72800503180776e-06,0.00209072183660983,2349.47684451807,6.43692286169335,7.17671087811759,"Above"
5,0.76,1e+05,156,95,251,0.000411463080494037,0.150184024380324,1684.59143339834,4.61531899561188,5.42970459948983e-05,0.0198184217881379,222.300232701355,0.609041733428371,7.57800121451724,"Above"
5,0.76,1e+05,1555,95,1650,0.00413977709570288,1.51101863993155,167.435870225824,0.458728411577599,0.000551092001878766,0.20114858068575,22.2892602127883,0.0610664663364063,7.5119527802793,"Above"
6,0.56,3700,1.56,95,96.56,0.000131564306353114,0.0480209718188866,5268.50480782806,14.4342597474741,6.46292322654634e-05,0.0235896697768941,2588.08357946981,7.0906399437529,2.03567800113602,"Above"
6,0.56,3700,15.6,95,110.6,0.00132034003539948,0.481924112920811,524.976265186283,1.43829113749667,0.000257950338608837,0.0941518735922253,102.562826041575,0.28099404394952,5.11858229192591,"Above"
6,0.56,3700,156,95,251,0.0136991239071682,5.00018022611638,50.5979203675391,0.138624439363121,0.00270328376105081,0.986698572783547,9.98461926466255,0.0273551212730481,5.0675863572099,"Above"
6,0.56,3700,1555,95,1650,0.257388418189101,93.9467726390218,2.69300066194391,0.00737808400532579,0.116246671459528,42.4300350827278,1.2162643734781,0.00333223116021398,2.21415731700079,"Above"
6,0.56,10000,1.56,95,96.56,4.723648432303e-05,0.017241316777906,14673.9790332365,40.2026822828396,2.30718984893383e-05,0.00842124294860849,7167.26825760926,19.6363513907103,2.04736009673666,"Above"
6,0.56,10000,15.6,95,110.6,0.000472968373872635,0.172633456463512,1465.52543224931,4.01513817054605,8.87997070746823e-05,0.0324118930822591,275.152074183464,0.753841299132779,5.32623799620036,"Above"
6,0.56,10000,156,95,251,0.00479119043758837,1.74878450971975,144.671181325207,0.396359400890978,0.000884615025135673,0.322884484174521,26.7111696709812,0.0731812867698116,5.4161305216962,"Above"
6,0.56,10000,1555,95,1650,0.0553235318769355,20.1930891350814,12.5289755921914,0.0343259605265517,0.0119372876667521,4.35710999836453,2.70340632167877,0.00740659266213363,4.63451442416213,"Above"
6,0.56,1e+05,1.56,95,96.56,4.65081169214078e-06,0.00169754626763139,149037.894123141,408.322997597647,2.26631078023421e-06,0.000827203434785485,72625.2122152046,198.973184151245,2.05215089329459,"Above"
6,0.56,1e+05,15.6,95,110.6,4.6513958067226e-05,0.0169775946945375,14901.9178191232,40.8271721071869,8.58440593954742e-06,0.00313330816793481,2750.23062221972,7.53487841704033,5.41842480362459,"Above"
6,0.56,1e+05,156,95,251,0.000465724773284676,0.169989542248907,1488.31932574962,4.07758719383459,8.34509765622391e-05,0.0304596064452173,266.684763823677,0.730643188558019,5.58081873298788,"Above"
6,0.56,1e+05,1555,95,1650,0.00470153467201883,1.71606015528687,147.429983806183,0.403917763852557,0.000852976600009218,0.311336459003365,26.7475058888407,0.0732808380516183,5.51191518262989,"Above"
6,0.76,3700,1.56,95,96.56,9.57212623229238e-05,0.0349382607478672,7241.30839626367,19.8392010856539,4.5383932790664e-05,0.0165651354685924,3433.29209829901,9.40627972136716,2.10914428162151,"Above"
6,0.76,3700,15.6,95,110.6,0.000959695549947332,0.350288875730776,722.257366513771,1.97878730551718,0.000140698026394236,0.0513547796338963,105.887941256749,0.290103948648626,6.82095957236999,"Above"
6,0.76,3700,156,95,251,0.00985508720447041,3.5971068296317,70.3339469432116,0.192695745049895,0.00141210648357405,0.51541886650453,10.0779445613439,0.0276108070173806,6.97899720673125,"Above"
6,0.76,3700,1555,95,1650,0.141564278669082,51.6709617142149,4.89634240414726,0.0134146367236911,0.031007033120883,11.3175670891223,1.07245311122216,0.00293822770197853,4.56555382506879,"Above"
6,0.76,10000,1.56,95,96.56,3.46471719827558e-05,0.0126462177737059,20005.8804483359,54.8106313653038,1.63730269032254e-05,0.00597615481967728,9454.07085364264,25.9015639825826,2.11611281087741,"Above"
6,0.76,10000,15.6,95,110.6,0.000346796262349629,0.126580635757615,1998.715833509,5.47593379043562,4.89811151910613e-05,0.0178781070447374,282.296382931034,0.773414747756259,7.08020348244168,"Above"
6,0.76,10000,156,95,251,0.00350086925644852,1.27781727860371,197.992878278212,0.542446241858115,0.000473031005986001,0.17265631718489,26.7524330471619,0.073294337115512,7.40092977446836,"Above"
6,0.76,10000,1555,95,1650,0.0386963742546478,14.1241766029465,17.9124580509424,0.0490752275368284,0.00582055184970064,2.12450142514073,2.69431937356702,0.00738169691388225,6.64823117358503,"Above"
6,0.76,1e+05,1.56,95,96.56,3.42536949866879e-06,0.00125025986701411,202356.908015128,554.402487712679,1.61688571951032e-06,0.000590163287621265,95519.0366881817,261.695990926525,2.11849820759514,"Above"
6,0.76,1e+05,15.6,95,110.6,3.42568633514059e-05,0.0125037551232632,20233.8192335259,55.4351211877422,4.77333752650647e-06,0.00174226819717486,2819.37221342169,7.72430743403202,7.17671087811759,"Above"
6,0.76,1e+05,156,95,251,0.000342885900411698,0.12515335365027,2021.509720078,5.53838279473426,4.52475383290819e-05,0.0165153514901149,266.760279241627,0.730850080114046,7.57800121451723,"Above"
6,0.76,1e+05,1555,95,1650,0.00344981424641907,1.25918219994296,200.923044270989,0.550474093893119,0.000459243334898972,0.167623817238125,26.7471122553459,0.0732797596036875,7.5119527802793,"Above"
7,0.56,3700,1.56,95,96.56,0.000112769405445526,0.0411608329876171,6146.58894246607,16.8399697053865,5.53964847989686e-05,0.0202197169516235,3019.43084271478,8.27241326771172,2.03567800113602,"Above"
7,0.56,3700,15.6,95,110.6,0.00113172003034241,0.413077811074981,612.472309383997,1.67800632707944,0.000221100290236146,0.0807016059361931,119.656630381837,0.327826384607774,5.11858229192591,"Above"
7,0.56,3700,156,95,251,0.0117421062061441,4.28586876524261,59.0309070954622,0.161728512590308,0.00231710036661498,0.845741633814469,11.6487224754396,0.0319143081518894,5.0675863572099,"Above"
7,0.56,3700,1555,95,1650,0.220618644162086,80.5258051191615,3.14183410560123,0.00860776467288009,0.0996400041081671,36.368601499481,1.41897510239112,0.00388760302024964,2.21415731700078,"Above"
7,0.56,10000,1.56,95,96.56,4.04884151340257e-05,0.0147782715239194,17119.6422054425,46.9031293299795,1.97759129908614e-05,0.00721820824166442,8361.8129672108,22.9090766224953,2.04736009673666,"Above"
7,0.56,10000,15.6,95,110.6,0.000405401463319401,0.147971534111582,1709.77967095753,4.68432786563706,7.6114034635442e-05,0.0277816226419363,321.010753214042,0.879481515654909,5.32623799620036,"Above"
7,0.56,10000,156,95,251,0.00410673466079003,1.49895815118836,168.783044879408,0.462419301039475,0.000758241450116291,0.276758129292446,31.1630312828114,0.0853781678981134,5.4161305216962,"Above"
7,0.56,10000,1555,95,1650,0.0474201701802304,17.3083621157841,14.6171381908899,0.0400469539476436,0.0102319608572161,3.73466571288388,3.15397404195857,0.00864102477248923,4.63451442416213,"Above"
7,0.56,1e+05,1.56,95,96.56,3.98641002183496e-06,0.00145503965796976,173877.543143665,476.376830530588,1.9425520973436e-06,0.000709031515530416,84729.414251072,232.135381509786,2.05215089329459,"Above"
7,0.56,1e+05,15.6,95,110.6,3.98691069147651e-05,0.0145522240238893,17385.5707889771,47.6317007917181,7.35806223389779e-06,0.00268569271537269,3208.60239258967,8.79069148654705,5.41842480362459,"Above"
7,0.56,1e+05,156,95,251,0.000399192662815437,0.145705321927634,1736.37254670789,4.75718505947368,7.15294084819192e-05,0.0261082340959005,311.132224460956,0.852417053317689,5.58081873298788,"Above"
7,0.56,1e+05,1555,95,1650,0.00402988686173043,1.47090870453161,172.00164777388,0.471237391161316,0.000731122800007901,0.266859822002884,31.2054235369808,0.0854943110602213,5.51191518262989,"Above"
7,0.76,3700,1.56,95,96.56,8.20467962767918e-05,0.029947080641029,8448.19312897428,23.1457345999295,3.89005138205691e-05,0.0141986875445077,4005.50744801551,10.9739930082617,2.10914428162151,"Above"
7,0.76,3700,15.6,95,110.6,0.000822596185669142,0.300247607769237,842.633594266066,2.30858518977004,0.000120598308337917,0.0440183825433396,123.535931466207,0.338454606756731,6.82095957236999,"Above"
7,0.76,3700,156,95,251,0.00844721760383178,3.0832344253986,82.0562714337469,0.224811702558211,0.00121037698592062,0.441787599861026,11.7576019882346,0.032212608186944,6.97899720673125,"Above"
7,0.76,3700,1555,95,1650,0.121340810287784,44.2893957550413,5.71239947150514,0.015650409510973,0.0265774569607568,9.70077179067624,1.25119529642586,0.00342793231897495,4.56555382506879,"Above"
7,0.76,10000,1.56,95,96.56,2.96975759852192e-05,0.010839615234605,23340.1938563919,63.9457365928545,1.40340230599075e-05,0.00512241841686624,11029.7493292497,30.218491313013,2.11611281087741,"Above"
7,0.76,10000,15.6,95,110.6,0.000297253939156825,0.108497687792241,2331.83513909384,6.38858942217489,4.19838130209096e-05,0.015324091752632,329.345780086207,0.902317205715635,7.08020348244168,"Above"
7,0.76,10000,156,95,251,0.00300074507695587,1.09527195308889,230.99169132458,0.632853948834467,0.000405455147988001,0.14799112901562,31.2111718883555,0.0855100599680974,7.40092977446836,"Above"
7,0.76,10000,1555,95,1650,0.0331683207896981,12.1064370882398,20.8978677260994,0.0572544321262998,0.00498904444260055,1.8210012215492,3.14337260249486,0.00861197973286263,6.64823117358503,"Above"
7,0.76,1e+05,1.56,95,96.56,2.93603099885896e-06,0.00107165131458352,236083.059350983,646.802902331459,1.38590204529456e-06,0.000505854246532513,111438.876136212,305.31198941428,2.11849820759514,"Above"
7,0.76,1e+05,15.6,95,110.6,2.93630257297765e-05,0.0107175043913684,23606.1224391135,64.6743080523659,4.09143216557698e-06,0.0014933727404356,3289.2675823253,9.01169200637069,7.17671087811759,"Above"
7,0.76,1e+05,156,95,251,0.000293902200352884,0.107274303128803,2358.42800675767,6.46144659385663,3.87836042820702e-05,0.0141560155629556,311.220325781898,0.85265842679972,7.57800121451724,"Above"
7,0.76,1e+05,1555,95,1650,0.00295698363978777,1.07929902852254,234.410218316153,0.642219776208639,0.000393637144199118,0.143677557632678,31.2049642979036,0.0854930528709688,7.5119527802793,"Above"
8,0.56,3700,1.56,95,96.56,9.86732297648355e-05,0.036015728864165,7024.67307710408,19.2456796632989,4.84719241990975e-05,0.0176922523326706,3450.77810595975,9.45418659167054,2.03567800113602,"Above"
8,0.56,3700,15.6,95,110.6,0.000990255026549613,0.361443084690609,699.96835358171,1.91772151666222,0.000193462753956627,0.070613905194169,136.7504347221,0.374658725266027,5.11858229192591,"Above"
8,0.56,3700,156,95,251,0.0102743429303761,3.75013516958728,67.4638938233854,0.184832585817494,0.00202746282078811,0.74002392958766,13.3128256862167,0.0364734950307308,5.0675863572099,"Above"
8,0.56,3700,1555,95,1650,0.193041313641826,70.4600794792664,3.59066754925855,0.00983744534043438,0.0871850035946462,31.8225263120459,1.62168583130413,0.0044429748802853,2.21415731700078,"Above"
8,0.56,10000,1.56,95,96.56,3.54273632422725e-05,0.0129309875834295,19565.3053776486,53.6035763771195,1.73039238670037e-05,0.00631593221145637,9556.35767681234,26.1818018542804,2.04736009673666,"Above"
8,0.56,10000,15.6,95,110.6,0.000354726280404476,0.129475092347634,1954.03390966574,5.35351756072806,6.65997803060118e-05,0.0243089198116943,366.869432244619,1.00512173217704,5.32623799620036,"Above"
8,0.56,10000,156,95,251,0.00359339282819128,1.31158838228982,192.89490843361,0.528479201187971,0.000663461268851755,0.24216336313089,35.6148928946416,0.0975750490264154,5.4161305216962,"Above"
8,0.56,10000,1555,95,1650,0.0414926489077016,15.1448168513111,16.7053007895885,0.0457679473687356,0.0089529657500641,3.2678324987734,3.60454176223837,0.00987545688284484,4.63451442416213,"Above"
8,0.56,1e+05,1.56,95,96.56,3.48810876910559e-06,0.00127315970072354,198717.192164188,544.430663463529,1.69973308517565e-06,0.000620402576089114,96833.6162869394,265.297578868327,2.05215089329459,"Above"
8,0.56,1e+05,15.6,95,110.6,3.48854685504195e-05,0.0127331960209031,19869.223758831,54.4362294762492,6.43830445466057e-06,0.00234998112595111,3666.97416295963,10.0465045560538,5.41842480362459,"Above"
8,0.56,1e+05,156,95,251,0.000349293579963507,0.12749215668668,1984.42576766616,5.43678292511278,6.25882324216793e-05,0.0228447048339129,355.579685098236,0.974190918077358,5.58081873298788,"Above"
8,0.56,1e+05,1555,95,1650,0.00352615100401412,1.28704511646515,196.573311741578,0.538557018470076,0.000639732450006913,0.233502344252523,35.6633411851209,0.0977077840688244,5.51191518262989,"Above"
8,0.76,3700,1.56,95,96.56,7.17909467421928e-05,0.0262036955609004,9655.07786168489,26.4522681142052,3.4037949592998e-05,0.0124238516014443,4577.72279773202,12.5417062951562,2.10914428162151,"Above"
8,0.76,3700,15.6,95,110.6,0.000719771662460499,0.262716656798082,963.009822018361,2.63838307402291,0.000105523519795677,0.0385160847254222,141.183921675665,0.386805264864835,6.82095957237,"Above"
8,0.76,3700,156,95,251,0.00739131540335281,2.69783012222377,93.7785959242821,0.256927660066526,0.00105907986268054,0.386564149878397,13.4372594151252,0.0368144093565075,6.97899720673125,"Above"
8,0.76,3700,1555,95,1650,0.106173209001811,38.7532212856612,6.52845653886302,0.0178861822982548,0.0232552748406622,8.48817531684171,1.42993748162955,0.00391763693597137,4.56555382506879,"Above"
8,0.76,10000,1.56,95,96.56,2.59853789870668e-05,0.00948466333027939,26674.5072644479,73.0808418204051,1.22797701774191e-05,0.00448211611475796,12605.4278048568,34.5354186434434,2.11611281087741,"Above"
8,0.76,10000,15.6,95,110.6,0.000260097196762222,0.094935476818211,2664.95444467867,7.30124505391416,3.67358363932959e-05,0.013408580283553,376.395177241379,1.03121966367501,7.08020348244168,"Above"
8,0.76,10000,156,95,251,0.00262565194233639,0.958362958952782,263.990504370949,0.72326165581082,0.000354773254489501,0.129492237888668,35.6699107295492,0.0977257828206827,7.40092977446836,"Above"
8,0.76,10000,1555,95,1650,0.0290222806909859,10.5931324522098,23.8832774012565,0.0654336367157712,0.00436541388727548,1.59337606885555,3.5924258314227,0.00984226255184301,6.64823117358503,"Above"
8,0.76,1e+05,1.56,95,96.56,2.56902712400159e-06,0.000937694900260582,269809.210686837,739.203316950239,1.21266428963274e-06,0.000442622465715949,127358.715584242,348.927987902034,2.11849820759514,"Above"
8,0.76,1e+05,15.6,95,110.6,2.56926475135544e-05,0.00937781634244737,26978.4256447012,73.9134949169896,3.58000314487985e-06,0.00130670114788115,3759.16295122891,10.2990765787094,7.1767108781176,"Above"
8,0.76,1e+05,156,95,251,0.000257164425308773,0.0938650152377023,2695.34629343734,7.38451039297901,3.39356537468114e-05,0.0123865136175862,355.680372322169,0.974466773485394,7.57800121451724,"Above"
8,0.76,1e+05,1555,95,1650,0.0025873606848143,0.94438664995722,267.897392361318,0.733965458524159,0.000344432501174229,0.125717862928593,35.6628163404613,0.09770634613825,7.5119527802793,"Above"
9,0.56,3700,1.56,95,96.56,8.77095375687427e-05,0.0320139812125911,7902.75721174209,21.6513896212112,4.30861548436422e-05,0.0157264465179294,3882.12536920472,10.6359599156294,2.03567800113602,"Above"
9,0.56,3700,15.6,95,110.6,0.000880226690266322,0.321282741947208,787.464397779424,2.157436706245,0.000171966892405891,0.0627679157281502,153.844239062362,0.42149106592428,5.11858229192591,"Above"
9,0.56,3700,156,95,251,0.00913274927144544,3.33345348407759,75.8968805513086,0.207936659044681,0.00180218917403388,0.657799048522365,14.9769288969938,0.0410326819095721,5.0675863572099,"Above"
9,0.56,3700,1555,95,1650,0.171592278792734,62.6311817593479,4.03950099291587,0.0110671260079887,0.0774977809730188,28.2866900551519,1.82439656021715,0.00499834674032096,2.21415731700078,"Above"
9,0.56,10000,1.56,95,96.56,3.14909895486867e-05,0.0114942111852706,22010.9685498547,60.3040234242594,1.53812656595589e-05,0.00561416196573899,10750.9023864139,29.4545270860654,2.04736009673666,"Above"
9,0.56,10000,15.6,95,110.6,0.000315312249248423,0.115088970975675,2198.28814837396,6.02270725581907,5.91998047164549e-05,0.021607928721506,412.728111275196,1.13076194869917,5.32623799620036,"Above"
9,0.56,10000,156,95,251,0.00319412695839225,1.16585633981317,217.006771987811,0.594539101336468,0.000589743350090449,0.215256322783014,40.0667545064718,0.109771930154717,5.4161305216962,"Above"
9,0.56,10000,1555,95,1650,0.0368823545846236,13.4620594233876,18.793463388287,0.0514889407898275,0.00795819177783476,2.90473999890969,4.05510948251816,0.0111098889932004,4.63451442416213,"Above"
9,0.56,1e+05,1.56,95,96.56,3.10054112809386e-06,0.00113169751175426,223556.841184712,612.484496396471,1.51087385348947e-06,0.000551468956523657,108937.818322807,298.459776226868,2.05215089329459,"Above"
9,0.56,1e+05,15.6,95,110.6,3.10093053781507e-05,0.011318396463025,22352.8767286848,61.2407581607804,5.72293729303162e-06,0.00208887211195654,4125.34593332958,11.3023176255605,5.41842480362459,"Above"
9,0.56,1e+05,156,95,251,0.000310483182189784,0.113326361499271,2232.47898862444,6.11638079075188,5.5633984374826e-05,0.0203064042968115,400.027145735515,1.09596478283703,5.58081873298788,"Above"
9,0.56,1e+05,1555,95,1650,0.00313435644801255,1.14404010352458,221.144975709275,0.605876645778835,0.000568651066672812,0.207557639335576,40.121258833261,0.109921257077427,5.51191518262989,"Above"
9,0.76,3700,1.56,95,96.56,6.38141748819492e-05,0.0232921738319115,10861.9625943955,29.7588016284808,3.0255955193776e-05,0.0110434236457282,5149.93814744852,14.1094195820507,2.10914428162151,"Above"
9,0.76,3700,15.6,95,110.6,0.000639797033298221,0.233525917153851,1083.38604977066,2.96818095827577,9.37986842628242e-05,0.0342365197559308,158.831911885123,0.435155922972939,6.82095957237,"Above"
9,0.76,3700,156,95,251,0.00657005813631361,2.39807121975447,105.500920414817,0.289043617574842,0.000941404322382703,0.343612577669687,15.1169168420159,0.0414162105260709,6.97899720673125,"Above"
9,0.76,3700,1555,95,1650,0.0943761857793879,34.4473078094766,7.34451360622089,0.0201219550855367,0.020671355413922,7.54504472608152,1.60867966683324,0.00440734155296779,4.56555382506879,"Above"
9,0.76,10000,1.56,95,96.56,2.30981146551705e-05,0.00843081184913724,30008.8206725039,82.2159470479558,1.09153512688169e-05,0.00398410321311819,14181.106280464,38.8523459738739,2.11611281087741,"Above"
9,0.76,10000,15.6,95,110.6,0.000231197508233086,0.0843870905050764,2998.0737502635,8.21390068565343,3.26540767940408e-05,0.0119187380298249,423.444574396552,1.16012212163439,7.08020348244168,"Above"
9,0.76,10000,156,95,251,0.00233391283763234,0.851878185735806,296.989317417318,0.813669362787172,0.000315354003990667,0.115104211456594,40.1286495707428,0.109941505673268,7.40092977446836,"Above"
9,0.76,10000,1555,95,1650,0.0257975828364319,9.41611773529764,26.8686870764136,0.0736128413052426,0.00388036789980043,1.41633428342716,4.04147906035053,0.0110725453708234,6.64823117358503,"Above"
9,0.76,1e+05,1.56,95,96.56,2.28357966577919e-06,0.000833506578009406,303535.362022692,831.603731569019,1.07792381300688e-06,0.00039344219174751,143278.555032273,392.543986389788,2.11849820759514,"Above"
9,0.76,1e+05,15.6,95,110.6,2.28379089009373e-05,0.00833583674884211,30350.7288502888,83.1526817816133,3.18222501767098e-06,0.00116151213144991,4229.05832013253,11.586461151048,7.17671087811759,"Above"
9,0.76,1e+05,156,95,251,0.000228590600274465,0.0834355691001798,3032.264580117,8.30757419210138,3.01650255527213e-05,0.0110102343267433,400.14041886244,1.09627512017107,7.57800121451724,"Above"
9,0.76,1e+05,1555,95,1650,0.00229987616427938,0.839454799961973,301.384566406483,0.825711140839679,0.000306162223265981,0.111749211492083,40.1206683830189,0.109919639405531,7.5119527802793,"Above"
10,0.56,3700,1.56,95,96.56,7.89385838118684e-05,0.028812583091332,8780.8413463801,24.0570995791236,3.8777539359278e-05,0.0141538018661365,4313.47263244968,11.8177332395882,2.03567800113602,"Above"
10,0.56,3700,15.6,95,110.6,0.00079220402123969,0.289154467752487,874.960441977138,2.39715189582778,0.000154770203165302,0.0564911241553352,170.938043402625,0.468323406582534,5.11858229192591,"Above"
10,0.56,3700,156,95,251,0.0082194743443009,3.00010813566983,84.3298672792318,0.231040732271868,0.00162197025663049,0.592019143670128,16.6410321077709,0.0455918687884135,5.0675863572099,"Above"
10,0.56,3700,1555,95,1650,0.154433050913461,56.3680635834131,4.48833443657319,0.012296806675543,0.069748002875717,25.4580210496367,2.02710728913017,0.00555371860035663,2.21415731700079,"Above"
10,0.56,10000,1.56,95,96.56,2.8341890593818e-05,0.0103447900667436,24456.6317220608,67.0044704713994,1.3843139093603e-05,0.00505274576916509,11945.4470960154,32.7272523178505,2.04736009673666,"Above"
10,0.56,10000,15.6,95,110.6,0.000283781024323581,0.103580073878107,2442.54238708218,6.69189695091008,5.32798242448094e-05,0.0194471358493554,458.586790305774,1.2564021652213,5.32623799620036,"Above"
10,0.56,10000,156,95,251,0.00287471426255302,1.04927070583185,241.118635542012,0.660599001484964,0.000530769015081404,0.193730690504712,44.518616118302,0.121968811283019,5.4161305216962,"Above"
10,0.56,10000,1555,95,1650,0.0331941191261613,12.1158534810489,20.8816259869856,0.0572099342109195,0.00716237260005128,2.61426599901872,4.50567720279796,0.0123443211035561,4.63451442416213,"Above"
10,0.56,1e+05,1.56,95,96.56,2.79048701528447e-06,0.00101852776057883,248396.490205235,680.538329329412,1.35978646814052e-06,0.000496322060871291,121042.020358674,331.621973585409,2.05215089329459,"Above"
10,0.56,1e+05,15.6,95,110.6,2.79083748403356e-05,0.0101865568167225,24836.5296985387,68.0452868453115,5.15064356372845e-06,0.00187998490076089,4583.71770369953,12.5581306950672,5.41842480362459,"Above"
10,0.56,1e+05,156,95,251,0.000279434863970806,0.101993725349344,2480.53220958271,6.79597865639097,5.00705859373434e-05,0.0182757638671304,444.474606372795,1.2177386475967,5.58081873298788,"Above"
10,0.56,1e+05,1555,95,1650,0.0028209208032113,1.02963609317212,245.716639676972,0.673196273087595,0.000511785960005531,0.186801875402019,44.5791764814011,0.12213473008603,5.51191518262989,"Above"
10,0.76,3700,1.56,95,96.56,5.74327573937543e-05,0.0209629564487203,12068.8473271061,33.0653351427565,2.72303596743984e-05,0.00993908128115541,5722.15349716502,15.6771328689453,2.10914428162151,"Above"
10,0.76,3700,15.6,95,110.6,0.0005758173299684,0.210173325438466,1203.76227752295,3.29797884252863,8.44188158365418e-05,0.0308128677803377,176.479902094581,0.483506581081044,6.82095957237,"Above"
10,0.76,3700,156,95,251,0.00591305232268225,2.15826409777902,117.223244905353,0.321159575083158,0.000847263890144433,0.309251319902718,16.7965742689065,0.0460180116956343,6.97899720673125,"Above"
10,0.76,3700,1555,95,1650,0.0849385672014491,31.0025770285289,8.16057067357877,0.0223577278728186,0.0186042198725298,6.79054025347337,1.78742185203694,0.00489704616996421,4.56555382506879,"Above"
10,0.76,10000,1.56,95,96.56,2.07883031896535e-05,0.00758773066422351,33343.1340805598,91.3510522755064,9.82381614193525e-06,0.00358569289180637,15756.7847560711,43.1692733043043,2.11611281087741,"Above"
10,0.76,10000,15.6,95,110.6,0.000208077757409777,0.0759483814545688,3331.19305584834,9.1265563173927,2.93886691146368e-05,0.0107268642268424,470.493971551724,1.28902457959376,7.08020348244168,"Above"
10,0.76,10000,156,95,251,0.00210052155386911,0.766690367162225,329.988130463686,0.904077069763524,0.000283818603591601,0.103593790310934,44.5873884119365,0.122157228525853,7.40092977446836,"Above"
10,0.76,10000,1555,95,1650,0.0232178245527887,8.47450596176787,29.8540967515706,0.081792045894714,0.00349233110982039,1.27470085508444,4.49053228927837,0.0123028281898038,6.64823117358503,"Above"
10,0.76,1e+05,1.56,95,96.56,2.05522169920128e-06,0.000750155920208465,337261.513358546,924.004146187798,9.7013143170619e-07,0.000354097972572759,159198.394480303,436.159984877542,2.11849820759515,"Above"
10,0.76,1e+05,15.6,95,110.6,2.05541180108435e-05,0.0075022530739579,33723.0320558765,92.3918686462369,2.86400251590388e-06,0.00104536091830492,4698.95368903614,12.8738457233867,7.17671087811759,"Above"
10,0.76,1e+05,156,95,251,0.000205731540247019,0.0750920121901618,3369.18286679667,9.23063799122376,2.71485229974491e-05,0.00990921089406894,444.600465402711,1.21808346685674,7.57800121451724,"Above"
10,0.76,1e+05,1555,95,1650,0.00206988854785144,0.755509319965776,334.871740451648,0.917456823155199,0.000275546000939383,0.100574290342875,44.5785204255766,0.122132932672813,7.5119527802793,"Above"
20,0.56,3700,1.56,95,96.56,3.94692919059342e-05,0.014406291545666,17561.6826927602,48.1141991582471,1.9388769679639e-05,0.00707690093306824,8626.94526489936,23.6354664791763,2.03567800113602,"Above"
20,0.56,3700,15.6,95,110.6,0.000396102010619845,0.144577233876243,1749.92088395428,4.79430379165555,7.7385101582651e-05,0.0282455620776676,341.87608680525,0.936646813165067,5.11858229192591,"Above"
20,0.56,3700,156,95,251,0.00410973717215045,1.50005406783491,168.659734558464,0.462081464543736,0.000810985128315244,0.296009571835064,33.2820642155418,0.091183737576827,5.0675863572099,"Above"
20,0.56,3700,1555,95,1650,0.0772165254567303,28.1840317917065,8.97666887314638,0.024593613351086,0.0348740014378585,12.7290105248183,4.05421457826034,0.0111074372007133,2.21415731700079,"Above"
20,0.56,10000,1.56,95,96.56,1.4170945296909e-05,0.00517239503337179,48913.2634441215,134.008940942799,6.9215695468015e-06,0.00252637288458255,23890.8941920309,65.454504635701,2.04736009673666,"Above"
20,0.56,10000,15.6,95,110.6,0.00014189051216179,0.0517900369390535,4885.08477416436,13.3837939018202,2.66399121224047e-05,0.00972356792467772,917.173580611547,2.5128043304426,5.32623799620036,"Above"
20,0.56,10000,156,95,251,0.00143735713127651,0.524635352915926,482.237271084024,1.32119800296993,0.000265384507540702,0.0968653452523562,89.037232236604,0.243937622566038,5.4161305216962,"Above"
20,0.56,10000,1555,95,1650,0.0165970595630806,6.05792674052443,41.7632519739712,0.114419868421839,0.00358118630002564,1.30713299950936,9.01135440559592,0.0246886422071121,4.63451442416213,"Above"
20,0.56,1e+05,1.56,95,96.56,1.39524350764224e-06,0.000509263880289416,496792.980410471,1361.07665865882,6.79893234070262e-07,0.000248161030435645,242084.040717348,663.243947170817,2.05215089329459,"Above"
20,0.56,1e+05,15.6,95,110.6,1.39541874201678e-05,0.00509327840836125,49673.0593970774,136.090573690623,2.57532178186423e-06,0.000939992450380443,9167.43540739907,25.1162613901344,5.41842480362459,"Above"
20,0.56,1e+05,156,95,251,0.000139717431985403,0.050996862674672,4961.06441916541,13.5919573127819,2.50352929686717e-05,0.00913788193356518,888.949212745589,2.4354772951934,5.58081873298788,"Above"
20,0.56,1e+05,1555,95,1650,0.00141046040160565,0.514818046586062,491.433279353944,1.34639254617519,0.000255892980002765,0.0934009377010093,89.1583529628022,0.244269460172061,5.51191518262989,"Above"
20,0.76,3700,1.56,95,96.56,2.87163786968771e-05,0.0104814782243602,24137.6946542122,66.130670285513,1.36151798371992e-05,0.00496954064057771,11444.30699433,31.3542657378905,2.10914428162151,"Above"
20,0.76,3700,15.6,95,110.6,0.0002879086649842,0.105086662719233,2407.5245550459,6.59595768505727,4.22094079182709e-05,0.0154064338901689,352.959804189162,0.967013162162087,6.82095957237,"Above"
20,0.76,3700,156,95,251,0.00295652616134112,1.07913204888951,234.446489810705,0.642319150166316,0.000423631945072216,0.154625659951359,33.5931485378131,0.0920360233912687,6.97899720673125,"Above"
20,0.76,3700,1555,95,1650,0.0424692836007246,15.5012885142645,16.3211413471575,0.0447154557456371,0.00930210993626489,3.39527012673669,3.57484370407387,0.00979409233992842,4.56555382506879,"Above"
20,0.76,10000,1.56,95,96.56,1.03941515948267e-05,0.00379386533211176,66686.2681611197,182.702104551013,4.91190807096763e-06,0.00179284644590318,31513.5695121421,86.3385466086086,2.11611281087741,"Above"
20,0.76,10000,15.6,95,110.6,0.000104038878704889,0.0379741907272844,6662.38611169667,18.2531126347854,1.46943345573184e-05,0.00536343211342121,940.987943103448,2.57804915918753,7.08020348244168,"Above"
20,0.76,10000,156,95,251,0.00105026077693456,0.383345183581113,659.976260927373,1.80815413952705,0.0001419093017958,0.0517968951554671,89.174776823873,0.244314457051707,7.40092977446836,"Above"
20,0.76,10000,1555,95,1650,0.0116089122763943,4.23725298088394,59.7081935031412,0.163584091789428,0.00174616555491019,0.63735042754222,8.98106457855674,0.0246056563796075,6.64823117358503,"Above"
20,0.76,1e+05,1.56,95,96.56,1.02761084960064e-06,0.000375077960104233,674523.026717093,1848.0082923756,4.85065715853095e-07,0.00017704898628638,318396.788960606,872.319969755084,2.11849820759515,"Above"
20,0.76,1e+05,15.6,95,110.6,1.02770590054218e-05,0.00375112653697895,67446.064111753,184.783737292474,1.43200125795194e-06,0.000522680459152459,9397.90737807229,25.7476914467734,7.17671087811759,"Above"
20,0.76,1e+05,156,95,251,0.000102865770123509,0.0375460060950809,6738.36573359334,18.4612759824475,1.35742614987246e-05,0.00495460544703447,889.200930805422,2.43616693371348,7.57800121451724,"Above"
20,0.76,1e+05,1555,95,1650,0.00103494427392572,0.377754659982888,669.743480903295,1.8349136463104,0.000137773000469691,0.0502871451714374,89.1570408511532,0.244265865345625,7.5119527802793,"Above"
30,0.56,3700,1.56,95,96.56,2.63128612706228e-05,0.00960419436377733,26342.5240391403,72.1712987373707,1.29258464530927e-05,0.00471793395537883,12940.417897349,35.4531997187645,2.03567800113602,"Above"
30,0.56,3700,15.6,95,110.6,0.000264068007079897,0.0963848225841623,2624.88132593141,7.19145568748333,5.15900677217673e-05,0.0188303747184451,512.814130207874,1.4049702197476,5.11858229192591,"Above"
30,0.56,3700,156,95,251,0.00273982478143363,1.00003604522328,252.989601837695,0.693122196815603,0.000540656752210163,0.197339714556709,49.9230963233127,0.13677560636524,5.0675863572099,"Above"
30,0.56,3700,1555,95,1650,0.0514776836378202,18.7893545278044,13.4650033097196,0.0368904200266289,0.0232493342919057,8.48600701654556,6.08132186739051,0.0166611558010699,2.21415731700078,"Above"
30,0.56,10000,1.56,95,96.56,9.447296864606e-06,0.00344826335558119,73369.8951661823,201.013411414198,4.61437969786766e-06,0.0016842485897217,35836.3412880463,98.1817569535515,2.04736009673666,"Above"
30,0.56,10000,15.6,95,110.6,9.4593674774527e-05,0.0345266912927024,7327.62716124654,20.0756908527302,1.77599414149365e-05,0.00648237861645181,1375.76037091732,3.76920649566389,5.32623799620036,"Above"
30,0.56,10000,156,95,251,0.000958238087517674,0.349756901943951,723.355906626036,1.98179700445489,0.000176923005027135,0.0645768968349041,133.555848354906,0.365906433849058,5.4161305216962,"Above"
30,0.56,10000,1555,95,1650,0.0110647063753871,4.03861782701629,62.6448779609568,0.171629802632758,0.00238745753335043,0.871421999672906,13.5170316083939,0.0370329633106681,4.63451442416213,"Above"
30,0.56,1e+05,1.56,95,96.56,9.30162338428157e-07,0.000339509253526277,745189.470615706,2041.61498798824,4.53262156046841e-07,0.000165440686957097,363126.061076023,994.865920756227,2.05215089329459,"Above"
30,0.56,1e+05,15.6,95,110.6,9.3027916134452e-06,0.0033955189389075,74509.5890956161,204.135860535935,1.71688118790948e-06,0.000626661633586962,13751.1531110986,37.6743920852017,5.41842480362459,"Above"
30,0.56,1e+05,156,95,251,9.31449546569352e-05,0.0339979084497814,7441.59662874812,20.3879359691729,1.66901953124478e-05,0.00609192128904345,1333.42381911838,3.65321594279009,5.58081873298788,"Above"
30,0.56,1e+05,1555,95,1650,0.000940306934403766,0.343212031057375,737.149919030916,2.01958881926278,0.000170595320001844,0.0622672918006729,133.737529444203,0.366404190258091,5.51191518262989,"Above"
30,0.76,3700,1.56,95,96.56,1.91442524645848e-05,0.00698765214957344,36206.5419813184,99.1960054282695,9.0767865581328e-06,0.00331302709371847,17166.4604914951,47.0313986068358,2.10914428162151,"Above"
30,0.76,3700,15.6,95,110.6,0.000191939109989466,0.0700577751461553,3611.28683256885,9.8939365275859,2.81396052788473e-05,0.0102709559267792,529.439706283743,1.45051974324313,6.82095957237,"Above"
30,0.76,3700,156,95,251,0.00197101744089408,0.71942136592634,351.669734716058,0.963478725249474,0.000282421296714811,0.103083773300906,50.3897228067196,0.138054035086903,6.97899720673125,"Above"
30,0.76,3700,1555,95,1650,0.0283128557338164,10.334192342843,24.4817120207363,0.0670731836184557,0.00620140662417659,2.26351341782446,5.36226555611081,0.0146911385098926,4.56555382506879,"Above"
30,0.76,10000,1.56,95,96.56,6.92943439655115e-06,0.00252924355474117,100029.40224168,274.053156826519,3.27460538064508e-06,0.00119523096393546,47270.3542682132,129.507819912913,2.11611281087741,"Above"
30,0.76,10000,15.6,95,110.6,6.93592524699258e-05,0.0253161271515229,9993.57916754501,27.3796689521781,9.79622303821225e-06,0.00357562140894747,1411.48191465517,3.86707373878129,7.08020348244168,"Above"
30,0.76,10000,156,95,251,0.000700173851289703,0.255563455720742,989.964391391059,2.71223120929057,9.46062011972002e-05,0.0345312634369781,133.762165235809,0.36647168557756,7.40092977446836,"Above"
30,0.76,10000,1555,95,1650,0.00773927485092956,2.82483532058929,89.5622902547118,0.245376137684142,0.00116411036994013,0.424900285028147,13.4715968678351,0.0369084845694113,6.64823117358503,"Above"
30,0.76,1e+05,1.56,95,96.56,6.85073899733758e-07,0.000250051973402822,1011784.54007564,2772.0124385634,3.23377143902063e-07,0.000118032657524253,477595.183440909,1308.47995463263,2.11849820759514,"Above"
30,0.76,1e+05,15.6,95,110.6,6.85137267028118e-06,0.00250075102465263,101169.096167629,277.175605938711,9.54667505301294e-07,0.000348453639434972,14096.8610671084,38.6215371701601,7.17671087811759,"Above"
30,0.76,1e+05,156,95,251,6.85771800823395e-05,0.0250306707300539,10107.54860039,27.6919139736713,9.04950766581638e-06,0.00330307029802298,1333.80139620813,3.65425040057023,7.57800121451723,"Above"
30,0.76,1e+05,1555,95,1650,0.000689962849283814,0.251836439988592,1004.61522135494,2.7523704694656,9.18486669797943e-05,0.0335247634476249,133.73556127673,0.366398798018438,7.5119527802793,"Above"
40,0.56,3700,1.56,95,96.56,1.97346459529671e-05,0.007203145772833,35123.3653855204,96.2283983164942,9.6943848398195e-06,0.00353845046653412,17253.8905297987,47.2709329583527,2.03567800113602,"Above"
40,0.56,3700,15.6,95,110.6,0.000198051005309923,0.0722886169381217,3499.84176790855,9.5886075833111,3.86925507913255e-05,0.0141227810388338,683.752173610499,1.87329362633013,5.11858229192591,"Above"
40,0.56,3700,156,95,251,0.00205486858607522,0.750027033917457,337.319469116927,0.924162929087471,0.000405492564157622,0.148004785917532,66.5641284310837,0.182367475153654,5.0675863572099,"Above"
40,0.56,3700,1555,95,1650,0.0386082627283651,14.0920158958533,17.9533377462928,0.0491872267021719,0.0174370007189292,6.36450526240917,8.10842915652067,0.0222148744014265,2.21415731700079,"Above"
40,0.56,10000,1.56,95,96.56,7.0854726484545e-06,0.00258619751668589,97826.526888243,268.017881885597,3.46078477340075e-06,0.00126318644229127,47781.7883840617,130.909009271402,2.04736009673666,"Above"
40,0.56,10000,15.6,95,110.6,7.09452560808953e-05,0.0258950184695268,9770.16954832871,26.7675878036403,1.33199560612024e-05,0.00486178396233886,1834.34716122309,5.02560866088519,5.32623799620036,"Above"
40,0.56,10000,156,95,251,0.000718678565638255,0.262317676457963,964.474542168047,2.64239600593986,0.000132692253770351,0.0484326726261781,178.074464473208,0.487875245132077,5.4161305216962,"Above"
40,0.56,10000,1555,95,1650,0.00829852978154032,3.02896337026222,83.5265039479424,0.228839736843678,0.00179059315001282,0.653566499754679,18.0227088111918,0.0493772844142242,4.63451442416213,"Above"
40,0.56,1e+05,1.56,95,96.56,6.97621753821118e-07,0.000254631940144708,993585.960820941,2722.15331731765,3.39946617035131e-07,0.000124080515217823,484168.081434697,1326.48789434163,2.05215089329459,"Above"
40,0.56,1e+05,15.6,95,110.6,6.9770937100839e-06,0.00254663920418062,99346.1187941548,272.181147381246,1.28766089093211e-06,0.000469996225190221,18334.8708147981,50.2325227802689,5.41842480362459,"Above"
40,0.56,1e+05,156,95,251,6.98587159927014e-05,0.025498431337336,9922.12883833082,27.1839146255639,1.25176464843359e-05,0.00456894096678259,1777.89842549118,4.87095459038679,5.58081873298788,"Above"
40,0.56,1e+05,1555,95,1650,0.000705230200802825,0.257409023293031,982.866558707888,2.69278509235038,0.000127946490001383,0.0467004688505047,178.316705925604,0.488538920344122,5.51191518262989,"Above"
40,0.76,3700,1.56,95,96.56,1.43581893484386e-05,0.00524073911218008,48275.3893084245,132.261340571026,6.8075899185996e-06,0.00248477032028885,22888.6139886601,62.7085314757811,2.10914428162151,"Above"
40,0.76,3700,15.6,95,110.6,0.0001439543324921,0.0525433313596165,4815.0491100918,13.1919153701145,2.11047039591354e-05,0.00770321694508444,705.919608378324,1.93402632432417,6.82095957237,"Above"
40,0.76,3700,156,95,251,0.00147826308067056,0.539566024444755,468.892979621411,1.28463830033263,0.000211815972536108,0.0773128299756795,67.1862970756261,0.184072046782537,6.97899720673125,"Above"
40,0.76,3700,1555,95,1650,0.0212346418003623,7.75064425713223,32.6422826943151,0.0894309114912742,0.00465105496813245,1.69763506336834,7.14968740814774,0.0195881846798568,4.56555382506879,"Above"
40,0.76,10000,1.56,95,96.56,5.19707579741337e-06,0.00189693266605588,133372.536322239,365.404209102026,2.45595403548381e-06,0.000896423222951592,63027.1390242842,172.677093217217,2.11611281087741,"Above"
40,0.76,10000,15.6,95,110.6,5.20194393524444e-05,0.0189870953636422,13324.7722233933,36.5062252695708,7.34716727865919e-06,0.0026817160567106,1881.9758862069,5.15609831837506,7.08020348244168,"Above"
40,0.76,10000,156,95,251,0.000525130388467278,0.191672591790556,1319.95252185475,3.6163082790541,7.09546508979001e-05,0.0258984475777336,178.349553647746,0.488628914103413,7.40092977446836,"Above"
40,0.76,10000,1555,95,1650,0.00580445613819717,2.11862649044197,119.416387006282,0.327168183578856,0.000873082777455096,0.31867521377111,17.9621291571135,0.049211312759215,6.64823117358503,"Above"
40,0.76,1e+05,1.56,95,96.56,5.13805424800319e-07,0.000187538980052116,1349046.05343419,3696.01658475119,2.42532857926547e-07,8.85244931431898e-05,636793.577921211,1744.63993951017,2.11849820759515,"Above"
40,0.76,1e+05,15.6,95,110.6,5.13852950271089e-06,0.00187556326848947,134892.128223506,369.567474584948,7.16000628975971e-07,0.000261340229576229,18795.8147561446,51.4953828935468,7.17671087811759,"Above"
40,0.76,1e+05,156,95,251,5.14328850617547e-05,0.0187730030475405,13476.7314671867,36.922551964895,6.78713074936228e-06,0.00247730272351723,1778.40186161084,4.87233386742697,7.57800121451724,"Above"
40,0.76,1e+05,1555,95,1650,0.00051747213696286,0.188877329991444,1339.48696180659,3.6698272926208,6.88865002348457e-05,0.0251435725857187,178.314081702306,0.48853173069125,7.5119527802793,"Above"
50,0.56,3700,1.56,95,96.56,1.57877167623737e-05,0.0057625166182664,43904.2067319005,120.285497895618,7.7555078718556e-06,0.0028307603732273,21567.3631622484,59.0886661979409,2.03567800113602,"Above"
50,0.56,3700,15.6,95,110.6,0.000158440804247938,0.0578308935504974,4374.80220988569,11.9857594791389,3.09540406330604e-05,0.011298224831067,854.690217013124,2.34161703291267,5.11858229192591,"Above"
50,0.56,3700,156,95,251,0.00164389486886018,0.600021627133966,421.649336396159,1.15520366135934,0.000324394051326098,0.118403828734026,83.2051605388546,0.227959343942067,5.0675863572099,"Above"
50,0.56,3700,1555,95,1650,0.0308866101826921,11.2736127166826,22.4416721828659,0.0614840333777149,0.0139496005751434,5.09160420992734,10.1355364456508,0.0277685930017831,2.21415731700079,"Above"
50,0.56,10000,1.56,95,96.56,5.6683781187636e-06,0.00206895801334872,122283.158610304,335.022352356997,2.7686278187206e-06,0.00101054915383302,59727.2354800771,163.636261589252,2.04736009673666,"Above"
50,0.56,10000,15.6,95,110.6,5.67562048647162e-05,0.0207160147756214,12212.7119354109,33.4594847545504,1.06559648489619e-05,0.00388942716987109,2292.93395152887,6.28201082610649,5.32623799620036,"Above"
50,0.56,10000,156,95,251,0.000574942852510604,0.209854141166371,1205.59317771006,3.30299500742482,0.000106153803016281,0.0387461381009425,222.59308059151,0.609844056415096,5.4161305216962,"Above"
50,0.56,10000,1555,95,1650,0.00663882382523225,2.42317069620977,104.408129934928,0.286049671054597,0.00143247452001026,0.522853199803743,22.5283860139898,0.0617216055177802,4.63451442416213,"Above"
50,0.56,1e+05,1.56,95,96.56,5.58097403056894e-07,0.000203705552115766,1241982.45102618,3402.69164664706,2.71957293628105e-07,9.92644121742582e-05,605210.101793371,1658.10986792704,2.05215089329459,"Above"
50,0.56,1e+05,15.6,95,110.6,5.58167496806712e-06,0.0020373113633445,124182.648492694,340.226434226558,1.03012871274569e-06,0.000375996980152177,22918.5885184977,62.7906534753361,5.41842480362459,"Above"
50,0.56,1e+05,156,95,251,5.58869727941611e-05,0.0203987450698688,12402.6610479135,33.9798932819549,1.00141171874687e-05,0.00365515277342607,2222.37303186397,6.08869323798349,5.58081873298788,"Above"
50,0.56,1e+05,1555,95,1650,0.00056418416064226,0.205927218634425,1228.58319838486,3.36598136543797,0.000102357192001106,0.0373603750804037,222.895882407006,0.610673650430152,5.51191518262989,"Above"
50,0.76,3700,1.56,95,96.56,1.14865514787509e-05,0.00419259128974406,60344.2366355306,165.326675713782,5.44607193487968e-06,0.00198781625623108,28610.7674858251,78.3856643447263,2.10914428162151,"Above"
50,0.76,3700,15.6,95,110.6,0.00011516346599368,0.0420346650876932,6018.81138761476,16.4898942126432,1.68837631673084e-05,0.00616257355606755,882.399510472905,2.41753290540522,6.82095957237,"Above"
50,0.76,3700,156,95,251,0.00118261046453645,0.431652819555804,586.116224526763,1.60579787541579,0.000169452778028887,0.0618502639805436,83.9828713445327,0.230090058478172,6.97899720673125,"Above"
50,0.76,3700,1555,95,1650,0.0169877134402898,6.20051540570579,40.8028533678939,0.111788639364093,0.00372084397450596,1.35810805069467,8.93710926018468,0.024485230849821,4.56555382506879,"Above"
50,0.76,10000,1.56,95,96.56,4.15766063793069e-06,0.0015175461328447,166715.670402799,456.755261377532,1.96476322838705e-06,0.000717138578361273,78783.9237803553,215.846366521521,2.11611281087741,"Above"
50,0.76,10000,15.6,95,110.6,4.16155514819555e-05,0.0151896762909138,16655.9652792417,45.6327815869635,5.87773382292735e-06,0.00214537284536848,2352.46985775862,6.44512289796883,7.08020348244168,"Above"
50,0.76,10000,156,95,251,0.000420104310773822,0.153338073432445,1649.94065231843,4.52038534881762,5.67637207183201e-05,0.0207187580621868,222.936942059682,0.610786142629267,7.40092977446836,"Above"
50,0.76,10000,1555,95,1650,0.00464356491055774,1.69490119235357,149.270483757853,0.40896022947357,0.000698466221964077,0.254940171016888,22.4526614463919,0.0615141409490188,6.64823117358503,"Above"
50,0.76,1e+05,1.56,95,96.56,4.11044339840255e-07,0.000150031184041693,1686307.56679273,4620.02073093899,1.94026286341238e-07,7.08195945145519e-05,795991.972401514,2180.79992438771,2.11849820759515,"Above"
50,0.76,1e+05,15.6,95,110.6,4.11082360216871e-06,0.00150045061479158,168615.160279382,461.959343231185,5.72800503180776e-07,0.000209072183660983,23494.7684451807,64.3692286169335,7.1767108781176,"Above"
50,0.76,1e+05,156,95,251,4.11463080494037e-05,0.0150184024380324,16845.9143339834,46.1531899561188,5.42970459948983e-06,0.00198184217881379,2223.00232701356,6.09041733428371,7.57800121451724,"Above"
50,0.76,1e+05,1555,95,1650,0.000413977709570288,0.151101863993155,1674.35870225824,4.58728411577599,5.51092001878766e-05,0.020114858068575,222.892602127883,0.610664663364063,7.5119527802793,"Above"
60,0.56,3700,1.56,95,96.56,1.31564306353114e-05,0.00480209718188866,52685.0480782806,144.342597474741,6.46292322654634e-06,0.00235896697768941,25880.8357946981,70.906399437529,2.03567800113602,"Above"
60,0.56,3700,15.6,95,110.6,0.000132034003539948,0.0481924112920811,5249.76265186283,14.3829113749667,2.57950338608836e-05,0.00941518735922253,1025.62826041575,2.8099404394952,5.11858229192591,"Above"
60,0.56,3700,156,95,251,0.00136991239071682,0.500018022611638,505.979203675391,1.38624439363121,0.000270328376105081,0.0986698572783547,99.8461926466255,0.273551212730481,5.0675863572099,"Above"
60,0.56,3700,1555,95,1650,0.0257388418189101,9.39467726390218,26.9300066194391,0.0737808400532579,0.0116246671459528,4.24300350827278,12.162643734781,0.0333223116021398,2.21415731700078,"Above"
60,0.56,10000,1.56,95,96.56,4.723648432303e-06,0.0017241316777906,146739.790332365,402.026822828396,2.30718984893383e-06,0.000842124294860849,71672.6825760926,196.363513907103,2.04736009673666,"Above"
60,0.56,10000,15.6,95,110.6,4.72968373872635e-05,0.0172633456463512,14655.2543224931,40.1513817054605,8.87997070746823e-06,0.00324118930822591,2751.52074183464,7.53841299132778,5.32623799620036,"Above"
60,0.56,10000,156,95,251,0.000479119043758837,0.174878450971975,1446.71181325207,3.96359400890978,8.84615025135673e-05,0.0322884484174521,267.111696709812,0.731812867698115,5.4161305216962,"Above"
60,0.56,10000,1555,95,1650,0.00553235318769355,2.01930891350814,125.289755921914,0.343259605265517,0.00119372876667521,0.435710999836453,27.0340632167877,0.0740659266213363,4.63451442416213,"Above"
60,0.56,1e+05,1.56,95,96.56,4.65081169214078e-07,0.000169754626763139,1490378.94123141,4083.22997597647,2.26631078023421e-07,8.27203434785485e-05,726252.122152045,1989.73184151245,2.05215089329459,"Above"
60,0.56,1e+05,15.6,95,110.6,4.6513958067226e-06,0.00169775946945375,149019.178191232,408.271721071869,8.58440593954742e-07,0.000313330816793481,27502.3062221972,75.3487841704033,5.41842480362459,"Above"
60,0.56,1e+05,156,95,251,4.65724773284676e-05,0.0169989542248907,14883.1932574962,40.7758719383458,8.34509765622391e-06,0.00304596064452173,2666.84763823677,7.30643188558019,5.58081873298788,"Above"
60,0.56,1e+05,1555,95,1650,0.000470153467201883,0.171606015528687,1474.29983806183,4.03917763852557,8.52976600009218e-05,0.0311336459003365,267.475058888407,0.732808380516183,5.51191518262989,"Above"
60,0.76,3700,1.56,95,96.56,9.57212623229238e-06,0.00349382607478672,72413.0839626367,198.392010856539,4.5383932790664e-06,0.00165651354685924,34332.9209829901,94.0627972136716,2.10914428162151,"Above"
60,0.76,3700,15.6,95,110.6,9.59695549947332e-05,0.0350288875730776,7222.57366513771,19.7878730551718,1.40698026394236e-05,0.00513547796338962,1058.87941256749,2.90103948648626,6.82095957237,"Above"
60,0.76,3700,156,95,251,0.000985508720447041,0.35971068296317,703.339469432116,1.92695745049895,0.000141210648357405,0.051541886650453,100.779445613439,0.276108070173806,6.97899720673125,"Above"
60,0.76,3700,1555,95,1650,0.0141564278669082,5.16709617142149,48.9634240414726,0.134146367236911,0.0031007033120883,1.13175670891223,10.7245311122216,0.0293822770197853,4.56555382506879,"Above"
60,0.76,10000,1.56,95,96.56,3.46471719827558e-06,0.00126462177737059,200058.804483359,548.106313653039,1.63730269032254e-06,0.000597615481967728,94540.7085364264,259.015639825826,2.11611281087741,"Above"
60,0.76,10000,15.6,95,110.6,3.46796262349629e-05,0.0126580635757615,19987.15833509,54.7593379043562,4.89811151910613e-06,0.00178781070447374,2822.96382931034,7.73414747756259,7.08020348244168,"Above"
60,0.76,10000,156,95,251,0.000350086925644852,0.127781727860371,1979.92878278212,5.42446241858115,4.73031005986001e-05,0.017265631718489,267.524330471619,0.73294337115512,7.40092977446836,"Above"
60,0.76,10000,1555,95,1650,0.00386963742546478,1.41241766029465,179.124580509424,0.490752275368284,0.000582055184970064,0.212450142514073,26.9431937356702,0.0738169691388225,6.64823117358503,"Above"
60,0.76,1e+05,1.56,95,96.56,3.42536949866879e-07,0.000125025986701411,2023569.08015128,5544.02487712679,1.61688571951032e-07,5.90163287621266e-05,955190.366881817,2616.95990926525,2.11849820759514,"Above"
60,0.76,1e+05,15.6,95,110.6,3.42568633514059e-06,0.00125037551232632,202338.192335259,554.351211877422,4.77333752650647e-07,0.000174226819717486,28193.7221342169,77.2430743403202,7.17671087811759,"Above"
60,0.76,1e+05,156,95,251,3.42885900411698e-05,0.012515335365027,20215.09720078,55.3838279473426,4.52475383290819e-06,0.00165153514901149,2667.60279241627,7.30850080114046,7.57800121451723,"Above"
60,0.76,1e+05,1555,95,1650,0.000344981424641907,0.125918219994296,2009.23044270989,5.50474093893119,4.59243334898972e-05,0.0167623817238125,267.471122553459,0.732797596036875,7.5119527802793,"Above"
70,0.56,3700,1.56,95,96.56,1.12769405445526e-05,0.00411608329876171,61465.8894246607,168.399697053865,5.53964847989686e-06,0.00202197169516235,30194.3084271478,82.7241326771172,2.03567800113602,"Above"
70,0.56,3700,15.6,95,110.6,0.000113172003034241,0.0413077811074981,6124.72309383997,16.7800632707944,2.21100290236146e-05,0.00807016059361931,1196.56630381837,3.27826384607774,5.11858229192591,"Above"
70,0.56,3700,156,95,251,0.00117421062061441,0.428586876524261,590.309070954622,1.61728512590307,0.000231710036661498,0.0845741633814469,116.487224754396,0.319143081518894,5.0675863572099,"Above"
70,0.56,3700,1555,95,1650,0.0220618644162086,8.05258051191615,31.4183410560123,0.0860776467288009,0.00996400041081671,3.6368601499481,14.1897510239112,0.0388760302024964,2.21415731700078,"Above"
70,0.56,10000,1.56,95,96.56,4.04884151340257e-06,0.00147782715239194,171196.422054425,469.031293299795,1.97759129908614e-06,0.000721820824166442,83618.129672108,229.090766224953,2.04736009673666,"Above"
70,0.56,10000,15.6,95,110.6,4.05401463319401e-05,0.0147971534111582,17097.7967095753,46.8432786563706,7.6114034635442e-06,0.00277816226419363,3210.10753214042,8.79481515654908,5.32623799620036,"Above"
70,0.56,10000,156,95,251,0.000410673466079003,0.149895815118836,1687.83044879408,4.62419301039475,7.58241450116291e-05,0.0276758129292446,311.630312828114,0.853781678981135,5.4161305216962,"Above"
70,0.56,10000,1555,95,1650,0.00474201701802304,1.73083621157841,146.171381908899,0.400469539476436,0.00102319608572161,0.373466571288388,31.5397404195857,0.0864102477248924,4.63451442416213,"Above"
70,0.56,1e+05,1.56,95,96.56,3.98641002183496e-07,0.000145503965796976,1738775.43143665,4763.76830530588,1.9425520973436e-07,7.09031515530416e-05,847294.14251072,2321.35381509786,2.05215089329459,"Above"
70,0.56,1e+05,15.6,95,110.6,3.98691069147651e-06,0.00145522240238893,173855.707889771,476.317007917181,7.35806223389779e-07,0.000268569271537269,32086.0239258968,87.9069148654706,5.41842480362459,"Above"
70,0.56,1e+05,156,95,251,3.99192662815437e-05,0.0145705321927634,17363.7254670789,47.5718505947368,7.15294084819192e-06,0.00261082340959005,3111.32224460956,8.52417053317688,5.58081873298788,"Above"
70,0.56,1e+05,1555,95,1650,0.000402988686173043,0.147090870453161,1720.0164777388,4.71237391161316,7.31122800007901e-05,0.0266859822002884,312.054235369808,0.854943110602214,5.51191518262989,"Above"
70,0.76,3700,1.56,95,96.56,8.20467962767918e-06,0.0029947080641029,84481.9312897428,231.457345999295,3.89005138205691e-06,0.00141986875445077,40055.0744801551,109.739930082617,2.10914428162151,"Above"
70,0.76,3700,15.6,95,110.6,8.22596185669142e-05,0.0300247607769237,8426.33594266066,23.0858518977004,1.20598308337917e-05,0.00440183825433396,1235.35931466207,3.38454606756731,6.82095957237,"Above"
70,0.76,3700,156,95,251,0.000844721760383178,0.30832344253986,820.562714337469,2.24811702558211,0.000121037698592062,0.0441787599861026,117.576019882346,0.32212608186944,6.97899720673125,"Above"
70,0.76,3700,1555,95,1650,0.0121340810287784,4.42893957550413,57.1239947150514,0.15650409510973,0.00265774569607568,0.970077179067624,12.5119529642586,0.0342793231897495,4.56555382506879,"Above"
70,0.76,10000,1.56,95,96.56,2.96975759852192e-06,0.0010839615234605,233401.938563919,639.457365928545,1.40340230599075e-06,0.000512241841686624,110297.493292497,302.18491313013,2.11611281087741,"Above"
70,0.76,10000,15.6,95,110.6,2.97253939156825e-05,0.0108497687792241,23318.3513909383,63.8858942217489,4.19838130209097e-06,0.0015324091752632,3293.45780086207,9.02317205715635,7.08020348244168,"Above"
70,0.76,10000,156,95,251,0.000300074507695587,0.109527195308889,2309.9169132458,6.32853948834467,4.05455147988001e-05,0.014799112901562,312.111718883555,0.855100599680974,7.40092977446836,"Above"
70,0.76,10000,1555,95,1650,0.00331683207896981,1.21064370882398,208.978677260994,0.572544321262998,0.000498904444260055,0.18210012215492,31.4337260249486,0.0861197973286263,6.64823117358503,"Above"
70,0.76,1e+05,1.56,95,96.56,2.93603099885896e-07,0.000107165131458352,2360830.59350982,6468.02902331459,1.38590204529456e-07,5.05854246532513e-05,1114388.76136212,3053.1198941428,2.11849820759514,"Above"
70,0.76,1e+05,15.6,95,110.6,2.93630257297765e-06,0.00107175043913684,236061.224391135,646.743080523659,4.09143216557697e-07,0.00014933727404356,32892.675823253,90.1169200637069,7.17671087811759,"Above"
70,0.76,1e+05,156,95,251,2.93902200352884e-05,0.0107274303128803,23584.2800675767,64.6144659385663,3.87836042820702e-06,0.00141560155629556,3112.20325781898,8.5265842679972,7.57800121451723,"Above"
70,0.76,1e+05,1555,95,1650,0.000295698363978777,0.107929902852254,2344.10218316153,6.42219776208639,3.93637144199118e-05,0.0143677557632678,312.049642979036,0.854930528709688,7.5119527802793,"Above"
80,0.56,3700,1.56,95,96.56,9.86732297648356e-06,0.0036015728864165,70246.7307710408,192.456796632988,4.84719241990975e-06,0.00176922523326706,34507.7810595975,94.5418659167054,2.03567800113602,"Above"
80,0.56,3700,15.6,95,110.6,9.90255026549613e-05,0.0361443084690609,6999.6835358171,19.1772151666222,1.93462753956627e-05,0.0070613905194169,1367.504347221,3.74658725266027,5.11858229192591,"Above"
80,0.56,3700,156,95,251,0.00102743429303761,0.375013516958728,674.638938233854,1.84832585817494,0.000202746282078811,0.074002392958766,133.128256862167,0.364734950307308,5.0675863572099,"Above"
80,0.56,3700,1555,95,1650,0.0193041313641826,7.04600794792664,35.9066754925855,0.0983744534043439,0.00871850035946462,3.18225263120459,16.2168583130413,0.044429748802853,2.21415731700079,"Above"
80,0.56,10000,1.56,95,96.56,3.54273632422725e-06,0.00129309875834295,195653.053776486,536.035763771195,1.73039238670037e-06,0.000631593221145637,95563.5767681234,261.818018542804,2.04736009673666,"Above"
80,0.56,10000,15.6,95,110.6,3.54726280404476e-05,0.0129475092347634,19540.3390966574,53.5351756072806,6.65997803060118e-06,0.00243089198116943,3668.69432244619,10.0512173217704,5.32623799620036,"Above"
80,0.56,10000,156,95,251,0.000359339282819128,0.131158838228982,1928.94908433609,5.28479201187971,6.63461268851755e-05,0.0242163363130891,356.148928946416,0.975750490264154,5.4161305216962,"Above"
80,0.56,10000,1555,95,1650,0.00414926489077016,1.51448168513111,167.053007895885,0.457679473687356,0.00089529657500641,0.32678324987734,36.0454176223837,0.0987545688284484,4.63451442416213,"Above"
80,0.56,1e+05,1.56,95,96.56,3.48810876910559e-07,0.000127315970072354,1987171.92164188,5444.30663463529,1.69973308517565e-07,6.20402576089114e-05,968336.162869393,2652.97578868327,2.05215089329459,"Above"
80,0.56,1e+05,15.6,95,110.6,3.48854685504195e-06,0.00127331960209031,198692.23758831,544.362294762492,6.43830445466057e-07,0.000234998112595111,36669.7416295963,100.465045560538,5.41842480362459,"Above"
80,0.56,1e+05,156,95,251,3.49293579963507e-05,0.012749215668668,19844.2576766616,54.3678292511278,6.25882324216793e-06,0.00228447048339129,3555.79685098236,9.74190918077358,5.58081873298788,"Above"
80,0.56,1e+05,1555,95,1650,0.000352615100401412,0.128704511646515,1965.73311741578,5.38557018470076,6.39732450006913e-05,0.0233502344252523,356.633411851209,0.977077840688244,5.51191518262989,"Above"
80,0.76,3700,1.56,95,96.56,7.17909467421928e-06,0.00262036955609004,96550.7786168489,264.522681142052,3.4037949592998e-06,0.00124238516014443,45777.2279773202,125.417062951562,2.10914428162151,"Above"
80,0.76,3700,15.6,95,110.6,7.19771662460499e-05,0.0262716656798082,9630.09822018361,26.3838307402291,1.05523519795677e-05,0.00385160847254222,1411.83921675665,3.86805264864835,6.82095957237,"Above"
80,0.76,3700,156,95,251,0.000739131540335281,0.269783012222377,937.785959242821,2.56927660066526,0.000105907986268054,0.0386564149878397,134.372594151252,0.368144093565075,6.97899720673125,"Above"
80,0.76,3700,1555,95,1650,0.0106173209001811,3.87532212856612,65.2845653886302,0.178861822982548,0.00232552748406622,0.848817531684171,14.2993748162955,0.0391763693597137,4.56555382506879,"Above"
80,0.76,10000,1.56,95,96.56,2.59853789870668e-06,0.000948466333027939,266745.072644479,730.808418204051,1.22797701774191e-06,0.000448211611475796,126054.278048568,345.354186434434,2.11611281087741,"Above"
80,0.76,10000,15.6,95,110.6,2.60097196762222e-05,0.0094935476818211,26649.5444467867,73.0124505391416,3.67358363932959e-06,0.0013408580283553,3763.95177241379,10.3121966367501,7.08020348244168,"Above"
80,0.76,10000,156,95,251,0.000262565194233639,0.0958362958952782,2639.90504370949,7.2326165581082,3.54773254489501e-05,0.0129492237888668,356.699107295492,0.977257828206827,7.40092977446836,"Above"
80,0.76,10000,1555,95,1650,0.00290222806909859,1.05931324522098,238.832774012565,0.654336367157712,0.000436541388727548,0.159337606885555,35.924258314227,0.09842262551843,6.64823117358503,"Above"
80,0.76,1e+05,1.56,95,96.56,2.56902712400159e-07,9.37694900260582e-05,2698092.10686837,7392.03316950239,1.21266428963274e-07,4.42622465715949e-05,1273587.15584242,3489.27987902034,2.11849820759515,"Above"
80,0.76,1e+05,15.6,95,110.6,2.56926475135544e-06,0.000937781634244737,269784.256447012,739.134949169896,3.58000314487985e-07,0.000130670114788115,37591.6295122891,102.990765787094,7.17671087811759,"Above"
80,0.76,1e+05,156,95,251,2.57164425308773e-05,0.00938650152377023,26953.4629343734,73.8451039297901,3.39356537468114e-06,0.00123865136175862,3556.80372322169,9.74466773485394,7.57800121451724,"Above"
80,0.76,1e+05,1555,95,1650,0.00025873606848143,0.094438664995722,2678.97392361318,7.33965458524159,3.44432501174229e-05,0.0125717862928593,356.628163404613,0.9770634613825,7.5119527802793,"Above"
90,0.56,3700,1.56,95,96.56,8.77095375687427e-06,0.00320139812125911,79027.5721174209,216.513896212112,4.30861548436422e-06,0.00157264465179294,38821.2536920472,106.359599156294,2.03567800113602,"Above"
90,0.56,3700,15.6,95,110.6,8.80226690266322e-05,0.0321282741947208,7874.64397779424,21.57436706245,1.71966892405891e-05,0.00627679157281502,1538.44239062362,4.2149106592428,5.11858229192591,"Above"
90,0.56,3700,156,95,251,0.000913274927144544,0.333345348407759,758.968805513086,2.07936659044681,0.000180218917403388,0.0657799048522365,149.769288969938,0.410326819095721,5.0675863572099,"Above"
90,0.56,3700,1555,95,1650,0.0171592278792734,6.26311817593479,40.3950099291587,0.110671260079887,0.00774977809730189,2.82866900551519,18.2439656021715,0.0499834674032096,2.21415731700078,"Above"
90,0.56,10000,1.56,95,96.56,3.14909895486867e-06,0.00114942111852706,220109.685498547,603.040234242594,1.53812656595589e-06,0.000561416196573899,107509.023864139,294.545270860654,2.04736009673666,"Above"
90,0.56,10000,15.6,95,110.6,3.15312249248423e-05,0.0115088970975675,21982.8814837396,60.2270725581907,5.91998047164549e-06,0.0021607928721506,4127.28111275196,11.3076194869917,5.32623799620036,"Above"
90,0.56,10000,156,95,251,0.000319412695839225,0.116585633981317,2170.06771987811,5.94539101336467,5.89743350090449e-05,0.0215256322783014,400.667545064718,1.09771930154717,5.4161305216962,"Above"
90,0.56,10000,1555,95,1650,0.00368823545846236,1.34620594233876,187.93463388287,0.514889407898275,0.000795819177783476,0.290473999890969,40.5510948251816,0.111098889932004,4.63451442416213,"Above"
90,0.56,1e+05,1.56,95,96.56,3.10054112809386e-07,0.000113169751175426,2235568.41184712,6124.8449639647,1.51087385348947e-07,5.51468956523657e-05,1089378.18322807,2984.59776226868,2.05215089329459,"Above"
90,0.56,1e+05,15.6,95,110.6,3.10093053781507e-06,0.0011318396463025,223528.767286848,612.407581607804,5.72293729303161e-07,0.000208887211195654,41253.4593332958,113.023176255605,5.41842480362459,"Above"
90,0.56,1e+05,156,95,251,3.10483182189784e-05,0.0113326361499271,22324.7898862443,61.1638079075188,5.5633984374826e-06,0.00203064042968115,4000.27145735515,10.9596478283703,5.58081873298788,"Above"
90,0.56,1e+05,1555,95,1650,0.000313435644801255,0.114404010352458,2211.44975709275,6.05876645778835,5.68651066672812e-05,0.0207557639335576,401.21258833261,1.09921257077427,5.51191518262989,"Above"
90,0.76,3700,1.56,95,96.56,6.38141748819492e-06,0.00232921738319115,108619.625943955,297.588016284808,3.0255955193776e-06,0.00110434236457282,51499.3814744852,141.094195820507,2.10914428162151,"Above"
90,0.76,3700,15.6,95,110.6,6.39797033298222e-05,0.0233525917153851,10833.8604977066,29.6818095827577,9.37986842628242e-06,0.00342365197559308,1588.31911885123,4.35155922972939,6.82095957237,"Above"
90,0.76,3700,156,95,251,0.000657005813631361,0.239807121975447,1055.00920414817,2.89043617574842,9.41404322382703e-05,0.0343612577669687,151.169168420159,0.414162105260709,6.97899720673125,"Above"
90,0.76,3700,1555,95,1650,0.00943761857793879,3.44473078094766,73.4451360622089,0.201219550855367,0.0020671355413922,0.754504472608152,16.0867966683324,0.0440734155296779,4.56555382506879,"Above"
90,0.76,10000,1.56,95,96.56,2.30981146551705e-06,0.000843081184913724,300088.206725039,822.159470479558,1.09153512688169e-06,0.000398410321311819,141811.06280464,388.523459738739,2.11611281087741,"Above"
90,0.76,10000,15.6,95,110.6,2.31197508233086e-05,0.00843870905050764,29980.737502635,82.1390068565343,3.26540767940408e-06,0.00119187380298249,4234.44574396552,11.6012212163439,7.08020348244168,"Above"
90,0.76,10000,156,95,251,0.000233391283763234,0.0851878185735806,2969.89317417318,8.13669362787172,3.15354003990667e-05,0.0115104211456594,401.286495707428,1.09941505673268,7.40092977446836,"Above"
90,0.76,10000,1555,95,1650,0.00257975828364319,0.941611773529764,268.686870764136,0.736128413052426,0.000388036789980043,0.141633428342716,40.4147906035053,0.110725453708234,6.64823117358503,"Above"
90,0.76,1e+05,1.56,95,96.56,2.28357966577919e-07,8.33506578009406e-05,3035353.62022692,8316.03731569019,1.07792381300688e-07,3.9344219174751e-05,1432785.55032273,3925.43986389788,2.11849820759515,"Above"
90,0.76,1e+05,15.6,95,110.6,2.28379089009373e-06,0.000833583674884211,303507.288502888,831.526817816133,3.18222501767098e-07,0.000116151213144991,42290.5832013253,115.86461151048,7.17671087811759,"Above"
90,0.76,1e+05,156,95,251,2.28590600274465e-05,0.00834355691001798,30322.64580117,83.0757419210138,3.01650255527213e-06,0.00110102343267433,4001.4041886244,10.9627512017107,7.57800121451723,"Above"
90,0.76,1e+05,1555,95,1650,0.000229987616427938,0.0839454799961973,3013.84566406483,8.25711140839679,3.06162223265981e-05,0.0111749211492083,401.206683830189,1.09919639405531,7.5119527802793,"Above"
100,0.56,3700,1.56,95,96.56,7.89385838118684e-06,0.0028812583091332,87808.413463801,240.570995791236,3.8777539359278e-06,0.00141538018661365,43134.7263244968,118.177332395882,2.03567800113602,"Above"
100,0.56,3700,15.6,95,110.6,7.9220402123969e-05,0.0289154467752487,8749.60441977138,23.9715189582778,1.54770203165302e-05,0.00564911241553352,1709.38043402625,4.68323406582534,5.11858229192591,"Above"
100,0.56,3700,156,95,251,0.00082194743443009,0.300010813566983,843.298672792318,2.31040732271868,0.000162197025663049,0.0592019143670128,166.410321077709,0.455918687884135,5.0675863572099,"Above"
100,0.56,3700,1555,95,1650,0.015443305091346,5.63680635834131,44.8833443657319,0.12296806675543,0.0069748002875717,2.54580210496367,20.2710728913017,0.0555371860035663,2.21415731700079,"Above"
100,0.56,10000,1.56,95,96.56,2.8341890593818e-06,0.00103447900667436,244566.317220608,670.044704713993,1.3843139093603e-06,0.000505274576916509,119454.470960154,327.272523178505,2.04736009673666,"Above"
100,0.56,10000,15.6,95,110.6,2.83781024323581e-05,0.0103580073878107,24425.4238708218,66.9189695091008,5.32798242448094e-06,0.00194471358493554,4585.86790305774,12.564021652213,5.32623799620036,"Above"
100,0.56,10000,156,95,251,0.000287471426255302,0.104927070583185,2411.18635542012,6.60599001484964,5.30769015081404e-05,0.0193730690504712,445.18616118302,1.21968811283019,5.4161305216962,"Above"
100,0.56,10000,1555,95,1650,0.00331941191261613,1.21158534810489,208.816259869856,0.572099342109195,0.000716237260005128,0.261426599901872,45.0567720279796,0.12344321103556,4.63451442416213,"Above"
100,0.56,1e+05,1.56,95,96.56,2.79048701528447e-07,0.000101852776057883,2483964.90205235,6805.38329329412,1.35978646814052e-07,4.96322060871291e-05,1210420.20358674,3316.21973585409,2.05215089329459,"Above"
100,0.56,1e+05,15.6,95,110.6,2.79083748403356e-06,0.00101865568167225,248365.296985387,680.452868453115,5.15064356372845e-07,0.000187998490076089,45837.1770369954,125.581306950672,5.41842480362459,"Above"
100,0.56,1e+05,156,95,251,2.79434863970806e-05,0.0101993725349344,24805.3220958271,67.9597865639097,5.00705859373434e-06,0.00182757638671304,4444.74606372795,12.177386475967,5.58081873298788,"Above"
100,0.56,1e+05,1555,95,1650,0.00028209208032113,0.102963609317212,2457.16639676972,6.73196273087595,5.11785960005531e-05,0.0186801875402019,445.791764814011,1.2213473008603,5.51191518262989,"Above"
100,0.76,3700,1.56,95,96.56,5.74327573937543e-06,0.00209629564487203,120688.473271061,330.653351427565,2.72303596743984e-06,0.000993908128115541,57221.5349716502,156.771328689453,2.10914428162151,"Above"
100,0.76,3700,15.6,95,110.6,5.75817329968399e-05,0.0210173325438466,12037.6227752295,32.9797884252863,8.44188158365418e-06,0.00308128677803377,1764.79902094581,4.83506581081044,6.82095957237,"Above"
100,0.76,3700,156,95,251,0.000591305232268225,0.215826409777902,1172.23244905353,3.21159575083158,8.47263890144433e-05,0.0309251319902718,167.965742689065,0.460180116956344,6.97899720673125,"Above"
100,0.76,3700,1555,95,1650,0.00849385672014491,3.10025770285289,81.6057067357877,0.223577278728186,0.00186042198725298,0.679054025347337,17.8742185203694,0.0489704616996421,4.56555382506879,"Above"
100,0.76,10000,1.56,95,96.56,2.07883031896535e-06,0.000758773066422351,333431.340805598,913.510522755064,9.82381614193525e-07,0.000358569289180637,157567.847560711,431.692733043043,2.11611281087741,"Above"
100,0.76,10000,15.6,95,110.6,2.08077757409777e-05,0.00759483814545688,33311.9305584834,91.265563173927,2.93886691146368e-06,0.00107268642268424,4704.93971551724,12.8902457959377,7.08020348244168,"Above"
100,0.76,10000,156,95,251,0.000210052155386911,0.0766690367162225,3299.88130463686,9.04077069763524,2.83818603591601e-05,0.0103593790310934,445.873884119365,1.22157228525853,7.40092977446836,"Above"
100,0.76,10000,1555,95,1650,0.00232178245527887,0.847450596176787,298.540967515706,0.81792045894714,0.000349233110982039,0.127470085508444,44.9053228927837,0.123028281898038,6.64823117358503,"Above"
100,0.76,1e+05,1.56,95,96.56,2.05522169920128e-07,7.50155920208465e-05,3372615.13358546,9240.04146187798,9.7013143170619e-08,3.54097972572759e-05,1591983.94480303,4361.59984877542,2.11849820759515,"Above"
100,0.76,1e+05,15.6,95,110.6,2.05541180108435e-06,0.00075022530739579,337230.320558765,923.91868646237,2.86400251590388e-07,0.000104536091830492,46989.5368903614,128.738457233867,7.1767108781176,"Above"
100,0.76,1e+05,156,95,251,2.05731540247019e-05,0.00750920121901618,33691.8286679667,92.3063799122376,2.71485229974491e-06,0.000990921089406893,4446.00465402711,12.1808346685674,7.57800121451724,"Above"
100,0.76,1e+05,1555,95,1650,0.000206988854785144,0.0755509319965776,3348.71740451648,9.17456823155199,2.75546000939383e-05,0.0100574290342875,445.785204255766,1.22132932672813,7.5119527802793,"Above"
110,0.56,3700,1.56,95,96.56,7.17623489198804e-06,0.00261932573557563,96589.2548101811,264.628095370359,3.52523085084346e-06,0.00128670926055786,47448.1989569465,129.99506563547,2.03567800113602,"Above"
110,0.56,3700,15.6,95,110.6,7.20185473854264e-05,0.0262867697956806,9624.56486174852,26.3686708541055,1.40700184695729e-05,0.00513555674139411,1880.31847742887,5.15155747240787,5.11858229192591,"Above"
110,0.56,3700,156,95,251,0.000747224940390991,0.272737103242712,927.62854007155,2.54144805499055,0.000147451841511863,0.0538199221518298,183.05135318548,0.501510556672548,5.0675863572099,"Above"
110,0.56,3700,1555,95,1650,0.01403936826486,5.12436941667392,49.3716788023051,0.135264873430973,0.00634072753415609,2.31436554996697,22.2981801804319,0.0610909046039229,2.21415731700078,"Above"
110,0.56,10000,1.56,95,96.56,2.57653550852891e-06,0.000940435460613052,269022.948942668,737.049175185393,1.25846719032754e-06,0.000459340524469554,131399.91805617,359.999775496355,2.04736009673666,"Above"
110,0.56,10000,15.6,95,110.6,2.57982749385074e-05,0.00941637035255519,26867.966257904,73.6108664600109,4.84362038589176e-06,0.00176792144085049,5044.45469336351,13.8204238174343,5.32623799620036,"Above"
110,0.56,10000,156,95,251,0.000261337660232093,0.0953882459847139,2652.30499096213,7.2665890163346,4.8251728643764e-05,0.0176118809549739,489.704777301322,1.34165692411321,5.4161305216962,"Above"
110,0.56,10000,1555,95,1650,0.00301764719328739,1.1014412255499,229.697885856842,0.629309276320114,0.000651124781822844,0.237660545365338,49.5624492307776,0.135787532139117,4.63451442416213,"Above"
110,0.56,1e+05,1.56,95,96.56,2.53680637753134e-07,9.25934327798938e-05,2732361.39225759,7485.92162262353,1.23616951649138e-07,4.51201873519355e-05,1331462.22394542,3647.8417094395,2.05215089329459,"Above"
110,0.56,1e+05,15.6,95,110.6,2.53712498548505e-06,0.000926050619702045,273201.826683926,748.498155298427,4.68240323975314e-07,0.00017090771825099,50420.8947406949,138.139437645739,5.41842480362459,"Above"
110,0.56,1e+05,156,95,251,2.54031694518914e-05,0.00927215684994037,27285.8543054098,74.7557652203007,4.5518714488494e-06,0.00166143307883003,4889.22067010074,13.3951251235637,5.58081873298788,"Above"
110,0.56,1e+05,1555,95,1650,0.000256447345746482,0.0936032811974658,2702.88303644669,7.40515900396354,4.65259963641392e-05,0.0169819886729108,490.370941295412,1.34348203094634,5.51191518262989,"Above"
110,0.76,3700,1.56,95,96.56,5.22115976306857e-06,0.00190572331352003,132757.320598167,363.718686570321,2.47548724312713e-06,0.000903552843741401,62943.6884688152,172.448461558398,2.10914428162151,"Above"
110,0.76,3700,15.6,95,110.6,5.23470299971272e-05,0.0191066659489514,13241.3850527525,36.277767267815,7.67443780332198e-06,0.00280116979821252,1941.27892304039,5.31857239189148,6.82095957237,"Above"
110,0.76,3700,156,95,251,0.000537550211152931,0.19620582707082,1289.45569395888,3.53275532591474,7.70239900131303e-05,0.0281137563547925,184.762316957972,0.506198128651978,6.97899720673125,"Above"
110,0.76,3700,1555,95,1650,0.00772168792740446,2.81841609350263,89.7662774093665,0.245935006601004,0.00169129271568453,0.617321841224852,19.6616403724063,0.0538675078696063,4.56555382506879,"Above"
110,0.76,10000,1.56,95,96.56,1.88984574451395e-06,0.000689793696747592,366774.474886158,1004.86157503057,8.93074194721386e-07,0.000325972081073306,173324.632316782,474.862006347347,2.11611281087741,"Above"
110,0.76,10000,15.6,95,110.6,1.89161597645252e-05,0.00690439831405171,36643.1236143317,100.39211949132,2.6716971922397e-06,0.000975169475167492,5175.43368706897,14.1792703755314,7.08020348244168,"Above"
110,0.76,10000,156,95,251,0.000190956504897192,0.069699124287475,3629.86943510055,9.94484776739877,2.58016912356001e-05,0.00941761730099402,490.461272531301,1.34372951378439,7.40092977446836,"Above"
110,0.76,10000,1555,95,1650,0.00211071132298079,0.770409632887988,328.395064267277,0.899712504841854,0.000317484646347308,0.115881895916767,49.3958551820621,0.135331110087841,6.64823117358503,"Above"
110,0.76,1e+05,1.56,95,96.56,1.86838336291025e-07,6.81959927462241e-05,3709876.64694401,10164.0456080658,8.81937665187445e-08,3.21907247793418e-05,1751182.33928333,4797.75983365296,2.11849820759514,"Above"
110,0.76,1e+05,15.6,95,110.6,1.86855618280396e-06,0.000682023006723445,370953.352614641,1016.31055510861,2.60363865082171e-07,9.50328107549925e-05,51688.4905793976,141.612302957254,7.17671087811759,"Above"
110,0.76,1e+05,156,95,251,1.87028672951835e-05,0.00682654656274198,37061.0115347634,101.537017903461,2.46804754522265e-06,0.000900837354006267,4890.60511942982,13.3989181354242,7.57800121451724,"Above"
110,0.76,1e+05,1555,95,1650,0.000188171686168313,0.0686826654514342,3683.58914496812,10.0920250547072,2.50496364490348e-05,0.00914311730389771,490.363724681342,1.34346225940094,7.5119527802793,"Above"
120,0.56,3700,1.56,95,96.56,6.5782153176557e-06,0.00240104859094433,105370.096156561,288.685194949483,3.23146161327317e-06,0.00117948348884471,51761.6715893962,141.812798875058,2.03567800113602,"Above"
120,0.56,3700,15.6,95,110.6,6.60170017699742e-05,0.0240962056460406,10499.5253037257,28.7658227499333,1.28975169304418e-05,0.00470759367961127,2051.2565208315,5.6198808789904,5.11858229192591,"Above"
120,0.56,3700,156,95,251,0.000684956195358408,0.250009011305819,1011.95840735078,2.77248878726241,0.000135164188052541,0.0493349286391773,199.692385293251,0.547102425460962,5.0675863572099,"Above"
120,0.56,3700,1555,95,1650,0.012869420909455,4.69733863195109,53.8600132388783,0.147561680106516,0.00581233357297641,2.12150175413639,24.325287469562,0.0666446232042795,2.21415731700078,"Above"
120,0.56,10000,1.56,95,96.56,2.3618242161515e-06,0.000862065838895298,293479.580664729,804.053645656792,1.15359492446692e-06,0.000421062147430424,143345.365152185,392.727027814206,2.04736009673666,"Above"
120,0.56,10000,15.6,95,110.6,2.36484186936318e-05,0.00863167282317559,29310.5086449861,80.3027634109209,4.43998535373412e-06,0.00162059465411295,5503.04148366928,15.0768259826556,5.32623799620036,"Above"
120,0.56,10000,156,95,251,0.000239559521879418,0.0874392254859877,2893.42362650414,7.92718801781957,4.42307512567837e-05,0.016144224208726,534.223393419624,1.46362573539623,5.4161305216962,"Above"
120,0.56,10000,1555,95,1650,0.00276617659384677,1.00965445675407,250.579511843827,0.686519210531034,0.000596864383337607,0.217855499918226,54.0681264335755,0.148131853242673,4.63451442416213,"Above"
120,0.56,1e+05,1.56,95,96.56,2.32540584607039e-07,8.48773133815693e-05,2980757.88246282,8166.45995195294,1.1331553901171e-07,4.13601717392742e-05,1452504.24430409,3979.46368302491,2.05215089329459,"Above"
120,0.56,1e+05,15.6,95,110.6,2.3256979033613e-06,0.000848879734726874,298038.356382464,816.543442143738,4.29220296977371e-07,0.00015666540839674,55004.6124443944,150.697568340807,5.41842480362459,"Above"
120,0.56,1e+05,156,95,251,2.32862386642338e-05,0.00849947711244534,29766.3865149925,81.5517438766917,4.17254882811195e-06,0.00152298032226086,5333.69527647354,14.6128637711604,5.58081873298788,"Above"
120,0.56,1e+05,1555,95,1650,0.000235076733600941,0.0858030077643436,2948.59967612367,8.07835527705114,4.26488300004609e-05,0.0155668229501682,534.950117776813,1.46561676103237,5.51191518262989,"Above"
120,0.76,3700,1.56,95,96.56,4.78606311614619e-06,0.00174691303739336,144826.167925273,396.784021713078,2.2691966395332e-06,0.000828256773429618,68665.8419659803,188.125594427343,2.10914428162151,"Above"
120,0.76,3700,15.6,95,110.6,4.79847774973666e-05,0.0175144437865388,14445.1473302754,39.5757461103436,7.03490131971181e-06,0.00256773898169481,2117.75882513497,5.80207897297252,6.82095957237,"Above"
120,0.76,3700,156,95,251,0.00049275436022352,0.179855341481585,1406.67893886423,3.8539149009979,7.06053241787027e-05,0.0257709433252265,201.558891226878,0.552216140347612,6.97899720673125,"Above"
120,0.76,3700,1555,95,1650,0.00707821393345409,2.58354808571074,97.9268480829453,0.268292734473823,0.00155035165604415,0.565878354456114,21.4490622244432,0.0587645540395705,4.56555382506879,"Above"
120,0.76,10000,1.56,95,96.56,1.73235859913779e-06,0.000632310888685293,400117.608966718,1096.21262730608,8.18651345161271e-07,0.000298807740983864,189081.417072853,518.031279651651,2.11611281087741,"Above"
120,0.76,10000,15.6,95,110.6,1.73398131174815e-05,0.00632903178788073,39974.31667018,109.518675808712,2.44905575955306e-06,0.000893905352236868,5645.92765862069,15.4682949551252,7.08020348244168,"Above"
120,0.76,10000,156,95,251,0.000175043462822426,0.0638908639301854,3959.85756556424,10.8489248371623,2.36515502993e-05,0.00863281585924452,535.048660943238,1.46588674231024,7.40092977446836,"Above"
120,0.76,10000,1555,95,1650,0.00193481871273239,0.706208830147323,358.249161018847,0.981504550736568,0.000291027592485032,0.106225071257037,53.8863874713404,0.147633938277645,6.64823117358503,"Above"
120,0.76,1e+05,1.56,95,96.56,1.7126847493344e-07,6.25129933507054e-05,4047138.16030256,11088.0497542536,8.08442859755158e-08,2.95081643810633e-05,1910380.73376363,5233.91981853051,2.11849820759514,"Above"
120,0.76,1e+05,15.6,95,110.6,1.7128431675703e-06,0.000625187756163158,404676.384670518,1108.70242375484,2.38666876325324e-07,8.71134098587431e-05,56387.4442684337,154.48614868064,7.17671087811759,"Above"
120,0.76,1e+05,156,95,251,1.71442950205849e-05,0.00625766768251348,40430.1944015601,110.767655894685,2.2623769164541e-06,0.000825767574505745,5335.20558483253,14.6170016022809,7.57800121451723,"Above"
120,0.76,1e+05,1555,95,1650,0.000172490712320953,0.062959109997148,4018.46088541977,11.0094818778624,2.29621667449486e-05,0.00838119086190623,534.942245106919,1.46559519207375,7.5119527802793,"Above"
130,0.56,3700,1.56,95,96.56,6.07219875475911e-06,0.00221635254548708,114150.937502941,312.742294528606,2.98288764302139e-06,0.00108875398970281,56075.1442218459,153.630532114646,2.03567800113602,"Above"
130,0.56,3700,15.6,95,110.6,6.09387708645915e-05,0.0222426513655759,11374.4857457028,31.1629746457611,1.19054002434848e-05,0.00434547108887194,2222.19456423412,6.08820428557294,5.11858229192591,"Above"
130,0.56,3700,156,95,251,0.000632267257253915,0.230777548897679,1096.28827463001,3.00352951953428,0.00012476694281773,0.0455399341284714,216.333417401022,0.592694294249375,5.0675863572099,"Above"
130,0.56,3700,1555,95,1650,0.0118794654548816,4.33600489103178,58.3483476754514,0.159858486782059,0.00536523099043977,1.95830931151051,26.3523947586922,0.0721983418046361,2.21415731700079,"Above"
130,0.56,10000,1.56,95,96.56,2.18014543029369e-06,0.000795753082057198,317936.21238679,871.058116128192,1.06485685335408e-06,0.000388672751474238,155290.812248201,425.454280132056,2.04736009673666,"Above"
130,0.56,10000,15.6,95,110.6,2.18293095633524e-05,0.00796769799062362,31753.0510320683,86.994660361831,4.09844801883149e-06,0.0014959335268735,5961.62827397506,16.3332281478769,5.32623799620036,"Above"
130,0.56,10000,156,95,251,0.000221131866350232,0.0807131312178348,3134.54226204615,8.58778701930453,4.08283857754926e-05,0.0149023608080548,578.742009537926,1.58559454667925,5.4161305216962,"Above"
130,0.56,10000,1555,95,1650,0.00255339377893548,0.931988729311451,271.461137830813,0.743729144741953,0.000550951738465483,0.201097384539901,58.5738036363735,0.160476174346229,4.63451442416213,"Above"
130,0.56,1e+05,1.56,95,96.56,2.14652847329575e-07,7.83482892752948e-05,3229154.37266806,8846.99828128235,1.04598959087733e-07,3.81786200670224e-05,1573546.26466276,4311.08565661031,2.05215089329459,"Above"
130,0.56,1e+05,15.6,95,110.6,2.1467980646412e-06,0.000783581293594038,322874.886081003,884.58872898905,3.96203351056035e-07,0.000144614223135453,59588.330148094,163.255699035874,5.41842480362459,"Above"
130,0.56,1e+05,156,95,251,2.14949895362158e-05,0.00784567118071877,32246.9187245752,88.3477225330827,3.8515835336418e-06,0.00140582798977926,5778.16988284633,15.8306024187571,5.58081873298788,"Above"
130,0.56,1e+05,1555,95,1650,0.000216993907939331,0.0792027763978557,3194.31631580064,8.75155155013873,3.93681507696562e-05,0.0143693750309245,579.529294258214,1.5877514911184,5.51191518262989,"Above"
130,0.76,3700,1.56,95,96.56,4.41790441490417e-06,0.00161253511144002,156895.01525238,429.849356855834,2.0946430518768e-06,0.000764544713935032,74387.9954631453,203.802727296288,2.10914428162151,"Above"
130,0.76,3700,15.6,95,110.6,4.42936407668e-05,0.016167178879882,15648.9096077984,42.8737249528722,6.49375506434937e-06,0.00237022059848752,2294.23872722955,6.28558555405357,6.82095957237,"Above"
130,0.76,3700,156,95,251,0.000454850178667865,0.166020315213771,1523.90218376958,4.17507447608105,6.51741453957256e-05,0.0237885630694398,218.355465495785,0.598234152043246,6.97899720673125,"Above"
130,0.76,3700,1555,95,1650,0.00653373593857301,2.38481361757915,106.087418756524,0.290650462346641,0.00143109383634844,0.522349250267182,23.2364840764802,0.0636616002095347,4.56555382506879,"Above"
130,0.76,10000,1.56,95,96.56,1.59910024535796e-06,0.000583671589555655,433460.743047278,1187.56367958158,7.5567816476425e-07,0.000275822530138951,204838.201828924,561.200552955956,2.11611281087741,"Above"
130,0.76,10000,15.6,95,110.6,1.60059813392137e-05,0.00584218318881298,43305.5097260284,118.645232126105,2.26066685497206e-06,0.000825143402064801,6116.42163017241,16.7573195347189,7.08020348244168,"Above"
130,0.76,10000,156,95,251,0.000161578581066855,0.058976182089402,4289.84569602792,11.7530019069258,2.1832200276277e-05,0.00796875310084109,579.636049355174,1.58804397083609,7.40092977446836,"Above"
130,0.76,10000,1555,95,1650,0.00178598650406067,0.651885073982144,388.103257770418,1.06329659663128,0.000268640854601568,0.0980539119295724,58.3769197606188,0.159936766467449,6.64823117358503,"Above"
130,0.76,1e+05,1.56,95,96.56,1.58093976861637e-07,5.77043015544973e-05,4384399.6736611,12012.0539004414,7.462549474663e-08,2.72383055825199e-05,2069579.12824394,5670.07980340805,2.11849820759514,"Above"
130,0.76,1e+05,15.6,95,110.6,1.58108600083412e-06,0.000577096390304454,438399.416726394,1201.09429240108,2.2030788583876e-07,8.04123783311475e-05,61086.3979574699,167.359994404027,7.17671087811759,"Above"
130,0.76,1e+05,156,95,251,1.58255030959245e-05,0.00577630863001245,43799.3772683567,119.998293885909,2.0883479228807e-06,0.000762246991851457,5779.80605023524,15.8350850691377,7.57800121451724,"Above"
130,0.76,1e+05,1555,95,1650,0.000159222195988572,0.0581161015358289,4353.33262587142,11.9269387010176,2.11958462261064e-05,0.00773648387252883,579.520765532495,1.58772812474656,7.5119527802793,"Above"
140,0.56,3700,1.56,95,96.56,5.63847027227632e-06,0.00205804164938086,122931.778849321,336.79939410773,2.76982423994843e-06,0.00101098584758118,60388.6168542956,165.448265354234,2.03567800113602,"Above"
140,0.56,3700,15.6,95,110.6,5.65860015171207e-05,0.0206538905537491,12249.4461876799,33.5601265415889,1.10550145118073e-05,0.00403508029680966,2393.13260763675,6.55652769215547,5.11858229192591,"Above"
140,0.56,3700,156,95,251,0.000587105310307207,0.214293438262131,1180.61814190924,3.23457025180615,0.000115855018330749,0.0422870816907234,232.974449508793,0.638286163037789,5.0675863572099,"Above"
140,0.56,3700,1555,95,1650,0.0110309322081043,4.02629025595808,62.8366821120246,0.172155293457602,0.00498200020540835,1.81843007497405,28.3795020478224,0.0777520604049928,2.21415731700078,"Above"
140,0.56,10000,1.56,95,96.56,2.02442075670129e-06,0.00073891357619597,342392.844108851,938.062586599591,9.88795649543071e-07,0.000360910412083221,167236.259344216,458.181532449907,2.04736009673666,"Above"
140,0.56,10000,15.6,95,110.6,2.02700731659701e-05,0.00739857670557908,34195.5934191505,93.6865573127411,3.8057017317721e-06,0.00138908113209682,6420.21506428083,17.5896303130982,5.32623799620036,"Above"
140,0.56,10000,156,95,251,0.000205336733039501,0.074947907559418,3375.66089758817,9.2483860207895,3.79120725058146e-05,0.0138379064646223,623.260625656228,1.70756335796227,5.4161305216962,"Above"
140,0.56,10000,1555,95,1650,0.00237100850901152,0.865418105789204,292.342763817799,0.800939078952873,0.000511598042860806,0.186733285644194,63.0794808391714,0.172820495449785,4.63451442416213,"Above"
140,0.56,1e+05,1.56,95,96.56,1.99320501091748e-07,7.2751982898488e-05,3477550.86287329,9527.53661061177,9.71276048671802e-08,3.54515757765208e-05,1694588.28502144,4642.70763019572,2.05215089329459,"Above"
140,0.56,1e+05,15.6,95,110.6,1.99345534573826e-06,0.000727611201194464,347711.415779542,952.634015834361,3.6790311169489e-07,0.000134284635768635,64172.0478517935,175.813829730941,5.41842480362459,"Above"
140,0.56,1e+05,156,95,251,1.99596331407718e-05,0.00728526609638172,34727.4509341579,95.1437011894736,3.57647042409596e-06,0.00130541170479503,6222.64448921913,17.0483410663538,5.58081873298788,"Above"
140,0.56,1e+05,1555,95,1650,0.000201494343086521,0.0735454352265803,3440.03295547761,9.42474782322633,3.6556140000395e-05,0.0133429911001442,624.108470739616,1.70988622120443,5.51191518262989,"Above"
140,0.76,3700,1.56,95,96.56,4.10233981383959e-06,0.00149735403205145,168963.862579486,462.914691998591,1.94502569102846e-06,0.000709934377225387,80110.1489603103,219.479860165234,2.10914428162151,"Above"
140,0.76,3700,15.6,95,110.6,4.11298092834571e-05,0.0150123803884618,16852.6718853213,46.1717037954009,6.02991541689584e-06,0.00220091912716698,2470.71862932413,6.76909213513461,6.82095957237,"Above"
140,0.76,3700,156,95,251,0.000422360880191589,0.15416172126993,1641.12542867494,4.49623405116421,6.05188492960309e-05,0.0220893799930513,235.152039764692,0.644252163738881,6.97899720673125,"Above"
140,0.76,3700,1555,95,1650,0.00606704051438922,2.21446978775207,114.247989430103,0.31300819021946,0.00132887284803784,0.485038589533812,25.0239059285171,0.0685586463794989,4.56555382506879,"Above"
140,0.76,10000,1.56,95,96.56,1.48487879926096e-06,0.000541980761730251,466803.877127838,1278.91473185709,7.01701152995375e-07,0.000256120920843312,220594.986584995,604.36982626026,2.11611281087741,"Above"
140,0.76,10000,15.6,95,110.6,1.48626969578412e-05,0.00542488438961206,46636.7027818767,127.771788443498,2.09919065104548e-06,0.000766204587631601,6586.91560172414,18.0463441143127,7.08020348244168,"Above"
140,0.76,10000,156,95,251,0.000150037253847794,0.0547635976544447,4619.83382649161,12.6570789766893,2.02727573994e-05,0.00739955645078101,624.223437767111,1.71020119936195,7.40092977446836,"Above"
140,0.76,10000,1555,95,1650,0.00165841603948491,0.605321854411991,417.957354521989,1.145088642526,0.000249452222130028,0.09105006107746,62.8674520498972,0.172239594657253,6.64823117358503,"Above"
140,0.76,1e+05,1.56,95,96.56,1.46801549942948e-07,5.35825657291761e-05,4721661.18701965,12936.0580466292,6.92951022647278e-08,2.52927123266257e-05,2228777.52272424,6106.23978828559,2.11849820759514,"Above"
140,0.76,1e+05,15.6,95,110.6,1.46815128648882e-06,0.000535875219568421,472122.448782271,1293.48616104732,2.04571608278849e-07,7.46686370217798e-05,65785.351646506,180.233840127414,7.17671087811759,"Above"
140,0.76,1e+05,156,95,251,1.46951100176442e-05,0.00536371515644013,47168.5601351534,129.228931877133,1.93918021410351e-06,0.000707800778147781,6224.40651563795,17.0531685359944,7.57800121451723,"Above"
140,0.76,1e+05,1555,95,1650,0.000147849181989389,0.0539649514261268,4688.20436632307,12.8443955241728,1.96818572099559e-05,0.00718387788163391,624.099285958072,1.70986105741938,7.5119527802793,"Above"
150,0.56,3700,1.56,95,96.56,5.26257225412456e-06,0.00192083887275547,131712.620195702,360.856493686853,2.58516929061853e-06,0.000943586791075765,64702.0894867453,177.265998593823,2.03567800113602,"Above"
150,0.56,3700,15.6,95,110.6,5.28136014159793e-05,0.0192769645168325,13124.4066296571,35.9572784374166,1.03180135443535e-05,0.00376607494368901,2564.07065103937,7.024851098738,5.11858229192591,"Above"
150,0.56,3700,156,95,251,0.000547964956286727,0.200007209044655,1264.94800918848,3.46561098407802,0.000108131350442033,0.0394679429113419,249.615481616564,0.683878031826202,5.0675863572099,"Above"
150,0.56,3700,1555,95,1650,0.010295536727564,3.75787090556087,67.3250165485978,0.184452100133145,0.00464986685838113,1.69720140330911,30.4066093369525,0.0833057790053494,2.21415731700079,"Above"
150,0.56,10000,1.56,95,96.56,1.8894593729212e-06,0.000689652671116238,366849.475830911,1005.06705707099,9.22875939573533e-07,0.000336849717944339,179181.706440231,490.908784767757,2.04736009673666,"Above"
150,0.56,10000,15.6,95,110.6,1.89187349549054e-05,0.00690533825854047,36638.1358062327,100.378454263651,3.55198828298729e-06,0.00129647572329036,6878.8018545866,18.8460324783195,5.32623799620036,"Above"
150,0.56,10000,156,95,251,0.000191647617503535,0.0699513803887902,3616.77953313018,9.90898502227446,3.53846010054269e-05,0.0129153793669808,667.77924177453,1.82953216924529,5.4161305216962,"Above"
150,0.56,10000,1555,95,1650,0.00221294127507742,0.807723565403258,313.224389804784,0.858149013163792,0.000477491506670085,0.174284399934581,67.5851580419694,0.185164816553341,4.63451442416213,"Above"
150,0.56,1e+05,1.56,95,96.56,1.86032467685631e-07,6.79018507052555e-05,3725947.35307853,10208.0749399412,9.06524312093682e-08,3.30881373914194e-05,1815630.30538011,4974.32960378113,2.05215089329459,"Above"
150,0.56,1e+05,15.6,95,110.6,1.86055832268904e-06,0.0006791037877815,372547.94547808,1020.67930267967,3.43376237581897e-07,0.000125332326717392,68755.765555493,188.371960426008,5.41842480362459,"Above"
150,0.56,1e+05,156,95,251,1.8628990931387e-05,0.00679958168995627,37207.9831437406,101.939679845865,3.33803906248956e-06,0.00121838425780869,6667.11909559192,18.2660797139505,5.58081873298788,"Above"
150,0.56,1e+05,1555,95,1650,0.000188061386880753,0.0686424062114749,3685.74959515458,10.0979440963139,3.41190640003687e-05,0.0124534583601346,668.687647221017,1.83202095129046,5.51191518262989,"Above"
150,0.76,3700,1.56,95,96.56,3.82885049291695e-06,0.00139753042991469,181032.709906592,495.980027141347,1.81535731162656e-06,0.000662605418743694,85832.3024574753,235.156993034179,2.10914428162151,"Above"
150,0.76,3700,15.6,95,110.6,3.83878219978933e-05,0.0140115550292311,18056.4341628443,49.4696826379295,5.62792105576945e-06,0.00205419118535585,2647.19853141871,7.25259871621566,6.82095957237,"Above"
150,0.76,3700,156,95,251,0.000394203488178816,0.143884273185268,1758.34867358029,4.81739362624737,5.64842593429622e-05,0.0206167546601812,251.948614033598,0.690270175434515,6.97899720673125,"Above"
150,0.76,3700,1555,95,1650,0.00566257114676327,2.0668384685686,122.408560103682,0.335365918092278,0.00124028132483532,0.452702683564891,26.811327780554,0.0734556925494631,4.56555382506879,"Above"
150,0.76,10000,1.56,95,96.56,1.38588687931023e-06,0.000505848710948234,500147.011208398,1370.2657841326,6.54921076129017e-07,0.000239046192787091,236351.771341066,647.539099564564,2.11611281087741,"Above"
150,0.76,10000,15.6,95,110.6,1.38718504939852e-05,0.00506322543030459,49967.895837725,136.89834476089,1.95924460764245e-06,0.000715124281789494,7057.40957327586,19.3353686939065,7.08020348244168,"Above"
150,0.76,10000,156,95,251,0.000140034770257941,0.0511126911441484,4949.8219569553,13.5611560464529,1.892124023944e-05,0.00690625268739561,668.810826179047,1.8323584278878,7.40092977446836,"Above"
150,0.76,10000,1555,95,1650,0.00154785497018591,0.564967064117858,447.811451273559,1.22688068842071,0.000232822073988026,0.0849800570056294,67.3579843391756,0.184542422847056,6.64823117358503,"Above"
150,0.76,1e+05,1.56,95,96.56,1.37014779946752e-07,5.00103946805644e-05,5058922.7003782,13860.062192817,6.46754287804126e-08,2.36065315048506e-05,2387975.91720454,6542.39977316313,2.11849820759515,"Above"
150,0.76,1e+05,15.6,95,110.6,1.37027453405624e-06,0.000500150204930526,505845.480838147,1385.87802969355,1.90933501060259e-07,6.96907278869945e-05,70484.3053355422,193.1076858508,7.17671087811759,"Above"
150,0.76,1e+05,156,95,251,1.37154360164679e-05,0.00500613414601079,50537.7430019501,138.459569868356,1.80990153316328e-06,0.000660614059604596,6669.00698104066,18.2712520028511,7.57800121451724,"Above"
150,0.76,1e+05,1555,95,1650,0.000137992569856763,0.0503672879977184,5023.07610677471,13.761852347328,1.83697333959589e-05,0.00670495268952498,668.677806383648,1.83199399009219,7.5119527802793,"Above"
160,0.56,3700,1.56,95,96.56,4.93366148824178e-06,0.00180078644320825,140493.461542082,384.913593265977,2.42359620995488e-06,0.00088461261663353,69015.5621191949,189.083731833411,2.03567800113602,"Above"
160,0.56,3700,15.6,95,110.6,4.95127513274806e-05,0.0180721542345304,13999.3670716342,38.3544303332444,9.67313769783137e-06,0.00353069525970845,2735.008694442,7.49317450532054,5.11858229192591,"Above"
160,0.56,3700,156,95,251,0.000513717146518806,0.187506758479364,1349.27787646771,3.69665171634989,0.000101373141039406,0.037001196479383,266.256513724335,0.729469900614616,5.0675863572099,"Above"
160,0.56,3700,1555,95,1650,0.00965206568209128,3.52300397396332,71.813350985171,0.196748906808688,0.00435925017973231,1.59112631560229,32.4337166260827,0.088859497605706,2.21415731700079,"Above"
160,0.56,10000,1.56,95,96.56,1.77136816211363e-06,0.000646549379171474,391306.107552972,1072.07152754239,8.65196193350187e-07,0.000315796610572818,191127.153536247,523.636037085608,2.04736009673666,"Above"
160,0.56,10000,15.6,95,110.6,1.77363140202238e-05,0.00647375461738169,39080.6781933149,107.070351214561,3.32998901530059e-06,0.00121544599058471,7337.38864489238,20.1024346435408,5.32623799620036,"Above"
160,0.56,10000,156,95,251,0.000179669641409564,0.0655794191144908,3857.89816867219,10.5695840237594,3.31730634425877e-05,0.0121081681565445,712.297857892832,1.95150098052831,5.4161305216962,"Above"
160,0.56,10000,1555,95,1650,0.00207463244538508,0.757240842565554,334.10601579177,0.915358947374712,0.000447648287503205,0.16339162493867,72.0908352447673,0.197509137656897,4.63451442416213,"Above"
160,0.56,1e+05,1.56,95,96.56,1.74405438455279e-07,6.3657985036177e-05,3974343.84328376,10888.6132692706,8.49866542587827e-08,3.10201288044557e-05,1936672.32573879,5305.95157736654,2.05215089329459,"Above"
160,0.56,1e+05,15.6,95,110.6,1.74427342752097e-06,0.000636659801045156,397384.475176619,1088.72458952498,3.21915222733028e-07,0.000117499056297555,73339.4832591925,200.930091121075,5.41842480362459,"Above"
160,0.56,1e+05,156,95,251,1.74646789981754e-05,0.006374607834334,39688.5153533233,108.735658502256,3.12941162108397e-06,0.00114223524169565,7111.59370196471,19.4838183615472,5.58081873298788,"Above"
160,0.56,1e+05,1555,95,1650,0.000176307550200706,0.0643522558232577,3931.46623483155,10.7711403694015,3.19866225003457e-05,0.0116751172126262,713.266823702418,1.95415568137649,5.51191518262989,"Above"
160,0.76,3700,1.56,95,96.56,3.58954733710964e-06,0.00131018477804502,193101.557233698,529.045362284104,1.7018974796499e-06,0.000621192580072213,91554.4559546403,250.834125903124,2.10914428162151,"Above"
160,0.76,3700,15.6,95,110.6,3.5988583123025e-05,0.0131358328399041,19260.1964403672,52.7676614804581,5.27617598978386e-06,0.00192580423627111,2823.67843351329,7.7361052972967,6.82095957237,"Above"
160,0.76,3700,156,95,251,0.00036956577016764,0.134891506111189,1875.57191848564,5.13855320133053,5.2953993134027e-05,0.0193282074939199,268.745188302505,0.73628818713015,6.97899720673125,"Above"
160,0.76,3700,1555,95,1650,0.00530866045009057,1.93766106428306,130.56913077726,0.357723645965097,0.00116276374203311,0.424408765842086,28.598749632591,0.0783527387194273,4.56555382506879,"Above"
160,0.76,10000,1.56,95,96.56,1.29926894935334e-06,0.00047423316651397,533490.145288957,1461.6168364081,6.13988508870953e-07,0.000224105805737898,252108.556097137,690.708372868868,2.11611281087741,"Above"
160,0.76,10000,15.6,95,110.6,1.30048598381111e-05,0.00474677384091055,53299.0888935734,146.024901078283,1.8367918196648e-06,0.000670429014177651,7527.90354482759,20.6243932735002,7.08020348244168,"Above"
160,0.76,10000,156,95,251,0.000131282597116819,0.0479181479476391,5279.81008741898,14.4652331162164,1.7738662724475e-05,0.00647461189443339,713.398214590984,1.95451565641365,7.40092977446836,"Above"
160,0.76,10000,1555,95,1650,0.00145111403454929,0.529656622610492,477.66554802513,1.30867273431542,0.000218270694363774,0.0796688034427775,71.8485166284539,0.19684525103686,6.64823117358503,"Above"
160,0.76,1e+05,1.56,95,96.56,1.2845135620008e-07,4.68847450130291e-05,5396184.21373674,14784.0663390048,6.06332144816369e-08,2.21311232857975e-05,2547174.31168485,6978.55975804067,2.11849820759515,"Above"
160,0.76,1e+05,15.6,95,110.6,1.28463237567772e-06,0.000468890817122368,539568.512894024,1478.26989833979,1.79000157243993e-07,6.53350573940573e-05,75183.2590245783,205.981531574187,7.17671087811759,"Above"
160,0.76,1e+05,156,95,251,1.28582212654387e-05,0.00469325076188511,53906.9258687468,147.69020785958,1.69678268734057e-06,0.000619325680879308,7113.60744644337,19.4893354697079,7.57800121451724,"Above"
160,0.76,1e+05,1555,95,1650,0.000129368034240715,0.047219332497861,5357.94784722636,14.6793091704832,1.72216250587114e-05,0.00628589314642967,713.256326809225,1.954126922765,7.5119527802793,"Above"
170,0.56,3700,1.56,95,96.56,4.6434461065805e-06,0.00169485782890188,149274.302888462,408.970692845101,2.28103172701635e-06,0.000832576580360969,73329.0347516446,200.901465072999,2.03567800113602,"Above"
170,0.56,3700,15.6,95,110.6,4.66002365435112e-05,0.0170090863383816,14874.3275136113,40.7515822290722,9.10412959795894e-06,0.00332300730325501,2905.94673784462,7.96149791190307,5.11858229192591,"Above"
170,0.56,3700,156,95,251,0.000483498490841229,0.176476949157049,1433.60774374694,3.92769244862175,9.54100150959111e-05,0.0348246555100075,282.897545832106,0.775061769403029,5.0675863572099,"Above"
170,0.56,3700,1555,95,1650,0.0090842971125565,3.31576844608312,76.3016854217442,0.209045713484231,0.00410282369857159,1.49753064997863,34.4608239152129,0.0944132162060626,2.21415731700078,"Above"
170,0.56,10000,1.56,95,96.56,1.66717003493047e-06,0.000608517062749622,415762.739275033,1139.07599801379,8.14302299623705e-07,0.000297220339362652,203072.600632262,556.363289403458,2.04736009673666,"Above"
170,0.56,10000,15.6,95,110.6,1.66930014307989e-05,0.00609294552224159,41523.220580397,113.762248165471,3.1341073085182e-06,0.00114394916760914,7795.97543519815,21.3588368087621,5.32623799620036,"Above"
170,0.56,10000,156,95,251,0.000169100838973707,0.0617218062254031,4099.0168042142,11.2301830252444,3.12217067694943e-05,0.0113959229708654,756.816474011134,2.07346979181133,5.4161305216962,"Above"
170,0.56,10000,1555,95,1650,0.00195259524271537,0.71269726359111,354.987641778755,0.972568881585631,0.000421316035297134,0.153780352883454,76.5965124475653,0.209853458760453,4.63451442416213,"Above"
170,0.56,1e+05,1.56,95,96.56,1.64146295016734e-07,5.99133976811078e-05,4222740.333489,11569.1515986,7.99874393023837e-08,2.91954153453701e-05,2057714.34609746,5637.57355095195,2.05215089329459,"Above"
170,0.56,1e+05,15.6,95,110.6,1.64166910825504e-06,0.000599209224513088,422221.004875158,1156.7698763703,3.02979033160497e-07,0.000110587347103581,77923.2009628921,213.488221816143,5.41842480362459,"Above"
170,0.56,1e+05,156,95,251,1.64373449394592e-05,0.00599963090290259,42169.047562906,115.531637158647,2.94532858454961e-06,0.00107504493336061,7556.06830833751,20.7015570091439,5.58081873298788,"Above"
170,0.56,1e+05,1555,95,1650,0.000165936517835959,0.0605668290101249,4177.18287450853,11.4443366424891,3.01050564709136e-05,0.0109883456118835,757.846000183819,2.07629041146252,5.51191518262989,"Above"
170,0.76,3700,1.56,95,96.56,3.37839749375025e-06,0.00123311508521884,205170.404560804,562.11069742686,1.60178586319991e-06,0.000584651840067966,97276.6094518054,266.51125877207,2.10914428162151,"Above"
170,0.76,3700,15.6,95,110.6,3.38716076452e-05,0.012363136790498,20463.9587178902,56.0656403229868,4.96581269626716e-06,0.00181252163413751,3000.15833560788,8.21961187837774,6.82095957237,"Above"
170,0.76,3700,156,95,251,0.000347826607216603,0.12695671163406,1992.795163391,5.45971277641369,4.98390523614372e-05,0.0181912541119246,285.541762571411,0.782306198825784,6.97899720673125,"Above"
170,0.76,3700,1555,95,1650,0.00499638630596759,1.82368100167817,138.729701450839,0.380081373837915,0.00109436587485469,0.399443544321963,30.3861714846279,0.0832497848893916,4.56555382506879,"Above"
170,0.76,10000,1.56,95,96.56,1.22284136409726e-06,0.000446337097895501,566833.279369517,1552.96788868361,5.77871537760897e-07,0.000210923111282727,267865.340853208,733.877646173173,2.11611281087741,"Above"
170,0.76,10000,15.6,95,110.6,1.22398680829281e-05,0.00446755185026875,56630.2819494217,155.151457395676,1.72874524203746e-06,0.000630992013343671,7998.39751637931,21.913417853094,7.08020348244168,"Above"
170,0.76,10000,156,95,251,0.000123560091404065,0.0450994333624838,5609.79821788267,15.3693101859799,1.66952119759765e-05,0.00609375237123142,757.98560300292,2.07667288493951,7.40092977446836,"Above"
170,0.76,10000,1555,95,1650,0.00136575438545816,0.498500350692228,507.5196447767,1.39046478021014,0.00020543124175414,0.0749824032402612,76.3390489177323,0.209148079226664,6.64823117358503,"Above"
170,0.76,1e+05,1.56,95,96.56,1.20895394070663e-07,4.41268188357921e-05,5733445.72709529,15708.0704851926,5.70665548062465e-08,2.082929250428e-05,2706372.70616515,7414.71974291822,2.11849820759514,"Above"
170,0.76,1e+05,15.6,95,110.6,1.20906576534374e-06,0.000441309004350464,573291.5449499,1570.66176698603,1.6847073622964e-07,6.14918187238187e-05,79882.2127136144,218.855377297574,7.17671087811759,"Above"
170,0.76,1e+05,156,95,251,1.21018553086482e-05,0.00441717718765658,57276.1087355434,156.920845850804,1.59697194102642e-06,0.000582894758474643,7558.20791184609,20.7074189365646,7.57800121451723,"Above"
170,0.76,1e+05,1555,95,1650,0.000121758149873614,0.0444417247038692,5692.81958767801,15.5967659936384,1.62085882905519e-05,0.00591613472605146,757.834847234802,2.07625985543781,7.5119527802793,"Above"
180,0.56,3700,1.56,95,96.56,4.38547687843714e-06,0.00160069906062955,158055.144234842,433.027792424224,2.15430774218211e-06,0.000786322325896471,77642.5073840943,212.719198312587,2.03567800113602,"Above"
180,0.56,3700,15.6,95,110.6,4.40113345133161e-05,0.0160641370973604,15749.2879555885,43.1487341249,8.59834462029455e-06,0.00313839578640751,3076.88478124724,8.4298213184856,5.11858229192591,"Above"
180,0.56,3700,156,95,251,0.000456637463572272,0.166672674203879,1517.93761102617,4.15873318089362,9.01094587016938e-05,0.0328899524261182,299.538577939877,0.820653638191443,5.0675863572099,"Above"
180,0.56,3700,1555,95,1650,0.0085796139396367,3.13155908796739,80.7900198583174,0.221342520159774,0.00387488904865094,1.41433450275759,36.487931204343,0.0999669348064193,2.21415731700078,"Above"
180,0.56,10000,1.56,95,96.56,1.57454947743433e-06,0.000574710559263532,440219.370997094,1206.08046848519,7.69063282977944e-07,0.00028070809828695,215018.047728278,589.090541721309,2.04736009673666,"Above"
180,0.56,10000,15.6,95,110.6,1.57656124624212e-05,0.00575444854878373,43965.7629674792,120.454145116381,2.95999023582274e-06,0.0010803964360753,8254.56222550393,22.6152389739834,5.32623799620036,"Above"
180,0.56,10000,156,95,251,0.000159706347919612,0.0582928169906585,4340.13543975621,11.8907820267293,2.94871675045224e-05,0.0107628161391507,801.335090129436,2.19543860309435,5.4161305216962,"Above"
180,0.56,10000,1555,95,1650,0.00184411772923118,0.673102971169381,375.869267765741,1.02977881579655,0.000397909588891738,0.145236999945484,81.1021896503632,0.222197779864009,4.63451442416213,"Above"
180,0.56,1e+05,1.56,95,96.56,1.55027056404693e-07,5.65848755877129e-05,4471136.82369423,12249.6899279294,7.55436926744735e-08,2.75734478261828e-05,2178756.36645614,5969.19552453736,2.05215089329459,"Above"
180,0.56,1e+05,15.6,95,110.6,1.55046526890753e-06,0.00056591982315125,447057.534573697,1224.81516321561,2.86146864651581e-07,0.000104443605597827,82506.9186665916,226.04635251121,5.41842480362459,"Above"
180,0.56,1e+05,156,95,251,1.55241591094892e-05,0.00566631807496356,44649.5797724887,122.327615815038,2.7816992187413e-06,0.00101532021484058,8000.5429147103,21.9192956567406,5.58081873298788,"Above"
180,0.56,1e+05,1555,95,1650,0.000156717822400628,0.0572020051762291,4422.8995141855,12.1175329155767,2.84325533336406e-05,0.0103778819667788,802.42517666522,2.19842514154855,5.51191518262989,"Above"
180,0.76,3700,1.56,95,96.56,3.19070874409746e-06,0.00116460869159557,217239.25188791,595.176032569617,1.5127977596888e-06,0.000552171182286412,102998.76294897,282.188391641015,2.10914428162151,"Above"
180,0.76,3700,15.6,95,110.6,3.19898516649111e-05,0.0116762958576925,21667.7209954131,59.3636191655154,4.68993421314121e-06,0.00171182598779654,3176.63823770246,8.70311845945878,6.82095957237,"Above"
180,0.76,3700,156,95,251,0.00032850290681568,0.119903560987723,2110.01840829635,5.78087235149684,4.70702161191352e-05,0.0171806288834843,302.338336840318,0.828324210521418,6.97899720673125,"Above"
180,0.76,3700,1555,95,1650,0.0047188092889694,1.72236539047383,146.890272124418,0.402439101710734,0.0010335677706961,0.377252236304076,32.1735933366648,0.0881468310593557,4.56555382506879,"Above"
180,0.76,10000,1.56,95,96.56,1.15490573275853e-06,0.000421540592456862,600176.413450077,1644.31894095912,5.45767563440847e-07,0.000199205160655909,283622.125609279,777.046919477477,2.11611281087741,"Above"
180,0.76,10000,15.6,95,110.6,1.15598754116543e-05,0.00421935452525382,59961.47500527,164.278013713069,1.63270383970204e-06,0.000595936901491245,8468.89148793103,23.2024424326878,7.08020348244168,"Above"
180,0.76,10000,156,95,251,0.000116695641881617,0.0425939092867903,5939.78634834636,16.2733872557434,1.57677001995334e-05,0.00575521057282968,802.572991414857,2.19883011346536,7.40092977446836,"Above"
180,0.76,10000,1555,95,1650,0.00128987914182159,0.470805886764882,537.373741528271,1.47225682610485,0.000194018394990021,0.0708167141713578,80.8295812070107,0.221450907416468,6.64823117358503,"Above"
180,0.76,1e+05,1.56,95,96.56,1.1417898328896e-07,4.16753289004703e-05,6070707.24045384,16632.0746313804,5.38961906503439e-08,1.96721095873755e-05,2865571.10064545,7850.87972779576,2.11849820759515,"Above"
180,0.76,1e+05,15.6,95,110.6,1.14189544504686e-06,0.000416791837442105,607014.577005777,1663.05363563227,1.59111250883549e-07,5.80756065724954e-05,84581.1664026506,231.72922302096,7.17671087811759,"Above"
180,0.76,1e+05,156,95,251,1.14295300137233e-05,0.00417177845500899,60645.2916023401,166.151483842028,1.50825127763606e-06,0.000550511716337163,8002.8083772488,21.9255024034214,7.57800121451723,"Above"
180,0.76,1e+05,1555,95,1650,0.000114993808213969,0.0419727399980987,6027.69132812966,16.5142228167936,1.53081111632991e-05,0.00558746057460415,802.413367660378,2.19839278811063,7.5119527802793,"Above"
190,0.56,3700,1.56,95,96.56,4.15466230588781e-06,0.00151645174164905,166835.985581222,457.084892003348,2.04092312417253e-06,0.000744936940322972,81955.980016544,224.536931552175,2.03567800113602,"Above"
190,0.56,3700,15.6,95,110.6,4.16949484862995e-05,0.0152186561974993,16624.2483975656,45.5458860207277,8.14580016659484e-06,0.00297321706080712,3247.82282464987,8.89814472506814,5.11858229192591,"Above"
190,0.56,3700,156,95,251,0.000432603912857942,0.157900428193149,1602.2674783054,4.38977391316549,8.5366855612131e-05,0.0311589022984278,316.179610047647,0.866245506979856,5.0675863572099,"Above"
190,0.56,3700,1555,95,1650,0.00812805531123476,2.96674018860069,85.2783542948906,0.233639326835317,0.00367094751977458,1.33989584471772,38.5150384934732,0.105520653406776,2.21415731700078,"Above"
190,0.56,10000,1.56,95,96.56,1.49167845230621e-06,0.000544462635091767,464676.002719155,1273.08493895659,7.28586268084368e-07,0.000265933987850794,226963.494824293,621.817794039159,2.04736009673666,"Above"
190,0.56,10000,15.6,95,110.6,1.49358433854516e-05,0.00545158283568985,46408.3053545614,127.146042067291,2.8042012760426e-06,0.00102353346575555,8713.1490158097,23.8716411392047,5.32623799620036,"Above"
190,0.56,10000,156,95,251,0.000151300750660685,0.0552247739911501,4581.25407529822,12.5513810282143,2.79352113200739e-05,0.010196352131827,845.853706247738,2.31740741437737,5.4161305216962,"Above"
190,0.56,10000,1555,95,1650,0.00174705890137691,0.637676499002572,396.750893752727,1.08698875000747,0.000376966978950067,0.137592947316775,85.6078668531612,0.234542100967565,4.63451442416213,"Above"
190,0.56,1e+05,1.56,95,96.56,1.46867737646551e-07,5.36067242409911e-05,4719533.31389947,12930.2282572588,7.15677088495012e-08,2.61222137300679e-05,2299798.38681481,6300.81749812277,2.05215089329459,"Above"
190,0.56,1e+05,15.6,95,110.6,1.46886183370187e-06,0.000536134569301184,471894.064272235,1292.86045006092,2.71086503354129e-07,9.89465737242571e-05,87090.6363702912,238.604483206277,5.41842480362459,"Above"
190,0.56,1e+05,156,95,251,1.47070981037266e-05,0.00536809080786021,47130.1119820714,129.123594471429,2.63529399670229e-06,0.000961882308796335,8445.0175210831,23.1370343043373,5.58081873298788,"Above"
190,0.56,1e+05,1555,95,1650,0.000148469515958489,0.0541913733248486,4668.61615386247,12.7907291886643,2.69361031581858e-05,0.00983167765273783,847.004353146622,2.32055987163458,5.51191518262989,"Above"
190,0.76,3700,1.56,95,96.56,3.02277670493444e-06,0.00110331349730107,229308.099215016,628.241367712373,1.43317682496834e-06,0.000523109541113443,108720.916446135,297.86552450996,2.10914428162151,"Above"
190,0.76,3700,15.6,95,110.6,3.03061752614947e-05,0.0110617539704456,22871.4832729361,62.661598008044,4.4430955703443e-06,0.00162172988317567,3353.11813979704,9.18662504053983,6.82095957237,"Above"
190,0.76,3700,156,95,251,0.000311213280141171,0.113592847251527,2227.2416532017,6.10203192658,4.45928363233912e-05,0.0162763852580378,319.134911109224,0.874342222217053,6.97899720673125,"Above"
190,0.76,3700,1555,95,1650,0.00447045090533943,1.63171458044889,155.050842797997,0.424796829583553,0.000979169466975252,0.357396855445967,33.9610151887018,0.09304387722932,4.56555382506879,"Above"
190,0.76,10000,1.56,95,96.56,1.09412122050808e-06,0.000399354245485448,633519.547530637,1735.66999323462,5.17042954838697e-07,0.000188720678516125,299378.91036535,820.216192781781,2.11611281087741,"Above"
190,0.76,10000,15.6,95,110.6,1.09514609163041e-05,0.00399728323445099,63292.6680611184,173.404570030461,1.54677205866509e-06,0.000564571801412759,8939.38545948276,24.4914670122815,7.08020348244168,"Above"
190,0.76,10000,156,95,251,0.000110553765993111,0.0403521245874855,6269.77447881004,17.177464325507,1.49378212416632e-05,0.00545230475320706,847.160379826793,2.32098734199121,7.40092977446836,"Above"
190,0.76,10000,1555,95,1650,0.00122199076593625,0.44602662956673,567.227838279842,1.55404887199957,0.000183806900516862,0.0670895186886548,85.320113496289,0.233753735606271,6.64823117358503,"Above"
190,0.76,1e+05,1.56,95,96.56,1.08169563115857e-07,3.94818905372876e-05,6407968.75381238,17556.0787775682,5.10595490371679e-08,1.86367353985663e-05,3024769.49512575,8287.0397126733,2.11849820759514,"Above"
190,0.76,1e+05,15.6,95,110.6,1.08179568478124e-06,0.000394855424945152,640737.609061653,1755.4455042785,1.50736974521257e-07,5.50189957002588e-05,89280.1200916867,244.603068744347,7.1767108781176,"Above"
190,0.76,1e+05,156,95,251,1.08279758024747e-05,0.00395221116790325,64014.4744691368,175.382121833251,1.42886963144469e-06,0.000521537415477312,8447.40884265151,23.1435858702781,7.57800121451723,"Above"
190,0.76,1e+05,1555,95,1650,0.000108941502518497,0.0397636484192514,6362.5630685813,17.4316796399488,1.45024211020728e-05,0.00529338370225657,846.991888085955,2.32052572078344,7.5119527802793,"Above"
200,0.56,3700,1.56,95,96.56,3.94692919059342e-06,0.0014406291545666,175616.826927602,481.141991582471,1.9388769679639e-06,0.000707690093306824,86269.4526489937,236.354664791763,2.03567800113602,"Above"
200,0.56,3700,15.6,95,110.6,3.96102010619845e-05,0.0144577233876243,17499.2088395428,47.9430379165555,7.7385101582651e-06,0.00282455620776676,3418.7608680525,9.36646813165067,5.11858229192591,"Above"
200,0.56,3700,156,95,251,0.000410973717215045,0.150005406783491,1686.59734558464,4.62081464543736,8.10985128315244e-05,0.0296009571835064,332.820642155418,0.911837375768269,5.0675863572099,"Above"
200,0.56,3700,1555,95,1650,0.00772165254567303,2.81840317917065,89.7666887314638,0.24593613351086,0.00348740014378585,1.27290105248183,40.5421457826034,0.111074372007133,2.21415731700079,"Above"
200,0.56,10000,1.56,95,96.56,1.4170945296909e-06,0.000517239503337179,489132.634441215,1340.08940942799,6.9215695468015e-07,0.000252637288458255,238908.941920309,654.54504635701,2.04736009673666,"Above"
200,0.56,10000,15.6,95,110.6,1.4189051216179e-05,0.00517900369390535,48850.8477416436,133.837939018202,2.66399121224047e-06,0.000972356792467772,9171.73580611547,25.1280433044259,5.32623799620036,"Above"
200,0.56,10000,156,95,251,0.000143735713127651,0.0524635352915926,4822.37271084024,13.2119800296993,2.65384507540702e-05,0.00968653452523562,890.37232236604,2.43937622566038,5.4161305216962,"Above"
200,0.56,10000,1555,95,1650,0.00165970595630806,0.605792674052443,417.632519739712,1.14419868421839,0.000358118630002564,0.130713299950936,90.1135440559591,0.246886422071121,4.63451442416213,"Above"
200,0.56,1e+05,1.56,95,96.56,1.39524350764224e-07,5.09263880289416e-05,4967929.80410471,13610.7665865882,6.79893234070262e-08,2.48161030435646e-05,2420840.40717348,6632.43947170818,2.05215089329459,"Above"
200,0.56,1e+05,15.6,95,110.6,1.39541874201678e-06,0.000509327840836125,496730.593970774,1360.90573690623,2.57532178186423e-07,9.39992450380443e-05,91674.3540739907,251.162613901344,5.41842480362459,"Above"
200,0.56,1e+05,156,95,251,1.39717431985403e-05,0.0050996862674672,49610.6441916541,135.919573127819,2.50352929686717e-06,0.000913788193356518,8889.4921274559,24.354772951934,5.58081873298788,"Above"
200,0.56,1e+05,1555,95,1650,0.000141046040160565,0.0514818046586062,4914.33279353944,13.4639254617519,2.55892980002765e-05,0.00934009377010094,891.583529628022,2.44269460172061,5.51191518262989,"Above"
200,0.76,3700,1.56,95,96.56,2.87163786968771e-06,0.00104814782243602,241376.946542122,661.30670285513,1.36151798371992e-06,0.000496954064057771,114443.0699433,313.542657378905,2.10914428162151,"Above"
200,0.76,3700,15.6,95,110.6,2.879086649842e-05,0.0105086662719233,24075.245550459,65.9595768505727,4.22094079182709e-06,0.00154064338901689,3529.59804189162,9.67013162162087,6.82095957237,"Above"
200,0.76,3700,156,95,251,0.000295652616134112,0.107913204888951,2344.46489810705,6.42319150166316,4.23631945072216e-05,0.0154625659951359,335.931485378131,0.920360233912687,6.97899720673125,"Above"
200,0.76,3700,1555,95,1650,0.00424692836007246,1.55012885142645,163.211413471575,0.447154557456371,0.000930210993626489,0.339527012673669,35.7484370407387,0.0979409233992841,4.56555382506879,"Above"
200,0.76,10000,1.56,95,96.56,1.03941515948267e-06,0.000379386533211176,666862.681611197,1827.02104551013,4.91190807096763e-07,0.000179284644590318,315135.695121421,863.385466086086,2.11611281087741,"Above"
200,0.76,10000,15.6,95,110.6,1.04038878704889e-05,0.00379741907272844,66623.8611169667,182.531126347854,1.46943345573184e-06,0.000536343211342121,9409.87943103449,25.7804915918753,7.08020348244168,"Above"
200,0.76,10000,156,95,251,0.000105026077693456,0.0383345183581113,6599.76260927373,18.0815413952705,1.419093017958e-05,0.00517968951554671,891.74776823873,2.44314457051707,7.40092977446836,"Above"
200,0.76,10000,1555,95,1650,0.00116089122763943,0.423725298088394,597.081935031412,1.63584091789428,0.000174616555491019,0.063735042754222,89.8106457855674,0.246056563796075,6.64823117358503,"Above"
200,0.76,1e+05,1.56,95,96.56,1.02761084960064e-07,3.75077960104233e-05,6745230.26717093,18480.082923756,4.85065715853095e-08,1.7704898628638e-05,3183967.88960606,8723.19969755084,2.11849820759515,"Above"
200,0.76,1e+05,15.6,95,110.6,1.02770590054218e-06,0.000375112653697895,674460.64111753,1847.83737292474,1.43200125795194e-07,5.22680459152458e-05,93979.0737807228,257.476914467734,7.1767108781176,"Above"
200,0.76,1e+05,156,95,251,1.02865770123509e-05,0.00375460060950809,67383.6573359334,184.612759824475,1.35742614987246e-06,0.000495460544703447,8892.00930805422,24.3616693371349,7.57800121451724,"Above"
200,0.76,1e+05,1555,95,1650,0.000103494427392572,0.0377754659982888,6697.43480903295,18.349136463104,1.37773000469691e-05,0.00502871451714374,891.570408511532,2.44265865345625,7.5119527802793,"Above"
210,0.56,3700,1.56,95,96.56,3.75898018151754e-06,0.0013720277662539,184397.668273982,505.199091161595,1.84654949329895e-06,0.000673990565054118,90582.9252814434,248.172398031352,2.03567800113602,"Above"
210,0.56,3700,15.6,95,110.6,3.77240010114138e-05,0.013769260369166,18374.1692815199,50.3401898123833,7.37000967453819e-06,0.00269005353120644,3589.69891145512,9.8347915382332,5.11858229192591,"Above"
210,0.56,3700,156,95,251,0.000391403540204805,0.142862292174754,1770.92721286387,4.85185537770922,7.72366788871661e-05,0.0281913877938156,349.461674263189,0.957429244556683,5.0675863572099,"Above"
210,0.56,3700,1555,95,1650,0.00735395480540288,2.68419350397205,94.2550231680369,0.258232940186403,0.00332133347027224,1.21228671664937,42.5692530717335,0.116628090607489,2.21415731700079,"Above"
210,0.56,10000,1.56,95,96.56,1.34961383780086e-06,0.000492609050797313,513589.266163276,1407.09387989939,6.59197099695381e-07,0.000240606941388814,250854.389016324,687.27229867486,2.04736009673666,"Above"
210,0.56,10000,15.6,95,110.6,1.35133821106467e-05,0.00493238447038605,51293.3901287257,140.529835969112,2.53713448784807e-06,0.000926054088064544,9630.32259642125,26.3844454696472,5.32623799620036,"Above"
210,0.56,10000,156,95,251,0.000136891155359668,0.0499652717062787,5063.49134638225,13.8725790311842,2.52747150038764e-05,0.00922527097641488,934.890938484342,2.5613450369434,5.4161305216962,"Above"
210,0.56,10000,1555,95,1650,0.00158067233934101,0.57694540385947,438.514145726698,1.20140861842931,0.000341065361907204,0.124488857096129,94.6192212587571,0.259230743174677,4.63451442416213,"Above"
210,0.56,1e+05,1.56,95,96.56,1.32880334061165e-07,4.85013219323253e-05,5216326.29430994,14291.3049159176,6.47517365781201e-08,2.36343838510139e-05,2541882.42753216,6964.06144529358,2.05215089329459,"Above"
210,0.56,1e+05,15.6,95,110.6,1.32897023049217e-06,0.000485074134129643,521567.123669313,1428.95102375154,2.45268741129926e-07,8.95230905124231e-05,96258.0717776902,263.720744596412,5.41842480362459,"Above"
210,0.56,1e+05,156,95,251,1.33064220938479e-05,0.00485684406425448,52091.1764012368,142.71555178421,2.38431361606397e-06,0.00087027446986335,9333.96673382869,25.5725115995306,5.58081873298788,"Above"
210,0.56,1e+05,1555,95,1650,0.000134329562057681,0.0490302901510535,5160.04943321641,14.1371217348395,2.43707600002634e-05,0.00889532740009613,936.162706109423,2.56482933180664,5.51191518262989,"Above"
210,0.76,3700,1.56,95,96.56,2.73489320922639e-06,0.000998236021367634,253445.793869228,694.372037997886,1.29668379401897e-06,0.000473289584816924,120165.223440465,329.21979024785,2.10914428162151,"Above"
210,0.76,3700,15.6,95,110.6,2.74198728556381e-05,0.0100082535923079,25279.007827982,69.2575556931013,4.01994361126389e-06,0.00146727941811132,3706.0779439862,10.1536382027019,6.82095957237,"Above"
210,0.76,3700,156,95,251,0.000281573920127726,0.10277448084662,2461.68814301241,6.74435107674632,4.03458995306873e-05,0.0147262533287009,352.728059647037,0.966378245608321,6.97899720673125,"Above"
210,0.76,3700,1555,95,1650,0.00404469367625948,1.47631319183471,171.371984145154,0.46951228532919,0.000885915232025228,0.323359059689208,37.5358588927757,0.102837969569248,4.56555382506879,"Above"
210,0.76,10000,1.56,95,96.56,9.89919199507308e-07,0.000361320507820167,700205.815691757,1918.37209778563,4.67800768663583e-07,0.000170747280562208,330892.479877492,906.55473939039,2.11611281087741,"Above"
210,0.76,10000,15.6,95,110.6,9.90846463856083e-06,0.0036165895930747,69955.054172815,191.657682665247,1.39946043403032e-06,0.000510803058421067,9880.37340258621,27.0695161714691,7.08020348244168,"Above"
210,0.76,10000,156,95,251,0.000100024835898529,0.0365090651029631,6929.75073973741,18.985618465034,1.35151715996e-05,0.00493303763385401,936.335156650666,2.56530179904292,7.40092977446836,"Above"
210,0.76,10000,1555,95,1650,0.00110561069298994,0.403547902941327,626.936031782983,1.71763296378899,0.000166301481420018,0.0607000407183067,94.3011780748458,0.258359391985879,6.64823117358503,"Above"
210,0.76,1e+05,1.56,95,96.56,9.78676999619655e-08,3.57217104861174e-05,7082491.78052947,19404.0870699438,4.61967348431519e-08,1.68618082177504e-05,3343166.28408636,9159.35968242838,2.11849820759515,"Above"
210,0.76,1e+05,15.6,95,110.6,9.78767524325883e-07,0.000357250146378947,708183.673173406,1940.22924157098,1.36381072185899e-07,4.97790913478532e-05,98678.027469759,270.35076019112,7.1767108781176,"Above"
210,0.76,1e+05,156,95,251,9.79674001176279e-06,0.00357581010429342,70752.8402027301,193.843397815699,1.29278680940234e-06,0.000471867185431854,9336.60977345693,25.5797528039916,7.57800121451724,"Above"
210,0.76,1e+05,1555,95,1650,9.85661213262591e-05,0.0359766342840846,7032.3065494846,19.2665932862592,1.31212381399706e-05,0.00478925192108927,936.148928937108,2.56479158612906,7.5119527802793,"Above"
220,0.56,3700,1.56,95,96.56,3.58811744599402e-06,0.00130966286778782,193178.509620362,529.256190740718,1.76261542542173e-06,0.000643354630278931,94896.3979138931,259.99013127094,2.03567800113602,"Above"
220,0.56,3700,15.6,95,110.6,3.60092736927132e-05,0.0131433848978403,19249.129723497,52.7373417082111,7.03500923478645e-06,0.00256777837069705,3760.63695485775,10.3031149448157,5.11858229192591,"Above"
220,0.56,3700,156,95,251,0.000373612470195495,0.136368551621356,1855.2570801431,5.08289610998109,7.37259207559313e-05,0.0269099610759149,366.10270637096,1.0030211133451,5.0675863572099,"Above"
220,0.56,3700,1555,95,1650,0.00701968413243002,2.56218470833696,98.7433576046102,0.270529746861946,0.00317036376707804,1.15718277498349,44.5963603608637,0.122181809207846,2.21415731700078,"Above"
220,0.56,10000,1.56,95,96.56,1.28826775426446e-06,0.000470217730306526,538045.897885337,1474.09835037079,6.29233595163772e-07,0.000229670262234777,262799.836112339,719.999550992711,2.04736009673666,"Above"
220,0.56,10000,15.6,95,110.6,1.28991374692537e-05,0.00470818517627759,53735.9325158079,147.221732920022,2.42181019294588e-06,0.000883960720425247,10088.909386727,27.6408476348686,5.32623799620036,"Above"
220,0.56,10000,156,95,251,0.000130668830116046,0.0476941229923569,5304.60998192426,14.5331780326692,2.4125864321882e-05,0.00880594047748693,979.409554602645,2.68331384822642,5.4161305216962,"Above"
220,0.56,10000,1555,95,1650,0.00150882359664369,0.550720612774948,459.395771713683,1.25861855264023,0.000325562390911422,0.118830272682669,99.1248984615551,0.271575064278233,4.63451442416213,"Above"
220,0.56,1e+05,1.56,95,96.56,1.26840318876567e-07,4.62967163899469e-05,5464722.78451518,14971.8432452471,6.18084758245692e-08,2.25600936759678e-05,2662924.44789083,7295.68341887899,2.05215089329459,"Above"
220,0.56,1e+05,15.6,95,110.6,1.26856249274253e-06,0.000463025309851022,546403.653367851,1496.99631059685,2.34120161987657e-07,8.54538591254948e-05,100841.78948139,276.278875291479,5.41842480362459,"Above"
220,0.56,1e+05,156,95,251,1.27015847259457e-05,0.00463607842497018,54571.7086108195,149.511530440601,2.2759357244247e-06,0.000830716539415016,9778.44134020149,26.7902502471274,5.58081873298788,"Above"
220,0.56,1e+05,1555,95,1650,0.000128223672873241,0.0468016405987329,5405.76607289339,14.8103180079271,2.32629981820696e-05,0.0084909943364554,980.741882590825,2.68696406189267,5.51191518262989,"Above"
220,0.76,3700,1.56,95,96.56,2.61057988153428e-06,0.000952861656760014,265514.641196335,727.437373140643,1.23774362156356e-06,0.000451776421870701,125887.37693763,344.896923116796,2.10914428162151,"Above"
220,0.76,3700,15.6,95,110.6,2.61735149985636e-05,0.00955333297447572,26482.7701055049,72.55553453563,3.83721890166099e-06,0.00140058489910626,3882.55784608078,10.637144783783,6.82095957237,"Above"
220,0.76,3700,156,95,251,0.000268775105576466,0.09810291353541,2578.91138791776,7.06551065182948,3.85119950065651e-05,0.0140568781773963,369.524633915944,1.01239625730396,6.97899720673125,"Above"
220,0.76,3700,1555,95,1650,0.00386084396370223,1.40920804675131,179.532554818733,0.491870013202008,0.000845646357842263,0.308660920612426,39.3232807448126,0.107735015739213,4.56555382506879,"Above"
220,0.76,10000,1.56,95,96.56,9.44922872256976e-07,0.000344896848373796,733548.949772316,2009.72315006114,4.46537097360693e-07,0.000162986040536653,346649.264633563,949.724012694694,2.11611281087741,"Above"
220,0.76,10000,15.6,95,110.6,9.45807988226261e-06,0.00345219915702585,73286.2472286634,200.784238982639,1.33584859611985e-06,0.000487584737583746,10350.8673741379,28.3585407510628,7.08020348244168,"Above"
220,0.76,10000,156,95,251,9.54782524485959e-05,0.0348495621437375,7259.7388702011,19.8896955347975,1.29008456178e-05,0.00470880865049701,980.922545062603,2.68745902756877,7.40092977446836,"Above"
220,0.76,10000,1555,95,1650,0.0010553556614904,0.385204816443994,656.790128534554,1.79942500968371,0.000158742323173654,0.0579409479583837,98.7917103641242,0.270662220175683,6.64823117358503,"Above"
220,0.76,1e+05,1.56,95,96.56,9.34191681455125e-08,3.40979963731121e-05,7419753.29388802,20328.0912161316,4.40968832593723e-08,1.60953623896709e-05,3502364.67856666,9595.51966730593,2.11849820759514,"Above"
220,0.76,1e+05,15.6,95,110.6,9.34278091401979e-07,0.000341011503361722,741906.705229283,2032.62111021721,1.30181932541086e-07,4.75164053774962e-05,103376.981158795,283.224605914507,7.17671087811759,"Above"
220,0.76,1e+05,156,95,251,9.35143364759176e-06,0.00341327328137099,74122.0230695268,203.074035806923,1.23402377261132e-06,0.000450418677003133,9781.21023885964,26.7978362708483,7.57800121451724,"Above"
220,0.76,1e+05,1555,95,1650,9.40858430841564e-05,0.0343413327257171,7367.17828993625,20.1840501094144,1.25248182245174e-05,0.00457155865194885,980.727449362685,2.68692451880188,7.5119527802793,"Above"
230,0.56,3700,1.56,95,96.56,3.43211233964645e-06,0.00125272100397096,201959.350966742,553.313290319842,1.68597997214252e-06,0.000615382689832021,99209.8705463427,271.807864510528,2.03567800113602,"Above"
230,0.56,3700,15.6,95,110.6,3.44436530973778e-05,0.0125719333805429,20124.0901654742,55.1344936040388,6.7291392680566e-06,0.00245613583284066,3931.57499826037,10.7714383513983,5.11858229192591,"Above"
230,0.56,3700,156,95,251,0.000357368449752213,0.130439484159558,1939.58694742233,5.31393684225296,7.0520445940456e-05,0.0257399627682664,382.743738478731,1.04861298213351,5.0675863572099,"Above"
230,0.56,3700,1555,95,1650,0.00671448047449828,2.45078537319187,103.231692041183,0.282826553537489,0.00303252186416161,1.10687048041899,46.6234676499939,0.127735527808202,2.21415731700079,"Above"
230,0.56,10000,1.56,95,96.56,1.2322561127747e-06,0.000449773481162764,562502.529607398,1541.10282084218,6.01875612765348e-07,0.000219684598659352,274745.283208355,752.726803310561,2.04736009673666,"Above"
230,0.56,10000,15.6,95,110.6,1.23383054053731e-05,0.00450348147296118,56178.4749028901,153.913629870932,2.31651409760041e-06,0.000845527645624149,10547.4961770328,28.8972498000898,5.32623799620036,"Above"
230,0.56,10000,156,95,251,0.00012498757663274,0.0456204654709501,5545.72861746627,15.1937770341542,2.30769136991915e-05,0.00842307350020489,1023.92817072095,2.80528265950944,5.4161305216962,"Above"
230,0.56,10000,1555,95,1650,0.00144322257070266,0.526776238306472,480.277397700669,1.31582848685115,0.000311407504350056,0.11366373908777,103.630575664353,0.283919385381789,4.63451442416213,"Above"
230,0.56,1e+05,1.56,95,96.56,1.21325522403673e-07,4.42838156773405e-05,5713119.27472041,15652.3815745765,5.91211507887184e-08,2.15792200378822e-05,2783966.46824951,7627.3053924644,2.05215089329459,"Above"
230,0.56,1e+05,15.6,95,110.6,1.21340760175372e-06,0.000442893774640108,571240.18306639,1565.04159744216,2.23941024509933e-07,8.17384739461255e-05,105425.507185089,288.837005986546,5.41842480362459,"Above"
230,0.56,1e+05,156,95,251,1.21493419117742e-05,0.00443450979779757,57052.2408204022,156.307509096992,2.1769819972758e-06,0.000794598429005668,10222.9159465743,28.0079888947241,5.58081873298788,"Above"
230,0.56,1e+05,1555,95,1650,0.000122648730574404,0.0447667866596575,5651.48271257036,15.4835142810147,2.22515634785013e-05,0.00812182066965299,1025.32105907223,2.8090987919787,5.51191518262989,"Above"
230,0.76,3700,1.56,95,96.56,2.4970764084241e-06,0.000911432889074796,277583.488523441,760.502708283399,1.18392868149558e-06,0.000432133968745888,131609.530434796,360.574055985741,2.10914428162151,"Above"
230,0.76,3700,15.6,95,110.6,2.50355360855826e-05,0.00913797067123764,27686.5323830279,75.8535133781586,3.67038329724095e-06,0.00133968990349295,4059.03774817536,11.120651364864,6.82095957237,"Above"
230,0.76,3700,156,95,251,0.000257089231420967,0.093837569468653,2696.13463282311,7.38667022691263,3.68375604410623e-05,0.0134457095609877,386.32120818485,1.05841426899959,6.97899720673125,"Above"
230,0.76,3700,1555,95,1650,0.0036929811826717,1.34793813167517,187.693125492312,0.514227741074827,0.000808879124892599,0.295240880585799,41.1107025968495,0.112632061909177,4.56555382506879,"Above"
230,0.76,10000,1.56,95,96.56,9.03839269115368e-07,0.000329901333227109,766892.083852876,2101.07420233665,4.27122440953707e-07,0.000155899690948103,362406.049389634,992.893285998999,2.11611281087741,"Above"
230,0.76,10000,15.6,95,110.6,9.04685901781641e-06,0.00330210354150299,76617.4402845117,209.910795300032,1.27776822237551e-06,0.000466385401167061,10821.3613456897,29.6475653306566,7.08020348244168,"Above"
230,0.76,10000,156,95,251,9.13270240812657e-05,0.033334363789662,7589.72700066479,20.7937726045611,1.23399392865913e-05,0.00450407783960583,1025.50993347454,2.80961625609463,7.40092977446836,"Above"
230,0.76,10000,1555,95,1650,0.00100947063272994,0.368456780946429,686.644225286124,1.88121705557842,0.000151840483035669,0.0554217763080192,103.282242653403,0.282965048365486,6.64823117358503,"Above"
230,0.76,1e+05,1.56,95,96.56,8.93574651826641e-08,3.26154747916724e-05,7757014.80724657,21252.0953623194,4.21796274654865e-08,1.53955640249026e-05,3661563.07304697,10031.6796521835,2.11849820759514,"Above"
230,0.76,1e+05,15.6,95,110.6,8.93657304819285e-07,0.000326184916259039,775629.737285159,2125.01297886345,1.2452184851756e-07,4.54504747089094e-05,108075.934847831,296.098451637894,7.1767108781176,"Above"
230,0.76,1e+05,156,95,251,8.94484957595733e-06,0.00326487009522443,77491.2059363235,212.304673798146,1.18037056510648e-06,0.000430835256263867,10225.8107042624,28.0159197377051,7.57800121451724,"Above"
230,0.76,1e+05,1555,95,1650,8.99951542544105e-05,0.0328482313028598,7702.05003038789,21.1015069325696,1.1980260910408e-05,0.0043727952322989,1025.30596978826,2.80905745147469,7.5119527802793,"Above"
240,0.56,3700,1.56,95,96.56,3.28910765882785e-06,0.00120052429547217,210740.192313122,577.370389898966,1.61573080663658e-06,0.000589741744422353,103523.343178792,283.625597750116,2.03567800113602,"Above"
240,0.56,3700,15.6,95,110.6,3.30085008849871e-05,0.0120481028230203,20999.0506074513,57.5316454998666,6.44875846522091e-06,0.00235379683980563,4102.51304166299,11.2397617579808,5.11858229192591,"Above"
240,0.56,3700,156,95,251,0.000342478097679204,0.12500450565291,2023.91681470156,5.54497757452483,6.75820940262703e-05,0.0246674643195887,399.384770586502,1.09420485092192,5.0675863572099,"Above"
240,0.56,3700,1555,95,1650,0.00643471045472752,2.34866931597554,107.720026477757,0.295123360213032,0.00290616678648821,1.0607508770682,48.650574939124,0.133289246408559,2.21415731700078,"Above"
240,0.56,10000,1.56,95,96.56,1.18091210807575e-06,0.000431032919447649,586959.161329458,1608.10729131358,5.76797462233458e-07,0.000210531073715212,286690.73030437,785.454055628412,2.04736009673666,"Above"
240,0.56,10000,15.6,95,110.6,1.18242093468159e-05,0.00431583641158779,58621.0172899723,160.605526821842,2.21999267686706e-06,0.000810297327056476,11006.0829673386,30.1536519653111,5.32623799620036,"Above"
240,0.56,10000,156,95,251,0.000119779760939709,0.0437196127429939,5786.84725300828,15.8543760356391,2.21153756283918e-05,0.00807211210436302,1068.44678683925,2.92725147079246,5.4161305216962,"Above"
240,0.56,10000,1555,95,1650,0.00138308829692339,0.504827228377036,501.159023687655,1.37303842106207,0.000298432191668803,0.108927749959113,108.136252867151,0.296263706485345,4.63451442416213,"Above"
240,0.56,1e+05,1.56,95,96.56,1.1627029230352e-07,4.24386566907847e-05,5961515.76492565,16332.9199039059,5.66577695058551e-08,2.06800858696371e-05,2905008.48860818,7958.92736604981,2.05215089329459,"Above"
240,0.56,1e+05,15.6,95,110.6,1.16284895168065e-06,0.000424439867363437,596076.712764929,1633.08688428748,2.14610148488686e-07,7.83327041983702e-05,110009.224888789,301.395136681613,5.41842480362459,"Above"
240,0.56,1e+05,156,95,251,1.16431193321169e-05,0.00424973855622267,59532.7730299849,163.103487753383,2.08627441405598e-06,0.000761490161130431,10667.3905529471,29.2257275423207,5.58081873298788,"Above"
240,0.56,1e+05,1555,95,1650,0.000117538366800471,0.0429015038821718,5897.19935224733,16.1567105541023,2.13244150002304e-05,0.00778341147508411,1069.90023555363,2.93123352206473,5.51191518262989,"Above"
240,0.76,3700,1.56,95,96.56,2.39303155807309e-06,0.00087345651869668,289652.335850547,793.568043426156,1.1345983197666e-06,0.000414128386714809,137331.683931961,376.251188854686,2.10914428162151,"Above"
240,0.76,3700,15.6,95,110.6,2.39923887486833e-05,0.00875722189326941,28890.2946605508,79.1514922206872,3.51745065985591e-06,0.00128386949084741,4235.51765026994,11.604157945945,6.82095957237,"Above"
240,0.76,3700,156,95,251,0.00024637718011176,0.0899276707407925,2813.35787772846,7.70782980199579,3.53026620893514e-05,0.0128854716626132,403.117782453757,1.10443228069522,6.97899720673125,"Above"
240,0.76,3700,1555,95,1650,0.00353910696672705,1.29177404285537,195.85369616589,0.536585468947645,0.000775175828022074,0.282939177228057,42.8981244488865,0.117529108079141,4.56555382506879,"Above"
240,0.76,10000,1.56,95,96.56,8.66179299568894e-07,0.000316155444342646,800235.217933436,2192.42525461215,4.09325672580635e-07,0.000149403870491932,378162.834145706,1036.0625593033,2.11611281087741,"Above"
240,0.76,10000,15.6,95,110.6,8.66990655874073e-06,0.00316451589394037,79948.6333403601,219.037351617425,1.22452787977653e-06,0.000446952676118434,11291.8553172414,30.9365899102504,7.08020348244168,"Above"
240,0.76,10000,156,95,251,8.75217314112129e-05,0.0319454319650927,7919.71513112847,21.6978496743246,1.182577514965e-05,0.00431640792962226,1070.09732188648,2.93177348462048,7.40092977446836,"Above"
240,0.76,10000,1555,95,1650,0.000967409356366195,0.353104415073661,716.498322037695,1.96300910147314,0.000145513796242516,0.0531125356285184,107.772774942681,0.29526787655529,6.64823117358503,"Above"
240,0.76,1e+05,1.56,95,96.56,8.56342374667198e-08,3.12564966753527e-05,8094276.32060512,22176.0995085072,4.04221429877579e-08,1.47540821905316e-05,3820761.46752727,10467.839637061,2.11849820759514,"Above"
240,0.76,1e+05,15.6,95,110.6,8.56421583785148e-07,0.000312593878081579,809352.769341036,2217.40484750969,1.19333438162662e-07,4.35567049293715e-05,112774.888536867,308.972297361281,7.17671087811759,"Above"
240,0.76,1e+05,156,95,251,8.57214751029244e-06,0.00312883384125674,80860.3888031201,221.53531178937,1.13118845822705e-06,0.000412883787252872,10670.4111696651,29.2340032045618,7.57800121451723,"Above"
240,0.76,1e+05,1555,95,1650,8.62453561604767e-05,0.031479554998574,8036.92177083954,22.0189637557248,1.14810833724743e-05,0.00419059543095312,1069.88449021384,2.9311903841475,7.5119527802793,"Above"
250,0.56,3700,1.56,95,96.56,3.15754335247474e-06,0.00115250332365328,219521.033659503,601.427489478089,1.55110157437112e-06,0.000566152074645459,107836.815811242,295.443330989704,2.03567800113602,"Above"
250,0.56,3700,15.6,95,110.6,3.16881608495876e-05,0.0115661787100995,21874.0110494285,59.9287973956944,6.19080812661208e-06,0.00225964496621341,4273.45108506562,11.7080851645633,5.11858229192591,"Above"
250,0.56,3700,156,95,251,0.000328778973772036,0.120004325426793,2108.24668198079,5.7760183067967,6.48788102652195e-05,0.0236807657468051,416.025802694273,1.13979671971034,5.0675863572099,"Above"
250,0.56,3700,1555,95,1650,0.00617732203653842,2.25472254333652,112.20836091433,0.307420166888575,0.00278992011502868,1.01832084198547,50.6776822282542,0.138842965008916,2.21415731700078,"Above"
250,0.56,10000,1.56,95,96.56,1.13367562375272e-06,0.000413791602669743,611415.793051519,1675.11176178498,5.5372556374412e-07,0.000202109830766604,298636.177400386,818.181307946262,2.04736009673666,"Above"
250,0.56,10000,15.6,95,110.6,1.13512409729432e-05,0.00414320295512428,61063.5596770545,167.297423772752,2.13119296979238e-06,0.000777885433974217,11464.6697576443,31.4100541305324,5.32623799620036,"Above"
250,0.56,10000,156,95,251,0.000114988570502121,0.0419708282332741,6027.9658885503,16.5149750371241,2.12307606032562e-05,0.0077492276201885,1112.96540295755,3.04922028207548,5.4161305216962,"Above"
250,0.56,10000,1555,95,1650,0.00132776476504645,0.484634139241955,522.04064967464,1.43024835527299,0.000286494904002051,0.104570639960749,112.641930069949,0.308608027588901,4.63451442416213,"Above"
250,0.56,1e+05,1.56,95,96.56,1.11619480611379e-07,4.07411104231533e-05,6209912.25513088,17013.4582332353,5.43914587256209e-08,1.98528824348516e-05,3026050.50896686,8290.54933963522,2.05215089329459,"Above"
250,0.56,1e+05,15.6,95,110.6,1.11633499361342e-06,0.0004074622726689,620913.242463468,1701.13217113279,2.06025742549138e-07,7.51993960304354e-05,114592.942592488,313.95326737668,5.41842480362459,"Above"
250,0.56,1e+05,156,95,251,1.11773945588322e-05,0.00407974901397376,62013.3052395676,169.899466409774,2.00282343749374e-06,0.000731030554685214,11111.8651593199,30.4434661899174,5.58081873298788,"Above"
250,0.56,1e+05,1555,95,1650,0.000112836832128452,0.041185443726885,6142.9159919243,16.8299068271899,2.04714384002212e-05,0.00747207501608075,1114.47941203503,3.05336825215076,5.51191518262989,"Above"
250,0.76,3700,1.56,95,96.56,2.29731029575017e-06,0.000838518257948812,301721.183177653,826.633378568912,1.08921438697594e-06,0.000397563251246217,143053.837429126,391.928321723632,2.10914428162151,"Above"
250,0.76,3700,15.6,95,110.6,2.3032693198736e-05,0.00840693301753863,30094.0569380738,82.4494710632158,3.37675263346167e-06,0.00123251471121351,4411.99755236452,12.0876645270261,6.82095957237,"Above"
250,0.76,3700,156,95,251,0.00023652209290729,0.0863305639111608,2930.58112263382,8.02898937707895,3.38905556057773e-05,0.0123700527961087,419.914356722663,1.15045029239086,6.97899720673125,"Above"
250,0.76,3700,1555,95,1650,0.00339754268805796,1.24010308114116,204.014266839469,0.558943196820464,0.000744168794901191,0.271621610138935,44.6855463009234,0.122426154249105,4.56555382506879,"Above"
250,0.76,10000,1.56,95,96.56,8.31532127586139e-07,0.000303509226568941,833578.352013996,2283.77630688766,3.9295264567741e-07,0.000143427715672255,393919.618901776,1079.23183260761,2.11611281087741,"Above"
250,0.76,10000,15.6,95,110.6,8.3231102963911e-06,0.00303793525818275,83279.8263962084,228.163907934818,1.17554676458547e-06,0.000429074569073697,11762.3492887931,32.2256144898441,7.08020348244168,"Above"
250,0.76,10000,156,95,251,8.40208621547644e-05,0.030667614686489,8249.70326159216,22.6019267440881,1.1352744143664e-05,0.00414375161243737,1114.68471029841,3.05393071314633,7.40092977446837,"Above"
250,0.76,10000,1555,95,1650,0.000928712982111548,0.338980238470715,746.352418789265,2.04480114736785,0.000139693244392815,0.0509880342033776,112.263307231959,0.307570704745094,6.64823117358503,"Above"
250,0.76,1e+05,1.56,95,96.56,8.2208867968051e-08,3.00062368083386e-05,8431537.83396366,23100.103654695,3.88052572682476e-08,1.41639189029104e-05,3979959.86200757,10903.9996219386,2.11849820759515,"Above"
250,0.76,1e+05,15.6,95,110.6,8.22164720433742e-07,0.000300090122958316,843075.801396912,2309.79671615592,1.14560100636155e-07,4.18144367321967e-05,117473.842225904,321.846143084667,7.17671087811759,"Above"
250,0.76,1e+05,156,95,251,8.22926160988075e-06,0.00300368048760647,84229.5716699168,230.765949780594,1.08594091989797e-06,0.000396368435762757,11115.0116350678,30.4520866714186,7.57800121451724,"Above"
250,0.76,1e+05,1555,95,1650,8.27955419140576e-05,0.030220372798631,8371.79351129119,22.93642057888,1.10218400375753e-05,0.00402297161371499,1114.46301063941,3.05332331682031,7.5119527802793,"Above"
260,0.56,3700,1.56,95,96.56,3.03609937737956e-06,0.00110817627274354,228301.875005883,625.484589057213,1.49144382151069e-06,0.000544376994851403,112150.288443692,307.261064229293,2.03567800113602,"Above"
260,0.56,3700,15.6,95,110.6,3.04693854322958e-05,0.011121325682788,22748.9714914056,62.3259492915222,5.95270012174238e-06,0.00217273554443597,4444.38912846824,12.1764085711459,5.11858229192591,"Above"
260,0.56,3700,156,95,251,0.000316133628626958,0.11538877444884,2192.57654926003,6.00705903906856,6.23834714088649e-05,0.0227699670642357,432.666834802044,1.18538858849875,5.0675863572099,"Above"
260,0.56,3700,1555,95,1650,0.00593973272744079,2.16800244551589,116.696695350903,0.319716973564117,0.00268261549521988,0.979154655755257,52.7047895173844,0.144396683609272,2.21415731700079,"Above"
260,0.56,10000,1.56,95,96.56,1.09007271514685e-06,0.000397876541028599,635872.42477358,1742.11623225638,5.32428426677038e-07,0.000194336375737119,310581.624496401,850.908560264113,2.04736009673666,"Above"
260,0.56,10000,15.6,95,110.6,1.09146547816762e-05,0.00398384899531181,63506.1020641366,173.989320723662,2.04922400941575e-06,0.000747966763436747,11923.2565479501,32.6664562957537,5.32623799620036,"Above"
260,0.56,10000,156,95,251,0.000110565933175116,0.0403565656089174,6269.08452409231,17.1755740386091,2.04141928877463e-05,0.0074511804040274,1157.48401907585,3.1711890933585,5.4161305216962,"Above"
260,0.56,10000,1555,95,1650,0.00127669688946774,0.465994364655726,542.922275661626,1.48745828948391,0.000275475869232742,0.100548692269951,117.147607272747,0.320952348692457,4.63451442416213,"Above"
260,0.56,1e+05,1.56,95,96.56,1.07326423664787e-07,3.91741446376474e-05,6458308.74533612,17693.9965625647,5.22994795438663e-08,1.90893100335112e-05,3147092.52932553,8622.17131322063,2.05215089329459,"Above"
260,0.56,1e+05,15.6,95,110.6,1.0733990323206e-06,0.000391790646797019,645749.772162006,1769.1774579781,1.98101675528017e-07,7.23071115677264e-05,119176.660296188,326.511398071748,5.41842480362459,"Above"
260,0.56,1e+05,156,95,251,1.07474947681079e-05,0.00392283559035939,64493.8374491503,176.695445066165,1.9257917668209e-06,0.000702913994889629,11556.3397656927,31.6612048375141,5.58081873298788,"Above"
260,0.56,1e+05,1555,95,1650,0.000108496953969665,0.0396013881989278,6388.63263160128,17.5031031002775,1.96840753848281e-05,0.00718468751546226,1159.05858851643,3.17550298223679,5.51191518262989,"Above"
260,0.76,3700,1.56,95,96.56,2.20895220745209e-06,0.000806267555720012,313790.030504759,859.698713711669,1.0473215259384e-06,0.000382272356967516,148775.990926291,407.605454592577,2.10914428162151,"Above"
260,0.76,3700,15.6,95,110.6,2.21468203834e-05,0.00808358943994099,31297.8192155967,85.7474499057445,3.24687753217468e-06,0.00118511029924376,4588.4774544591,12.5711711081071,6.82095957237,"Above"
260,0.76,3700,156,95,251,0.000227425089333933,0.0830101576068854,3047.80436753917,8.35014895216211,3.25870726978628e-05,0.0118942815347199,436.71093099157,1.19646830408649,6.97899720673125,"Above"
260,0.76,3700,1555,95,1650,0.0032668679692865,1.19240680878957,212.174837513048,0.581300924693282,0.000715546918174222,0.261174625133591,46.4729681529603,0.127323200419069,4.56555382506879,"Above"
260,0.76,10000,1.56,95,96.56,7.9955012267898e-07,0.000291835794777827,866921.486094556,2375.12735916317,3.77839082382125e-07,0.000137911265069476,409676.403657848,1122.40110591191,2.11611281087741,"Above"
260,0.76,10000,15.6,95,110.6,8.00299066960683e-06,0.00292109159440649,86611.0194520567,237.29046425221,1.13033342748603e-06,0.000412571701032401,12232.8432603448,33.5146390694379,7.08020348244168,"Above"
260,0.76,10000,156,95,251,8.07892905334273e-05,0.029488091044701,8579.69139205585,23.5060038138516,1.09161001381385e-05,0.00398437655042055,1159.27209871035,3.17608794167219,7.40092977446836,"Above"
260,0.76,10000,1555,95,1650,0.000892993252030334,0.325942536991072,776.206515540836,2.12659319326256,0.000134320427300784,0.0490269559647862,116.753839521238,0.319873532934898,6.64823117358503,"Above"
260,0.76,1e+05,1.56,95,96.56,7.90469884308183e-08,2.88521507772487e-05,8768799.34732221,24024.1078008828,3.7312747373315e-08,1.361915279126e-05,4139158.25648787,11340.1596068161,2.11849820759514,"Above"
260,0.76,1e+05,15.6,95,110.6,7.9054300041706e-07,0.000288548195152227,876798.833452789,2402.18858480216,1.1015394291938e-07,4.02061891655737e-05,122172.79591494,334.719988808054,7.17671087811759,"Above"
260,0.76,1e+05,156,95,251,7.91275154796226e-06,0.00288815431500622,87598.7545367135,239.996587771818,1.04417396144035e-06,0.000381123495925728,11559.6121004705,31.6701701382753,7.57800121451724,"Above"
260,0.76,1e+05,1555,95,1650,7.96110979942862e-05,0.0290580507679145,8706.66525174284,23.8538774020352,1.05979231130532e-05,0.00386824193626441,1159.04153106499,3.17545624949313,7.5119527802793,"Above"
270,0.56,3700,1.56,95,96.56,2.92365125229142e-06,0.00106713270708637,237082.716352263,649.541688636336,1.43620516145474e-06,0.000524214883930981,116463.761076141,319.078797468881,2.03567800113602,"Above"
270,0.56,3700,15.6,95,110.6,2.93408896755441e-05,0.0107094247315736,23623.9319333827,64.7231011873499,5.73222974686303e-06,0.00209226385760501,4615.32717187087,12.6447319777284,5.11858229192591,"Above"
270,0.56,3700,156,95,251,0.000304424975714848,0.11111511613592,2276.90641653926,6.23809977134043,6.00729724677959e-05,0.0219266349507455,449.307866909815,1.23098045728716,5.0675863572099,"Above"
270,0.56,3700,1555,95,1650,0.00571974262642446,2.08770605864493,121.185029787476,0.33201378023966,0.0025832593657673,0.942889668505063,54.7318968065145,0.149950402209629,2.21415731700078,"Above"
270,0.56,10000,1.56,95,96.56,1.04969965162289e-06,0.000383140372842355,660329.05649564,1809.12070272778,5.12708855318629e-07,0.0001871387321913,322527.071592417,883.635812581963,2.04736009673666,"Above"
270,0.56,10000,15.6,95,110.6,1.05104083082808e-05,0.00383629903252248,65948.6444512188,180.681217674572,1.97332682388183e-06,0.000720264290716868,12381.8433382559,33.922858460975,5.32623799620036,"Above"
270,0.56,10000,156,95,251,0.000106470898613075,0.0388618779937723,6510.20315963432,17.836173040094,1.96581116696816e-05,0.00717521075943379,1202.00263519415,3.29315790464152,5.4161305216962,"Above"
270,0.56,10000,1555,95,1650,0.00122941181948745,0.448735314112921,563.803901648611,1.54466822369483,0.000265273059261159,0.0968246666303229,121.653284475545,0.333296669796013,4.63451442416213,"Above"
270,0.56,1e+05,1.56,95,96.56,1.03351370936462e-07,3.77232503918086e-05,6706705.23554135,18374.5348918941,5.03624617829823e-08,1.83822985507886e-05,3268134.5496842,8953.79328680604,2.05215089329459,"Above"
270,0.56,1e+05,15.6,95,110.6,1.03364351260502e-06,0.000377279882100833,670586.301860545,1837.22274482341,1.90764576434387e-07,6.96290703985513e-05,123760.377999887,339.069528766815,5.41842480362459,"Above"
270,0.56,1e+05,156,95,251,1.03494394063261e-05,0.00377754538330904,66974.369658733,183.491423722556,1.85446614582753e-06,0.00067688014322705,12000.8143720655,32.8789434851108,5.58081873298788,"Above"
270,0.56,1e+05,1555,95,1650,0.000104478548267085,0.0381346701174861,6634.34927127825,18.1762993733651,1.89550355557604e-05,0.00691858797785254,1203.63776499783,3.29763771232282,5.51191518262989,"Above"
270,0.76,3700,1.56,95,96.56,2.12713916273164e-06,0.000776405794397049,325858.877831865,892.764048854425,1.00853183979253e-06,0.000368114121524275,154498.144423456,423.282587461522,2.10914428162151,"Above"
270,0.76,3700,15.6,95,110.6,2.13265677766074e-05,0.0077841972384617,32501.5814931197,89.0454287482731,3.12662280876081e-06,0.00114121732519769,4764.95735655369,13.0546776891882,6.82095957237,"Above"
270,0.76,3700,156,95,251,0.00021900193787712,0.0799357073251489,3165.02761244452,8.67130852724527,3.13801440794234e-05,0.0114537525889896,453.507505260476,1.24248631578213,6.97899720673125,"Above"
270,0.76,3700,1555,95,1650,0.00314587285931293,1.14824359364922,220.335408186627,0.603658652566101,0.000689045180464066,0.251501490869384,48.2603900049973,0.132220246589034,4.56555382506879,"Above"
270,0.76,10000,1.56,95,96.56,7.69937155172351e-07,0.000281027061637908,900264.620175116,2466.47841143867,3.63845042293898e-07,0.000132803440437273,425433.188413919,1165.57037921622,2.11611281087741,"Above"
270,0.76,10000,15.6,95,110.6,7.70658360776954e-06,0.00281290301683588,89942.2125079051,246.417020569603,1.08846922646803e-06,0.00039729126766083,12703.3372318966,34.8036636490316,7.08020348244168,"Above"
270,0.76,10000,156,95,251,7.77970945877448e-05,0.0283959395245269,8909.67952251953,24.4100808836152,1.05118001330222e-05,0.00383680704855312,1203.85948712228,3.29824517019804,7.40092977446836,"Above"
270,0.76,10000,1555,95,1650,0.000859919427881063,0.313870591176588,806.060612292407,2.20838523915728,0.000129345596660014,0.0472111427809052,121.244371810516,0.332176361124701,6.64823117358503,"Above"
270,0.76,1e+05,1.56,95,96.56,7.61193221926398e-08,2.77835526003135e-05,9106060.86068075,24948.1119470706,3.59307937668959e-08,1.3114739724917e-05,4298356.65096818,11776.3195916936,2.11849820759515,"Above"
270,0.76,1e+05,15.6,95,110.6,7.61263630031243e-07,0.000277861224961404,910521.865508665,2494.5804534484,1.06074167255699e-07,3.87170710483303e-05,126871.749603976,347.593834531441,7.1767108781176,"Above"
270,0.76,1e+05,156,95,251,7.61968667581551e-06,0.00278118563667266,90967.9374035102,249.227225763042,1.00550085175738e-06,0.000367007810891442,12004.2125658732,32.888253605132,7.57800121451723,"Above"
270,0.76,1e+05,1555,95,1650,7.66625388093126e-05,0.0279818266653991,9041.53699219448,24.7713342251904,1.02054074421994e-05,0.00372497371640277,1203.62005149057,3.29758918216594,7.5119527802793,"Above"
280,0.56,3700,1.56,95,96.56,2.81923513613816e-06,0.00102902082469043,245863.557698643,673.59878821546,1.38491211997421e-06,0.000505492923790588,120777.233708591,330.896530708469,2.03567800113602,"Above"
280,0.56,3700,15.6,95,110.6,2.82930007585604e-05,0.0103269452768745,24498.8923753599,67.1202530831777,5.52750725590364e-06,0.00201754014840483,4786.26521527349,13.1130553843109,5.11858229192591,"Above"
280,0.56,3700,156,95,251,0.000293552655153603,0.107146719131065,2361.23628381849,6.4691405036123,5.79275091653746e-05,0.0211435408453617,465.948899017586,1.27657232607558,5.0675863572099,"Above"
280,0.56,3700,1555,95,1650,0.00551546610405216,2.01314512797904,125.673364224049,0.344310586915203,0.00249100010270418,0.909215037487025,56.7590040956447,0.155504120809986,2.21415731700078,"Above"
280,0.56,10000,1.56,95,96.56,1.01221037835064e-06,0.000369456788097985,684785.688217701,1876.12517319918,4.94397824771535e-07,0.00018045520604161,334472.518688432,916.363064899814,2.04736009673666,"Above"
280,0.56,10000,15.6,95,110.6,1.0135036582985e-05,0.00369928835278954,68391.186838301,187.373114625482,1.90285086588605e-06,0.000694540566048408,12840.4301285617,35.1792606261963,5.32623799620036,"Above"
280,0.56,10000,156,95,251,0.000102668366519751,0.037473953779709,6751.32179517633,18.496772041579,1.89560362529073e-05,0.00691895323231116,1246.52125131246,3.41512671592454,5.4161305216962,"Above"
280,0.56,10000,1555,95,1650,0.00118550425450576,0.432709052894602,584.685527635597,1.60187815790575,0.000255799021430403,0.093366642822097,126.158961678343,0.345640990899569,4.63451442416213,"Above"
280,0.56,1e+05,1.56,95,96.56,9.96602505458739e-08,3.6375991449244e-05,6955101.72574659,19055.0732212235,4.85638024335901e-08,1.77257878882604e-05,3389176.57004288,9285.41526039145,2.05215089329459,"Above"
280,0.56,1e+05,15.6,95,110.6,9.96727672869128e-07,0.000363805600597232,695422.831559084,1905.26803166872,1.83951555847445e-07,6.71423178843173e-05,128344.095703587,351.627659461882,5.41842480362459,"Above"
280,0.56,1e+05,156,95,251,9.97981657038592e-06,0.00364263304819086,69454.9018683157,190.287402378947,1.78823521204798e-06,0.000652705852397513,12445.2889784383,34.0966821327075,5.58081873298788,"Above"
280,0.56,1e+05,1555,95,1650,0.000100747171543261,0.0367727176132901,6880.06591095522,18.8494956464527,1.82780700001975e-05,0.0066714955500721,1248.21694147923,3.41977244240885,5.51191518262989,"Above"
280,0.76,3700,1.56,95,96.56,2.0511699069198e-06,0.000748677016025725,337927.725158971,925.829383997182,9.72512845514228e-07,0.000354967188612693,160220.297920621,438.959720330467,2.10914428162151,"Above"
280,0.76,3700,15.6,95,110.6,2.05649046417286e-05,0.00750619019423092,33705.3437706426,92.3434075908018,3.01495770844792e-06,0.00110045956358349,4941.43725864827,13.5381842702692,6.82095957237,"Above"
280,0.76,3700,156,95,251,0.000211180440095794,0.077080860634965,3282.25085734987,8.99246810232842,3.02594246480155e-05,0.0110446899965256,470.304079529383,1.28850432747776,6.97899720673125,"Above"
280,0.76,3700,1555,95,1650,0.00303352025719461,1.10723489387603,228.495978860206,0.626016380438919,0.000664436424018921,0.242519294766906,50.0478118570342,0.137117292758998,4.56555382506879,"Above"
280,0.76,10000,1.56,95,96.56,7.42439399630481e-07,0.000270990380865125,933607.754255676,2557.82946371418,3.50850576497688e-07,0.000128060460421656,441189.97316999,1208.73965252052,2.11611281087741,"Above"
280,0.76,10000,15.6,95,110.6,7.43134847892062e-06,0.00271244219480603,93273.4055637534,255.543576886996,1.04959532552274e-06,0.000383102293815801,13173.8312034483,36.0926882286254,7.08020348244168,"Above"
280,0.76,10000,156,95,251,7.50186269238968e-05,0.0273817988272223,9239.66765298322,25.3141579533787,1.01363786997e-05,0.00369977822539051,1248.44687553422,3.4204023987239,7.40092977446836,"Above"
280,0.76,10000,1555,95,1650,0.000829208019742453,0.302660927205995,835.914709043977,2.29017728505199,0.000124726111065014,0.04552503053873,125.734904099794,0.344479189314505,6.64823117358503,"Above"
280,0.76,1e+05,1.56,95,96.56,7.34007749714741e-08,2.6791282864588e-05,9443322.3740393,25872.1160932584,3.46475511323639e-08,1.26463561633128e-05,4457555.04544848,12212.4795765712,2.11849820759514,"Above"
280,0.76,1e+05,15.6,95,110.6,7.34075643244412e-07,0.000267937609784211,944244.897564542,2586.97232209463,1.02285804139424e-07,3.73343185108899e-05,131570.703293012,360.467680254827,7.17671087811759,"Above"
280,0.76,1e+05,156,95,251,7.3475550088221e-06,0.00268185757822006,94337.1202703068,258.457863754265,9.69590107051755e-07,0.000353900389073891,12448.8130312759,34.1063370719888,7.57800121451723,"Above"
280,0.76,1e+05,1555,95,1650,7.39245909946943e-05,0.0269824757130634,9376.40873264613,25.6887910483456,9.84092860497796e-06,0.00359193894081696,1248.19857191614,3.41972211483875,7.5119527802793,"Above"
290,0.56,3700,1.56,95,96.56,2.72202013144374e-06,0.000993537347976965,254644.399045023,697.655887794583,1.33715652963028e-06,0.000488062133315051,125090.706341041,342.714263948057,2.03567800113602,"Above"
290,0.56,3700,15.6,95,110.6,2.73173800427479e-05,0.009970843715603,25373.852817337,69.5174049790055,5.3369035574242e-06,0.00194796979845983,4957.20325867612,13.5813787908935,5.11858229192591,"Above"
290,0.56,3700,156,95,251,0.000283430149803479,0.10345200467827,2445.56615109772,6.70018123588417,5.59300088493272e-05,0.0204144532300044,482.589931125357,1.32216419486399,5.0675863572099,"Above"
290,0.56,3700,1555,95,1650,0.00532527761770553,1.94372633046252,130.161698660622,0.356607393590746,0.00240510354743852,0.877862794815058,58.7861113847749,0.161057839410342,2.21415731700078,"Above"
290,0.56,10000,1.56,95,96.56,9.77306572200621e-07,0.000356716898853227,709242.319939762,1943.12964367058,4.77349623917344e-07,0.000174232612729831,346417.965784447,949.090317217664,2.04736009673666,"Above"
290,0.56,10000,15.6,95,110.6,9.7855525628821e-06,0.00357172668545197,70833.7292253832,194.065011576392,1.83723531878653e-06,0.000670590891357084,13299.0169188674,36.4356627914176,5.32623799620036,"Above"
290,0.56,10000,156,95,251,9.91280780190697e-05,0.0361817484769604,6992.44043071834,19.157371043064,1.83023798303932e-05,0.00668036863809353,1291.03986743076,3.53709552720756,5.4161305216962,"Above"
290,0.56,10000,1555,95,1650,0.00114462479745384,0.41778805107065,605.567153622583,1.65908809211667,0.00024697836551901,0.0901471034144385,130.664638881141,0.357985312003125,4.63451442416213,"Above"
290,0.56,1e+05,1.56,95,96.56,9.62236901822231e-08,3.51216469165114e-05,7203498.21595182,19735.6115505529,4.68891885565698e-08,1.7114553823148e-05,3510218.59040155,9617.03723397686,2.05215089329459,"Above"
290,0.56,1e+05,15.6,95,110.6,9.6235775311502e-07,0.000351260579886983,720259.361257622,1973.31331851403,1.77608398749257e-07,6.48270655434788e-05,132927.813407286,364.185790156949,5.41842480362459,"Above"
290,0.56,1e+05,156,95,251,9.63568496451054e-06,0.00351702501204635,71935.4340778985,197.083381035338,1.72657192887391e-06,0.000630198754038978,12889.763584811,35.3144207803042,5.58081873298788,"Above"
290,0.56,1e+05,1555,95,1650,9.72731311452172e-05,0.0355046928680043,7125.78255063219,19.5226919195403,1.76477917243286e-05,0.00644144397937996,1292.79611796063,3.54190717249488,5.51191518262989,"Above"
290,0.76,3700,1.56,95,96.56,1.98043991012946e-06,0.000722860567197252,349996.572486077,958.894719139938,9.38977919806841e-07,0.000342726940729497,165942.451417786,454.636853199413,2.10914428162151,"Above"
290,0.76,3700,15.6,95,110.6,1.98557699989103e-05,0.00724735604960227,34909.1060481656,95.6413864333304,2.91099364953592e-06,0.00106251268208061,5117.91716074285,14.0216908513503,6.82095957237,"Above"
290,0.76,3700,156,95,251,0.00020389835595456,0.0744228999234145,3399.47410225523,9.31362767741158,2.9215996211877e-05,0.0106638386173351,487.10065379829,1.3345223391734,6.97899720673125,"Above"
290,0.76,3700,1555,95,1650,0.0029289161103948,1.0690543802941,236.656549533784,0.648374108311738,0.000641524823190682,0.234156560464599,51.8352337090712,0.142014338928962,4.56555382506879,"Above"
290,0.76,10000,1.56,95,96.56,7.16838041022533e-07,0.000261645884973225,966950.888336236,2649.18051598969,3.38752280756388e-07,0.000123644582476082,456946.757926061,1251.90892582482,2.11611281087741,"Above"
290,0.76,10000,15.6,95,110.6,7.17509508309578e-06,0.00261890970532996,96604.5986196017,264.670133204388,1.01340238326334e-06,0.000369891869891118,13644.325175,37.3817128082192,7.08020348244168,"Above"
290,0.76,10000,156,95,251,7.24317777196245e-05,0.0264375988676629,9569.65578344691,26.2182350231422,9.78684839971036e-06,0.00357219966589428,1293.03426394616,3.54255962724975,7.40092977446836,"Above"
290,0.76,10000,1555,95,1650,0.000800614639751334,0.292224343509237,865.768805795548,2.37196933094671,0.000120425210683462,0.0439552018994635,130.225436389073,0.356782017504309,6.64823117358503,"Above"
290,0.76,1e+05,1.56,95,96.56,7.08697137655612e-08,2.58674455244298e-05,9780583.88739785,26796.1202394462,3.34528079898686e-08,1.2210274916302e-05,4616753.43992878,12648.6395614487,2.11849820759514,"Above"
290,0.76,1e+05,15.6,95,110.6,7.08762690029088e-07,0.000258698381860617,977967.929620418,2679.36419074087,9.87587074449615e-08,3.60469282174109e-05,136269.656982048,373.341525978214,7.17671087811759,"Above"
290,0.76,1e+05,156,95,251,7.09419104300064e-06,0.00258937973069523,97706.3031371035,267.688501745489,9.36155965429281e-07,0.000341696927381687,12893.4134966786,35.3244205388455,7.57800121451724,"Above"
290,0.76,1e+05,1555,95,1650,7.13754671672911e-05,0.0260520455160612,9711.28047309778,26.6062478715008,9.50158623928907e-06,0.00346807897734051,1292.77709234172,3.54185504751156,7.5119527802793,"Above"
300,0.56,3700,1.56,95,96.56,2.63128612706228e-06,0.000960419436377733,263425.240391403,721.712987373707,1.29258464530927e-06,0.000471793395537883,129404.17897349,354.531997187645,2.03567800113602,"Above"
300,0.56,3700,15.6,95,110.6,2.64068007079897e-05,0.00963848225841623,26248.8132593141,71.9145568748333,5.15900677217673e-06,0.00188303747184451,5128.14130207874,14.049702197476,5.11858229192591,"Above"
300,0.56,3700,156,95,251,0.000273982478143363,0.100003604522328,2529.89601837695,6.93122196815604,5.40656752210163e-05,0.0197339714556709,499.230963233128,1.3677560636524,5.0675863572099,"Above"
300,0.56,3700,1555,95,1650,0.00514776836378202,1.87893545278044,134.650033097196,0.36890420026629,0.00232493342919057,0.848600701654556,60.813218673905,0.166611558010699,2.21415731700079,"Above"
300,0.56,10000,1.56,95,96.56,9.44729686460601e-07,0.000344826335558119,733698.951661823,2010.13411414198,4.61437969786766e-07,0.00016842485897217,358363.412880463,981.817569535514,2.04736009673666,"Above"
300,0.56,10000,15.6,95,110.6,9.4593674774527e-06,0.00345266912927024,73276.2716124654,200.756908527302,1.77599414149365e-06,0.000648237861645181,13757.6037091732,37.6920649566389,5.32623799620036,"Above"
300,0.56,10000,156,95,251,9.58238087517674e-05,0.0349756901943951,7233.55906626036,19.8179700445489,1.76923005027135e-05,0.00645768968349041,1335.55848354906,3.65906433849058,5.4161305216962,"Above"
300,0.56,10000,1555,95,1650,0.00110647063753871,0.403861782701629,626.448779609568,1.71629802632758,0.000238745753335043,0.0871421999672906,135.170316083939,0.370329633106681,4.63451442416213,"Above"
300,0.56,1e+05,1.56,95,96.56,9.30162338428157e-08,3.39509253526277e-05,7451894.70615706,20416.1498798824,4.53262156046841e-08,1.65440686957097e-05,3631260.61076023,9948.65920756226,2.05215089329459,"Above"
300,0.56,1e+05,15.6,95,110.6,9.3027916134452e-07,0.00033955189389075,745095.890956161,2041.35860535935,1.71688118790948e-07,6.26661633586962e-05,137511.531110986,376.743920852017,5.41842480362459,"Above"
300,0.56,1e+05,156,95,251,9.31449546569352e-06,0.00339979084497814,74415.9662874812,203.879359691729,1.66901953124478e-06,0.000609192128904345,13334.2381911838,36.5321594279009,5.58081873298788,"Above"
300,0.56,1e+05,1555,95,1650,9.40306934403766e-05,0.0343212031057375,7371.49919030916,20.1958881926278,1.70595320001844e-05,0.00622672918006729,1337.37529444203,3.66404190258091,5.51191518262989,"Above"
300,0.76,3700,1.56,95,96.56,1.91442524645848e-06,0.000698765214957344,362065.419813183,991.960054282695,9.0767865581328e-07,0.000331302709371847,171664.604914951,470.313986068358,2.10914428162151,"Above"
300,0.76,3700,15.6,95,110.6,1.91939109989466e-05,0.00700577751461553,36112.8683256885,98.939365275859,2.81396052788473e-06,0.00102709559267792,5294.39706283743,14.5051974324313,6.82095957237,"Above"
300,0.76,3700,156,95,251,0.000197101744089408,0.071942136592634,3516.69734716058,9.63478725249474,2.82421296714811e-05,0.0103083773300906,503.897228067196,1.38054035086903,6.97899720673125,"Above"
300,0.76,3700,1555,95,1650,0.00283128557338164,1.0334192342843,244.817120207363,0.670731836184557,0.000620140662417659,0.226351341782446,53.6226555611081,0.146911385098926,4.56555382506879,"Above"
300,0.76,10000,1.56,95,96.56,6.92943439655115e-07,0.000252924355474117,1000294.0224168,2740.53156826519,3.27460538064508e-07,0.000119523096393546,472703.542682132,1295.07819912913,2.11611281087741,"Above"
300,0.76,10000,15.6,95,110.6,6.93592524699258e-06,0.00253161271515229,99935.7916754501,273.796689521781,9.79622303821225e-07,0.000357562140894747,14114.8191465517,38.6707373878129,7.08020348244168,"Above"
300,0.76,10000,156,95,251,7.00173851289703e-05,0.0255563455720742,9899.64391391059,27.1223120929057,9.46062011972002e-06,0.00345312634369781,1337.62165235809,3.6647168557756,7.40092977446836,"Above"
300,0.76,10000,1555,95,1650,0.000773927485092956,0.282483532058929,895.622902547118,2.45376137684142,0.000116411036994013,0.0424900285028147,134.715968678351,0.369084845694113,6.64823117358503,"Above"
300,0.76,1e+05,1.56,95,96.56,6.85073899733758e-08,2.50051973402822e-05,10117845.4007564,27720.124385634,3.23377143902063e-08,1.18032657524253e-05,4775951.83440908,13084.7995463263,2.11849820759515,"Above"
300,0.76,1e+05,15.6,95,110.6,6.85137267028118e-07,0.000250075102465263,1011690.96167629,2771.75605938711,9.54667505301294e-08,3.48453639434972e-05,140968.610671084,386.215371701601,7.17671087811759,"Above"
300,0.76,1e+05,156,95,251,6.85771800823396e-06,0.00250306707300539,101075.4860039,276.919139736713,9.04950766581638e-07,0.000330307029802298,13338.0139620813,36.5425040057023,7.57800121451724,"Above"
300,0.76,1e+05,1555,95,1650,6.89962849283814e-05,0.0251836439988592,10046.1522135494,27.523704694656,9.18486669797943e-06,0.00335247634476249,1337.3556127673,3.66398798018438,7.5119527802793,"Above"
310,0.56,3700,1.56,95,96.56,2.54640592941511e-06,0.000929438164236515,272206.081737783,745.77008695283,1.25088836642832e-06,0.000456574253746338,133717.65160594,366.349730427233,2.03567800113602,"Above"
310,0.56,3700,15.6,95,110.6,2.55549684270868e-05,0.00932756347588667,27123.7737012913,74.311708770661,4.99258719888071e-06,0.00182229432759146,5299.07934548137,14.5180256040585,5.11858229192591,"Above"
310,0.56,3700,156,95,251,0.000265144333687126,0.0967776817958009,2614.22588565619,7.1622627004279,5.23216211816287e-05,0.0190973917312945,515.871995340899,1.41334793244082,5.0675863572099,"Above"
310,0.56,3700,1555,95,1650,0.00498171131978905,1.818324631723,139.138367533769,0.381201006941832,0.00224993557663603,0.821226485472151,62.8403259630352,0.172165276611055,2.21415731700078,"Above"
310,0.56,10000,1.56,95,96.56,9.14254535284452e-07,0.000333702905378825,758155.583383884,2077.13858461338,4.46552873987193e-07,0.000162991799005326,370308.859976478,1014.54482185336,2.04736009673666,"Above"
310,0.56,10000,15.6,95,110.6,9.15422659108326e-06,0.00334129270574539,75718.8139995475,207.448805478212,1.71870400789708e-06,0.000627326962882433,14216.190499479,38.9484671218602,5.32623799620036,"Above"
310,0.56,10000,156,95,251,9.27327181468716e-05,0.0338474421236081,7474.67770180237,20.4785690460339,1.71215811316582e-05,0.00624937711305524,1380.07709966736,3.7810331497736,5.4161305216962,"Above"
310,0.56,10000,1555,95,1650,0.00107077803632778,0.390833983259641,647.330405596554,1.7735079605385,0.000231044277421009,0.0843311612586683,139.675993286737,0.382673954210238,4.63451442416213,"Above"
310,0.56,1e+05,1.56,95,96.56,9.00157101704668e-08,3.28557342122204e-05,7700291.19636229,21096.6882092118,4.38640796174362e-08,1.60103890603642e-05,3752302.6311189,10280.2811811477,2.05215089329459,"Above"
310,0.56,1e+05,15.6,95,110.6,9.00270156139858e-07,0.000328598606991048,769932.4206547,2109.40389220466,1.66149792378337e-07,6.06446742180931e-05,142095.248814686,389.302051547084,5.41842480362459,"Above"
310,0.56,1e+05,156,95,251,9.01402787002599e-06,0.00329012017255949,76896.4984970639,210.67533834812,1.61518019152721e-06,0.000589540769907431,13778.7127975566,37.7498980754976,5.58081873298788,"Above"
310,0.56,1e+05,1555,95,1650,9.09974452648806e-05,0.0332140675216814,7617.21582998614,20.8690844657154,1.65092245163074e-05,0.00602586694845222,1381.95447092343,3.78617663266694,5.51191518262989,"Above"
310,0.76,3700,1.56,95,96.56,1.85266959334691e-06,0.000676224401571623,374134.26714029,1025.02538942545,8.78398699174142e-07,0.000320615525198562,177386.758412116,485.991118937303,2.10914428162151,"Above"
310,0.76,3700,15.6,95,110.6,1.85747525796258e-05,0.00677978469156341,37316.6306032115,102.237344118388,2.72318760763038e-06,0.000993963476785089,5470.87696493201,14.9887040135124,6.82095957237,"Above"
310,0.76,3700,156,95,251,0.00019074362331233,0.0696214225090006,3633.92059206593,9.9559468275779,2.73310932304656e-05,0.00997584902911993,520.693802336103,1.42655836256466,6.97899720673125,"Above"
310,0.76,3700,1555,95,1650,0.00273995378069191,1.00008312995255,252.977690880942,0.693089564057375,0.000600136124920316,0.219049685595915,55.410077413145,0.15180843126889,4.56555382506879,"Above"
310,0.76,10000,1.56,95,96.56,6.70590425472692e-07,0.000244765505297533,1033637.15649736,2831.8826205407,3.16897294901137e-07,0.000115667512638915,488460.327438203,1338.24747243343,2.11611281087741,"Above"
310,0.76,10000,15.6,95,110.6,6.71218572289605e-06,0.00244994778885706,103266.984731298,282.923245839174,9.48021584343121e-07,0.000346027878285239,14585.3131181034,39.9597619674067,7.08020348244168,"Above"
310,0.76,10000,156,95,251,6.77587598022294e-05,0.0247319473278137,10229.6320443743,28.0263891626693,9.1554388255355e-06,0.00334173517132046,1382.20904077003,3.78687408430145,7.40092977446836,"Above"
310,0.76,10000,1555,95,1650,0.000748962082348022,0.273371160057028,925.476999298689,2.53555342273613,0.00011265584225227,0.0411193824220787,139.20650096763,0.381387673883916,6.64823117358503,"Above"
310,0.76,1e+05,1.56,95,96.56,6.62974741677831e-08,2.41985780712408e-05,10455106.9141149,28644.1285318218,3.12945623131029e-08,1.14225152442826e-05,4935150.22888939,13520.9595312038,2.11849820759515,"Above"
310,0.76,1e+05,15.6,95,110.6,6.63036064865921e-07,0.000242008163676061,1045413.99373217,2864.14792803335,9.23871779323833e-08,3.37213199453199e-05,145667.56436012,399.089217424988,7.17671087811759,"Above"
310,0.76,1e+05,156,95,251,6.63650129829092e-06,0.00242232297387619,104444.668870697,286.149777727937,8.75758806369327e-07,0.000319651964324804,13782.614427484,37.760587472559,7.57800121451723,"Above"
310,0.76,1e+05,1555,95,1650,6.67705983177884e-05,0.0243712683859928,10381.0239540011,28.4411615178112,8.88858067546396e-06,0.00324433194654435,1381.93413319287,3.78612091285719,7.5119527802793,"Above"
320,0.56,3700,1.56,95,96.56,2.46683074412089e-06,0.000900393221604124,280986.923084163,769.827186531954,1.21179810497744e-06,0.000442306308316765,138031.12423839,378.167463666821,2.03567800113602,"Above"
320,0.56,3700,15.6,95,110.6,2.47563756637403e-05,0.00903607711726521,27998.7341432684,76.7088606664888,4.83656884891568e-06,0.00176534762985422,5470.01738888399,14.9863490106411,5.11858229192591,"Above"
320,0.56,3700,156,95,251,0.000256858573259403,0.0937533792396821,2698.55575293542,7.39330343269977,5.06865705197028e-05,0.0185005982396915,532.513027448669,1.45893980122923,5.0675863572099,"Above"
320,0.56,3700,1555,95,1650,0.00482603284104564,1.76150198698166,143.626701970342,0.393497813617375,0.00217962508986616,0.795563157801147,64.8674332521654,0.177718995211412,2.21415731700079,"Above"
320,0.56,10000,1.56,95,96.56,8.85684081056813e-07,0.000323274689585737,782612.215105944,2144.14305508478,4.32598096675094e-07,0.000157898305286409,382254.307072494,1047.27207417122,2.04736009673666,"Above"
320,0.56,10000,15.6,95,110.6,8.86815701011191e-06,0.00323687730869085,78161.3563866297,214.140702429122,1.66499450765029e-06,0.000607722995292357,14674.7772897848,40.2048692870815,5.32623799620036,"Above"
320,0.56,10000,156,95,251,8.98348207047819e-05,0.0327897095572454,7715.79633734438,21.1391680475188,1.65865317212939e-05,0.00605408407827226,1424.59571578566,3.90300196105661,5.4161305216962,"Above"
320,0.56,10000,1555,95,1650,0.00103731622269254,0.378620421282777,668.21203158354,1.83071789474942,0.000223824143751603,0.0816958124693349,144.181670489535,0.395018275313794,4.63451442416213,"Above"
320,0.56,1e+05,1.56,95,96.56,8.72027192276397e-08,3.18289925180885e-05,7948687.68656753,21777.2265385412,4.24933271293913e-08,1.55100644022278e-05,3873344.65147757,10611.9031547331,2.05215089329459,"Above"
320,0.56,1e+05,15.6,95,110.6,8.72136713760487e-07,0.000318329900522578,794768.950353238,2177.44917904997,1.60957611366514e-07,5.87495281487777e-05,146678.966518385,401.860182242151,5.41842480362459,"Above"
320,0.56,1e+05,156,95,251,8.73233949908768e-06,0.003187303917167,79377.0307066466,217.471317004511,1.56470581054198e-06,0.000571117620847824,14223.1874039294,38.9676367230943,5.58081873298788,"Above"
320,0.56,1e+05,1555,95,1650,8.81537751003531e-05,0.0321761279116289,7862.93246966311,21.542280738803,1.59933112501728e-05,0.00583755860631308,1426.53364740484,3.90831136275298,5.51191518262989,"Above"
320,0.76,3700,1.56,95,96.56,1.79477366855482e-06,0.00065509238902251,386203.114467396,1058.09072456821,8.5094873982495e-07,0.000310596290036107,183108.911909281,501.668251806248,2.10914428162151,"Above"
320,0.76,3700,15.6,95,110.6,1.79942915615125e-05,0.00656791641995206,38520.3928807344,105.535322960916,2.63808799489193e-06,0.000962902118135555,5647.35686702659,15.4722105945934,6.82095957237,"Above"
320,0.76,3700,156,95,251,0.00018478288508382,0.0674457530555944,3751.14383697128,10.2771064026611,2.64769965670135e-05,0.00966410374695994,537.490376605009,1.4725763742603,6.97899720673125,"Above"
320,0.76,3700,1555,95,1650,0.00265433022504528,0.968830532141529,261.138261554521,0.715447291930194,0.000581381871016556,0.212204382921043,57.197499265182,0.156705477438855,4.56555382506879,"Above"
320,0.76,10000,1.56,95,96.56,6.49634474676671e-07,0.000237116583256985,1066980.29057791,2923.2336728162,3.06994254435477e-07,0.000112052902868949,504217.112194274,1381.41674573774,2.11611281087741,"Above"
320,0.76,10000,15.6,95,110.6,6.50242991905555e-06,0.00237338692045527,106598.177787147,292.049802156566,9.18395909832399e-07,0.000335214507088825,15055.8070896552,41.2487865470005,7.08020348244168,"Above"
320,0.76,10000,156,95,251,6.56412985584097e-05,0.0239590739738195,10559.620174838,28.9304662324328,8.86933136223752e-06,0.00323730594721669,1426.79642918197,3.90903131282731,7.40092977446836,"Above"
320,0.76,10000,1555,95,1650,0.000725557017274647,0.264828311305246,955.33109605026,2.61734546863085,0.000109135347181887,0.0398344017213888,143.697033256908,0.39369050207372,6.64823117358503,"Above"
320,0.76,1e+05,1.56,95,96.56,6.42256781000399e-08,2.34423725065145e-05,10792368.4274735,29568.1326780095,3.03166072408184e-08,1.10655616428987e-05,5094348.62336969,13957.1195160813,2.11849820759515,"Above"
320,0.76,1e+05,15.6,95,110.6,6.42316187838861e-07,0.000234445408561184,1079137.02578805,2956.53979667958,8.95000786219963e-08,3.26675286970287e-05,150366.518049157,411.963063148374,7.17671087811759,"Above"
320,0.76,1e+05,156,95,251,6.42911063271933e-06,0.00234662538094256,107813.851737494,295.38041571916,8.48391343670285e-07,0.000309662840439654,14227.2148928867,38.9786709394157,7.57800121451724,"Above"
320,0.76,1e+05,1555,95,1650,6.46840171203575e-05,0.0236096662489305,10715.8956944527,29.3586183409664,8.61081252935572e-06,0.00314294657321484,1426.51265361845,3.90825384553,7.5119527802793,"Above"
330,0.56,3700,1.56,95,96.56,2.39207829732935e-06,0.000873108578525212,289767.764430543,793.884286111078,1.17507695028115e-06,0.00042890308685262,142344.59687084,389.98519690641,2.03567800113602,"Above"
330,0.56,3700,15.6,95,110.6,2.40061824618088e-05,0.00876225659856021,28873.6945852456,79.1060125623166,4.6900061565243e-06,0.00171185224713137,5640.95543228662,15.4546724172236,5.11858229192591,"Above"
330,0.56,3700,156,95,251,0.00024907498013033,0.0909123677475705,2782.88562021465,7.62434416497164,4.91506138372875e-05,0.0179399740506099,549.15405955644,1.50453167001764,5.0675863572099,"Above"
330,0.56,3700,1555,95,1650,0.00467978942162002,1.70812313889131,148.115036406915,0.405794620292918,0.0021135758447187,0.771455183322324,66.8945405412956,0.183272713811769,2.21415731700078,"Above"
330,0.56,10000,1.56,95,96.56,8.58845169509637e-07,0.000313478486871017,807068.846828005,2211.14752555618,4.19489063442515e-07,0.000153113508156518,394199.754168509,1079.99932648907,2.04736009673666,"Above"
330,0.56,10000,15.6,95,110.6,8.59942497950245e-06,0.0031387901175184,80603.8987737119,220.832599380033,1.61454012863059e-06,0.000589307146950165,15133.3640800905,41.4612714523028,5.32623799620036,"Above"
330,0.56,10000,156,95,251,8.71125534106976e-05,0.0317960819949046,7956.91497288639,21.7997670490038,1.60839095479213e-05,0.00587062698499129,1469.11433190397,4.02497077233963,5.4161305216962,"Above"
330,0.56,10000,1555,95,1650,0.00100588239776246,0.367147075183299,689.093657570525,1.88792782896034,0.000217041593940948,0.079220181788446,148.687347692333,0.40736259641735,4.63451442416213,"Above"
330,0.56,1e+05,1.56,95,96.56,8.45602125843779e-08,3.08644775932979e-05,8197084.17677276,22457.7648678706,4.12056505497128e-08,1.50400624506452e-05,3994386.67183625,10943.5251283185,2.05215089329459,"Above"
330,0.56,1e+05,15.6,95,110.6,8.45708328495018e-07,0.000308683539900682,819605.480051777,2245.49446589528,1.56080107991771e-07,5.69692394169965e-05,151262.684222085,414.418312937218,5.41842480362459,"Above"
330,0.56,1e+05,156,95,251,8.46772315063047e-06,0.00309071894998012,81857.5629162293,224.267295660902,1.5172904829498e-06,0.000553811026276677,14667.6620103022,40.185375370691,5.58081873298788,"Above"
330,0.56,1e+05,1555,95,1650,8.54824485821605e-05,0.0312010937324886,8108.64910934008,22.2154770118906,1.5508665454713e-05,0.00566066289097026,1471.11282388624,4.03044609283901,5.51191518262989,"Above"
330,0.76,3700,1.56,95,96.56,1.74038658768952e-06,0.000635241104506676,398271.961794502,1091.15605971096,8.25162414375709e-07,0.000301184281247134,188831.065406446,517.345384675194,2.10914428162151,"Above"
330,0.76,3700,15.6,95,110.6,1.74490099990424e-05,0.00636888864965048,39724.1551582574,108.833301803445,2.55814593444066e-06,0.000933723266070841,5823.83676912117,15.9557171756744,6.82095957236999,"Above"
330,0.76,3700,156,95,251,0.000179183403717644,0.06540194235694,3868.36708187664,10.5982659777442,2.56746633377101e-05,0.00937125211826418,554.286950873916,1.51859438595593,6.97899720673125,"Above"
330,0.76,3700,1555,95,1650,0.00257389597580149,0.939472031167543,269.298832228099,0.737805019803012,0.000563764238561509,0.205773947074951,58.9849211172189,0.161602523608819,4.56555382506879,"Above"
330,0.76,10000,1.56,95,96.56,6.2994858150465e-07,0.000229931232249197,1100323.42465847,3014.58472509171,2.97691398240462e-07,0.000108657360357769,519973.896950345,1424.58601904204,2.11611281087741,"Above"
330,0.76,10000,15.6,95,110.6,6.30538658817507e-06,0.0023014661046839,109929.370842995,301.176358473959,8.90565730746568e-07,0.000325056491722497,15526.3010612069,42.5378111265942,7.08020348244168,"Above"
330,0.76,10000,156,95,251,6.36521682990639e-05,0.0232330414291583,10889.6083053017,29.8345433021963,8.60056374520002e-06,0.00313920576699801,1471.3838175939,4.03118854135316,7.40092977446836,"Above"
330,0.76,10000,1555,95,1650,0.000703570440993597,0.256803210962663,985.18519280183,2.69913751452556,0.000105828215449103,0.0386272986389224,148.187565546186,0.405993330263524,6.64823117358503,"Above"
330,0.76,1e+05,1.56,95,96.56,6.22794454303417e-08,2.27319975820747e-05,11129629.940832,30492.1368241973,2.93979221729148e-08,1.07302415931139e-05,5253547.01784999,14393.2795009589,2.11849820759514,"Above"
330,0.76,1e+05,15.6,95,110.6,6.22852060934653e-07,0.000227341002241148,1112860.05784392,3048.93166532582,8.67879550273904e-08,3.16776035849975e-05,155065.471738193,424.836908871761,7.17671087811759,"Above"
330,0.76,1e+05,156,95,251,6.2342890983945e-06,0.00227551552091399,111183.03460429,304.611053710384,8.22682515074216e-07,0.000300279118002089,14671.8153582895,40.1967544062725,7.57800121451724,"Above"
330,0.76,1e+05,1555,95,1650,6.27238953894376e-05,0.0228942218171447,11050.7674349044,30.2760751641216,8.34987881634494e-06,0.0030477057679659,1471.09117404403,4.03038677820281,7.5119527802793,"Above"
340,0.56,3700,1.56,95,96.56,2.32172305329025e-06,0.00084742891445094,298548.605776923,817.941385690201,1.14051586350818e-06,0.000416288290180485,146658.069503289,401.802930145998,2.03567800113602,"Above"
340,0.56,3700,15.6,95,110.6,2.33001182717556e-05,0.00850454316919079,29748.6550272227,81.5031644581444,4.55206479897947e-06,0.00166150365162751,5811.89347568924,15.9229958238061,5.11858229192591,"Above"
340,0.56,3700,156,95,251,0.000241749245420615,0.0882384745785243,2867.21548749388,7.85538489724351,4.77050075479555e-05,0.0174123277550038,565.795091664211,1.55012353880606,5.0675863572099,"Above"
340,0.56,3700,1555,95,1650,0.00454214855627825,1.65788422304156,152.603370843488,0.418091426968461,0.00205141184928579,0.748765324989314,68.9216478304257,0.188826432412125,2.21415731700078,"Above"
340,0.56,10000,1.56,95,96.56,8.33585017465236e-07,0.000304258531374811,831525.478550066,2278.15199602758,4.07151149811853e-07,0.000148610169681326,406145.201264524,1112.72657880692,2.04736009673666,"Above"
340,0.56,10000,15.6,95,110.6,8.34650071539944e-06,0.0030464727611208,83046.4411607941,227.524496330943,1.5670536542591e-06,0.000571974583804572,15591.9508703963,42.7176736175241,5.32623799620036,"Above"
340,0.56,10000,156,95,251,8.45504194868536e-05,0.0308609031127015,8198.0336084284,22.4603660504888,1.56108533847472e-05,0.00569796148543272,1513.63294802227,4.14693958362265,5.4161305216962,"Above"
340,0.56,10000,1555,95,1650,0.000976297621357684,0.356348631795555,709.975283557511,1.94513776317126,0.000210658017648567,0.076890176441727,153.193024895131,0.419706917520906,4.63451442416213,"Above"
340,0.56,1e+05,1.56,95,96.56,8.20731475083668e-08,2.99566988405539e-05,8445480.666978,23138.3031972,3.99937196511919e-08,1.4597707672685e-05,4115428.69219492,11275.1471019039,2.05215089329459,"Above"
340,0.56,1e+05,15.6,95,110.6,8.20834554127518e-07,0.000299604612256544,844442.009750316,2313.53975274059,1.51489516580249e-07,5.52936735517907e-05,155846.401925784,426.976443632285,5.41842480362459,"Above"
340,0.56,1e+05,156,95,251,8.21867246972958e-06,0.0029998154514513,84338.095125812,231.063274317293,1.47266429227481e-06,0.000537522466680305,15112.136616675,41.4031140182877,5.58081873298788,"Above"
340,0.56,1e+05,1555,95,1650,8.29682589179794e-05,0.0302834145050625,8354.36574901705,22.8886732849782,1.50525282354568e-05,0.00549417280594173,1515.69200036764,4.15258082292504,5.51191518262989,"Above"
340,0.76,3700,1.56,95,96.56,1.68919874687513e-06,0.000616557542609421,410340.809121608,1124.22139485372,8.00892931599953e-07,0.000292325920033983,194553.218903611,533.022517544139,2.10914428162151,"Above"
340,0.76,3700,15.6,95,110.6,1.69358038226e-05,0.00618156839524899,40927.9174357803,112.131280645974,2.48290634813358e-06,0.000906260817068757,6000.31667121575,16.4392237567555,6.82095957237,"Above"
340,0.76,3700,156,95,251,0.000173913303608301,0.06347835581703,3985.59032678199,10.9194255528274,2.49195261807186e-05,0.00909562705596229,571.083525142822,1.56461239765157,6.97899720673125,"Above"
340,0.76,3700,1555,95,1650,0.0024981931529838,0.911840500839086,277.459402901678,0.760162747675831,0.000547182937427347,0.199721772160981,60.7723429692558,0.166499569778783,4.56555382506879,"Above"
340,0.76,10000,1.56,95,96.56,6.11420682048631e-07,0.00022316854894775,1133666.55873903,3105.93577736722,2.88935768880449e-07,0.000105461555641364,535730.681706416,1467.75529234635,2.11611281087741,"Above"
340,0.76,10000,15.6,95,110.6,6.11993404146404e-06,0.00223377592513438,113260.563898843,310.302914791352,8.64372621018728e-07,0.000315496006671836,15996.7950327586,43.826835706188,7.08020348244168,"Above"
340,0.76,10000,156,95,251,6.17800457020327e-05,0.0225497166812419,11219.5964357653,30.7386203719598,8.34760598798825e-06,0.00304687618561571,1515.97120600584,4.15334576987901,7.40092977446836,"Above"
340,0.76,10000,1555,95,1650,0.000682877192729079,0.249250175346114,1015.0392895534,2.78092956042028,0.00010271562087707,0.0374912016201306,152.678097835465,0.418296158453328,6.64823117358503,"Above"
340,0.76,1e+05,1.56,95,96.56,6.04476970353316e-08,2.2063409417896e-05,11466891.4541906,31416.1409703851,2.85332774031232e-08,1.041464625214e-05,5412745.4123303,14829.4394858364,2.11849820759514,"Above"
340,0.76,1e+05,15.6,95,110.6,6.04532882671869e-07,0.000220654502175232,1146583.0898998,3141.32353397206,8.42353681148201e-08,3.07459093619093e-05,159764.425427229,437.710754595148,7.17671087811759,"Above"
340,0.76,1e+05,156,95,251,6.05092765432408e-06,0.00220858859382829,114552.217471087,313.841691701608,7.9848597051321e-07,0.000291447379237322,15116.4158236922,41.4148378731293,7.57800121451723,"Above"
340,0.76,1e+05,1555,95,1650,6.08790749368071e-05,0.0222208623519346,11385.639175356,31.1935319872768,8.10429414527597e-06,0.00295806736302573,1515.6696944696,4.15251971087563,7.5119527802793,"Above"
350,0.56,3700,1.56,95,96.56,2.25538810891053e-06,0.000823216659752342,307329.447123304,841.998485269325,1.10792969597937e-06,0.000404394339032471,150971.542135739,413.620663385586,2.03567800113602,"Above"
350,0.56,3700,15.6,95,110.6,2.26344006068483e-05,0.00826155622149962,30623.6154691998,83.9003163539721,4.42200580472291e-06,0.00161403211872386,5982.83151909187,16.3913192303887,5.11858229192591,"Above"
350,0.56,3700,156,95,251,0.000234842124122883,0.0857173753048522,2951.54535477311,8.08642562951538,4.63420073322997e-05,0.0169148326762894,582.436123771982,1.59571540759447,5.0675863572099,"Above"
350,0.56,3700,1555,95,1650,0.00441237288324173,1.61051610238323,157.091705280062,0.430388233644004,0.00199280008216334,0.72737202998962,70.9487551195559,0.194380151012482,2.21415731700078,"Above"
350,0.56,10000,1.56,95,96.56,8.09768302680515e-07,0.000295565430478388,855982.110272127,2345.15646649898,3.95518259817228e-07,0.000144364164833288,418090.64836054,1145.45383112477,2.04736009673666,"Above"
350,0.56,10000,15.6,95,110.6,8.10802926638803e-06,0.00295943068223163,85488.9835478762,234.216393281853,1.52228069270884e-06,0.000555632452838727,16050.5376607021,43.9740757827454,5.32623799620036,"Above"
350,0.56,10000,156,95,251,8.21346932158006e-05,0.0299791630237672,8439.15224397042,23.1209650519737,1.51648290023258e-05,0.00553516258584893,1558.15156414057,4.26890839490567,5.4161305216962,"Above"
350,0.56,10000,1555,95,1650,0.000948403403604608,0.346167242315682,730.856909544496,2.00234769738218,0.000204639217144322,0.0746933142576776,157.698702097929,0.432051238624462,4.63451442416213,"Above"
350,0.56,1e+05,1.56,95,96.56,7.97282004366992e-08,2.91007931593952e-05,8693877.15718324,23818.8415265294,3.88510419468721e-08,1.41806303106083e-05,4236470.7125536,11606.7690754893,2.05215089329459,"Above"
350,0.56,1e+05,15.6,95,110.6,7.97382138295303e-07,0.000291044480477786,869278.539448855,2381.5850395859,1.47161244677956e-07,5.37138543074539e-05,160430.119629484,439.534574327353,5.41842480362459,"Above"
350,0.56,1e+05,156,95,251,7.98385325630873e-06,0.00291410643855269,86818.6273353947,237.859252973684,1.43058816963838e-06,0.00052216468191801,15556.6112230478,42.6208526658844,5.58081873298788,"Above"
350,0.56,1e+05,1555,95,1650,8.05977372346085e-05,0.0294181740906321,8600.08238869403,23.5618695580658,1.4622456000158e-05,0.00533719644005768,1560.27117684904,4.27471555301107,5.51191518262989,"Above"
350,0.76,3700,1.56,95,96.56,1.64093592553584e-06,0.00059894161282058,422409.656448714,1157.28672999648,7.78010276411383e-07,0.000283973750890155,200275.372400776,548.699650413084,2.10914428162151,"Above"
350,0.76,3700,15.6,95,110.6,1.64519237133828e-05,0.00600495215538474,42131.6797133033,115.429259488502,2.41196616675834e-06,0.000880367650866793,6176.79657331033,16.9227303378365,6.82095957237,"Above"
350,0.76,3700,156,95,251,0.000168944352076636,0.061664688507972,4102.81357168734,11.2405851279105,2.42075397184124e-05,0.00883575199722051,587.880099411729,1.6106304093472,6.97899720673125,"Above"
350,0.76,3700,1555,95,1650,0.00242681620575569,0.885787915100826,285.619973575257,0.782520475548649,0.000531549139215137,0.194015435813525,62.5597648212928,0.171396615948747,4.56555382506879,"Above"
350,0.76,10000,1.56,95,96.56,5.93951519704385e-07,0.0002167923046921,1167009.69281959,3197.28682964272,2.8068046119815e-07,0.000102448368337325,551487.466462487,1510.92456565065,2.11611281087741,"Above"
350,0.76,10000,15.6,95,110.6,5.9450787831365e-06,0.00216995375584482,116591.756954692,319.429471108745,8.39676260418193e-07,0.00030648183505264,16467.2890043103,45.1158602857818,7.08020348244168,"Above"
350,0.76,10000,156,95,251,6.00149015391174e-05,0.0219054390617779,11549.584566229,31.6426974417234,8.10910295976002e-06,0.00295982258031241,1560.55859441778,4.27550299840487,7.40092977446836,"Above"
350,0.76,10000,1555,95,1650,0.000663366415793963,0.242128741764796,1044.89338630497,2.86272160631499,9.9780888852011e-05,0.036420024430984,157.168630124743,0.430598986643131,6.64823117358503,"Above"
350,0.76,1e+05,1.56,95,96.56,5.87206199771793e-08,2.14330262916704e-05,11804152.9675491,32340.1451165729,2.77180409058911e-08,1.01170849306503e-05,5571943.8068106,15265.599470714,2.11849820759514,"Above"
350,0.76,1e+05,15.6,95,110.6,5.8726051459553e-07,0.000214350087827368,1180306.12195568,3233.71540261829,8.18286433115395e-08,2.98674548087119e-05,164463.379116265,450.584600318534,7.1767108781176,"Above"
350,0.76,1e+05,156,95,251,5.87804400705768e-06,0.00214548606257605,117921.400337884,323.072329692832,7.75672085641404e-07,0.000283120311259112,15561.0162890949,42.632921339986,7.57800121451724,"Above"
350,0.76,1e+05,1555,95,1650,5.91396727957554e-05,0.0215859805704507,11720.5109158077,32.110988810432,7.87274288398237e-06,0.00287355115265356,1560.24821489518,4.27465264354844,7.5119527802793,"Above"
360,0.56,3700,1.56,95,96.56,2.19273843921857e-06,0.000800349530314777,316110.288469684,866.055584848448,1.07715387109106e-06,0.000393161162948235,155285.014768189,425.438396625174,2.03567800113602,"Above"
360,0.56,3700,15.6,95,110.6,2.20056672566581e-05,0.00803206854868019,31498.575911177,86.2974682497999,4.29917231014727e-06,0.00156919789320376,6153.76956249449,16.8596426369712,5.11858229192591,"Above"
360,0.56,3700,156,95,251,0.000228318731786136,0.0833363371019397,3035.87522205234,8.31746636178724,4.50547293508469e-05,0.0164449762130591,599.077155879753,1.64130727638289,5.0675863572099,"Above"
360,0.56,3700,1555,95,1650,0.00428980696981835,1.5657795439837,161.580039716635,0.442685040319547,0.00193744452432547,0.707167251378797,72.9758624086861,0.199933869612839,2.21415731700078,"Above"
360,0.56,10000,1.56,95,96.56,7.87274738717167e-07,0.000287355279631766,880438.741994187,2412.16093697038,3.84531641488972e-07,0.000140354049143475,430036.095456555,1178.18108344262,2.04736009673666,"Above"
360,0.56,10000,15.6,95,110.6,7.88280623121058e-06,0.00287722427439186,87931.5259349584,240.908290232763,1.47999511791137e-06,0.000540198218037651,16509.1244510079,45.2304779479667,5.32623799620036,"Above"
360,0.56,10000,156,95,251,7.98531739598062e-05,0.0291464084953292,8680.27087951243,23.7815640534587,1.47435837522612e-05,0.00538140806957534,1602.67018025887,4.39087720618869,5.4161305216962,"Above"
360,0.56,10000,1555,95,1650,0.000922058864615591,0.336551485584691,751.738535531482,2.0595576315931,0.000198954794445869,0.0726184999727421,162.204379300726,0.444395559728018,4.63451442416213,"Above"
360,0.56,1e+05,1.56,95,96.56,7.75135282023464e-08,2.82924377938564e-05,8942273.64738847,24499.3798558588,3.77718463372368e-08,1.37867239130914e-05,4357512.73291227,11938.3910490747,2.05215089329459,"Above"
360,0.56,1e+05,15.6,95,110.6,7.75232634453767e-07,0.000282959911575625,894115.069147393,2449.63032643121,1.4307343232579e-07,5.22218027989135e-05,165013.837333183,452.09270502242,5.41842480362459,"Above"
360,0.56,1e+05,156,95,251,7.7620795547446e-06,0.00283315903748178,89299.1595449774,244.655231630075,1.39084960937065e-06,0.000507660107420288,16001.0858294206,43.8385913134811,5.58081873298788,"Above"
360,0.56,1e+05,1555,95,1650,7.83589112003138e-05,0.0286010025881146,8845.799028371,24.2350658311534,1.42162766668203e-05,0.00518894098338941,1604.85035333044,4.3968502830971,5.51191518262989,"Above"
360,0.76,3700,1.56,95,96.56,1.59535437204873e-06,0.000582304345797786,434478.50377582,1190.35206513923,7.563988798444e-07,0.000276085591143206,205997.525897941,564.37678328203,2.10914428162151,"Above"
360,0.76,3700,15.6,95,110.6,1.59949258324555e-05,0.00583814792884627,43335.4419908262,118.727238331031,2.3449671065706e-06,0.000855912993898271,6353.27647540491,17.4062369189176,6.82095957237,"Above"
360,0.76,3700,156,95,251,0.00016425145340784,0.0599517804938617,4220.0368165927,11.5617447029937,2.35351080595676e-05,0.00859031444174217,604.676673680635,1.65664842104284,6.97899720673125,"Above"
360,0.76,3700,1555,95,1650,0.0023594046444847,0.861182695236915,293.780544248836,0.804878203421468,0.00051678388534805,0.188626118152038,64.3471866733297,0.176293662118711,4.56555382506879,"Above"
360,0.76,10000,1.56,95,96.56,5.77452866379263e-07,0.000210770296228431,1200352.82690015,3288.63788191823,2.72883781720424e-07,9.96025803279546e-05,567244.251218558,1554.09383895495,2.11611281087741,"Above"
360,0.76,10000,15.6,95,110.6,5.77993770582715e-06,0.00210967726262691,119922.95001054,328.556027426137,8.16351919851021e-07,0.000297968450745623,16937.7829758621,46.4048848653755,7.08020348244168,"Above"
360,0.76,10000,156,95,251,5.83478209408086e-05,0.0212969546433951,11879.5726966927,32.5467745114869,7.88385009976668e-06,0.00287760528641484,1605.14598282971,4.39766022693072,7.40092977446836,"Above"
360,0.76,10000,1555,95,1650,0.000644939570910797,0.235402943382441,1074.74748305654,2.9445136522097,9.70091974950107e-05,0.0354083570856789,161.659162414021,0.442901814832935,6.64823117358503,"Above"
360,0.76,1e+05,1.56,95,96.56,5.70894916444799e-08,2.08376644502351e-05,12141414.4809077,33264.1492627607,2.69480953251719e-08,9.83605479368776e-06,5731142.2012909,15701.7594555915,2.11849820759515,"Above"
360,0.76,1e+05,15.6,95,110.6,5.70947722523432e-07,0.000208395918721053,1214029.15401155,3326.10727126453,7.95556254417745e-08,2.90378032862477e-05,169162.332805301,463.458446041921,7.17671087811759,"Above"
360,0.76,1e+05,156,95,251,5.71476500686163e-06,0.0020858892275045,121290.58320468,332.302967684055,7.54125638818032e-07,0.000275255858168582,16005.6167544976,43.8510048068427,7.57800121451723,"Above"
360,0.76,1e+05,1555,95,1650,5.74969041069845e-05,0.0209863699990493,12055.3826562593,33.0284456335872,7.65405558164953e-06,0.00279373028730208,1604.82673532076,4.39678557622125,7.5119527802793,"Above"
370,0.56,3700,1.56,95,96.56,2.13347523815861e-06,0.000778718461927891,324891.129816064,890.112684427572,1.04804160430481e-06,0.000382535185571256,159598.487400638,437.256129864762,2.03567800113602,"Above"
370,0.56,3700,15.6,95,110.6,2.14109194929646e-05,0.00781498561493208,32373.5363531541,88.6946201456277,4.18297846392708e-06,0.00152678713933338,6324.70760589712,17.3279660435537,5.11858229192591,"Above"
370,0.56,3700,156,95,251,0.000222147955251376,0.0810840036667521,3120.20508933158,8.54850709405911,4.38370339629862e-05,0.01600051739649,615.718187987524,1.6868991451713,5.0675863572099,"Above"
370,0.56,3700,1555,95,1650,0.00417386624090434,1.52346117793008,166.068374153208,0.45498184699509,0.00188508115880316,0.688054622963154,75.0029696978162,0.205487588213195,2.21415731700079,"Above"
370,0.56,10000,1.56,95,96.56,7.65997043076163e-07,0.000279588920722799,904895.373716248,2479.16540744178,3.74138894421702e-07,0.000136560696463921,441981.542552571,1210.90833576047,2.04736009673666,"Above"
370,0.56,10000,15.6,95,110.6,7.66975741415084e-06,0.00279946145616506,90374.0683220406,247.600187183673,1.43999524985971e-06,0.000525598266198796,16967.7112413136,46.486880113188,5.32623799620036,"Above"
370,0.56,10000,156,95,251,7.76949800690006e-05,0.0283586677251852,8921.38951505444,24.4421630549437,1.43451085157136e-05,0.00523596460823547,1647.18879637717,4.51284601747171,5.4161305216962,"Above"
370,0.56,10000,1555,95,1650,0.000897138354761115,0.327455499487807,772.620161518468,2.11676756580402,0.000193577637839224,0.0706558378113167,166.710056503524,0.456739880831574,4.63451442416213,"Above"
370,0.56,1e+05,1.56,95,96.56,7.54185679806614e-08,2.75277773129414e-05,9190670.1375937,25179.9181851882,3.67509856254195e-08,1.34141097532781e-05,4478554.75327095,12270.0130226601,2.05215089329459,"Above"
370,0.56,1e+05,15.6,95,110.6,7.54280401090151e-07,0.000275312346397905,918951.598845932,2517.67561327653,1.39206582803472e-07,5.08104027232672e-05,169597.555036883,464.650835717487,5.41842480362459,"Above"
370,0.56,1e+05,156,95,251,7.55229362083258e-06,0.00275658717160389,91779.6917545601,251.451210286466,1.35325907938766e-06,0.000493939563976496,16445.5604357934,45.0563299610778,5.58081873298788,"Above"
370,0.56,1e+05,1555,95,1650,7.62411027894945e-05,0.0278280025181655,9091.51566804797,24.908262104241,1.38320529731225e-05,0.0050486993351897,1649.42952981184,4.51898501318313,5.51191518262989,"Above"
370,0.76,3700,1.56,95,96.56,1.55223668631768e-06,0.000566566390505954,446547.351102926,1223.41740028199,7.35955666875632e-07,0.000268623818409606,211719.679395106,580.053916150975,2.10914428162151,"Above"
370,0.76,3700,15.6,95,110.6,1.55626305396865e-05,0.00568036014698556,44539.2042683492,122.025217173559,2.28158961720383e-06,0.000832780210279399,6529.75637749949,17.8897434999986,6.82095957236999,"Above"
370,0.76,3700,156,95,251,0.000159812224937358,0.0583314621021357,4337.26006149805,11.8829042780768,2.28990240579576e-05,0.00835814378115454,621.473247949542,1.70266643273847,6.97899720673125,"Above"
370,0.76,3700,1555,95,1650,0.00229563695139052,0.837907487257538,301.941114922415,0.827235931294286,0.000502816753311616,0.18352811495874,66.1346085253666,0.181190708288676,4.56555382506879,"Above"
370,0.76,10000,1.56,95,96.56,5.61846032152796e-07,0.000205073801735771,1233695.96098071,3379.98893419374,2.65508544376628e-07,9.69106186974694e-05,583001.035974629,1597.26311225926,2.11611281087741,"Above"
370,0.76,10000,15.6,95,110.6,5.62372317323723e-06,0.00205265895823159,123254.143066388,337.68258374353,7.94288354449642e-07,0.000289915249374119,17408.2769474138,47.6939094449693,7.08020348244168,"Above"
370,0.76,10000,156,95,251,5.67708528072733e-05,0.0207213612746547,12209.5608271564,33.4508515812504,7.67077307004326e-06,0.00279983217056579,1649.73337124165,4.51981745545657,7.40092977446837,"Above"
370,0.76,10000,1555,95,1650,0.000627508771696992,0.229040701669402,1104.60157980811,3.02630569810442,9.43873272924429e-05,0.0344513744617416,166.1496947033,0.455204643022739,6.64823117358503,"Above"
370,0.76,1e+05,1.56,95,96.56,5.55465324108453e-08,2.02744843299585e-05,12478675.9942662,34188.1534089485,2.62197684244916e-08,9.57021547493944e-06,5890340.5957712,16137.919440469,2.11849820759515,"Above"
370,0.76,1e+05,15.6,95,110.6,5.55516702995772e-07,0.000202763596593457,1247752.18606743,3418.49913991077,7.74054734028076e-08,2.82529977920248e-05,173861.286494337,476.332291765308,7.1767108781176,"Above"
370,0.76,1e+05,156,95,251,5.56031189856807e-06,0.00202951384297735,124659.766071477,341.533605675279,7.33743864795923e-07,0.000267816510650512,16450.2172199003,45.0690882736995,7.57800121451724,"Above"
370,0.76,1e+05,1555,95,1650,5.59429337257146e-05,0.0204191708098858,12390.254396711,33.9459024567424,7.44718921457792e-06,0.00271822406332094,1649.40525574633,4.51891850889406,7.5119527802793,"Above"
380,0.56,3700,1.56,95,96.56,2.07733115294391e-06,0.000758225870824526,333671.971162444,914.169784006695,1.02046156208626e-06,0.000372468470161486,163911.960033088,449.073863104351,2.03567800113602,"Above"
380,0.56,3700,15.6,95,110.6,2.08474742431497e-05,0.00760932809874965,33248.4967951313,91.0917720414555,4.07290008329742e-06,0.00148660853040356,6495.64564929974,17.7962894501363,5.11858229192591,"Above"
380,0.56,3700,156,95,251,0.000216301956428971,0.0789502140965744,3204.53495661081,8.77954782633098,4.26834278060655e-05,0.0155794511492139,632.359220095295,1.73249101395971,5.0675863572099,"Above"
380,0.56,3700,1555,95,1650,0.00406402765561738,1.48337009430034,170.556708589781,0.467278653670633,0.00183547375988729,0.66994792235886,77.0300769869464,0.211041306813552,2.21415731700078,"Above"
380,0.56,10000,1.56,95,96.56,7.45839226153106e-07,0.000272231317545884,929352.005438309,2546.16987791318,3.64293134042184e-07,0.000132966993925397,453926.989648586,1243.63558807832,2.04736009673666,"Above"
380,0.56,10000,15.6,95,110.6,7.46792169272582e-06,0.00272579141784492,92816.6107091228,254.292084134583,1.4021006380213e-06,0.000511766732877775,17426.2980316194,47.7432822784093,5.32623799620036,"Above"
380,0.56,10000,156,95,251,7.56503753303427e-05,0.0276123869955751,9162.50815059645,25.1027620564286,1.39676056600369e-05,0.00509817606591349,1691.70741249548,4.63481482875473,5.4161305216962,"Above"
380,0.56,10000,1555,95,1650,0.000873529450688454,0.318838249501286,793.501787505453,2.17397750001494,0.000188483489475034,0.0687964736583873,171.215733706322,0.46908420193513,4.63451442416213,"Above"
380,0.56,1e+05,1.56,95,96.56,7.34338688232755e-08,2.68033621204956e-05,9439066.62779894,25860.4565145176,3.57838544247506e-08,1.3061106865034e-05,4599596.77362962,12601.6349962455,2.05215089329459,"Above"
380,0.56,1e+05,15.6,95,110.6,7.34430916850937e-07,0.000268067284650592,943788.128544471,2585.72090012184,1.35543251677065e-07,4.94732868621286e-05,174181.272740582,477.208966412554,5.41842480362459,"Above"
380,0.56,1e+05,156,95,251,7.35354905186331e-06,0.00268404540393011,94260.2239641428,258.247188942857,1.31764699835114e-06,0.000480941154398167,16890.0350421662,46.2740686086745,5.58081873298788,"Above"
380,0.56,1e+05,1555,95,1650,7.42347579792447e-05,0.0270956866624243,9337.23230772494,25.5814583773286,1.34680515790929e-05,0.00491583882636891,1694.00870629324,4.64111974326916,5.51191518262989,"Above"
380,0.76,3700,1.56,95,96.56,1.51138835246722e-06,0.000551656748650534,458616.198430032,1256.48273542475,7.16588412484168e-07,0.000261554770556721,217441.832892271,595.73104901992,2.10914428162151,"Above"
380,0.76,3700,15.6,95,110.6,1.51530876307474e-05,0.00553087698522278,45742.9665458722,125.323196016088,2.22154778517215e-06,0.000810864941587835,6706.23627959408,18.3732500810797,6.82095957237,"Above"
380,0.76,3700,156,95,251,0.000155606640070585,0.0567964236257637,4454.4833064034,12.20406385316,2.22964181616956e-05,0.00813819262901889,638.269822218448,1.74868444443411,6.97899720673125,"Above"
380,0.76,3700,1555,95,1650,0.00223522545266971,0.815857290224445,310.101685595993,0.849593659167105,0.000489584733487626,0.178698427722983,67.9220303774036,0.18608775445864,4.56555382506879,"Above"
380,0.76,10000,1.56,95,96.56,5.47060610254038e-07,0.000199677122742724,1267039.09506127,3471.33998646924,2.58521477419349e-07,9.43603392580623e-05,598757.8207307,1640.43238556356,2.11611281087741,"Above"
380,0.76,10000,15.6,95,110.6,5.47573045815204e-06,0.00199864161722549,126585.336122237,346.809140060923,7.73386029332546e-07,0.000282285900706379,17878.7709189655,48.982934024563,7.08020348244168,"Above"
380,0.76,10000,156,95,251,5.52768829965555e-05,0.0201760622937428,12539.5489576201,34.3549286510139,7.46891062083159e-06,0.00272615237660353,1694.32075965359,4.64197468398243,7.40092977446836,"Above"
380,0.76,10000,1555,95,1650,0.000610995382968123,0.223013314783365,1134.45567655968,3.10809774399913,9.19034502584312e-05,0.0335447593443274,170.640226992578,0.467507471212543,6.64823117358503,"Above"
380,0.76,1e+05,1.56,95,96.56,5.40847815579283e-08,1.97409452686438e-05,12815937.5076248,35112.1575551363,2.55297745185839e-08,9.31836769928314e-06,6049538.99025151,16574.0794253466,2.11849820759514,"Above"
380,0.76,1e+05,15.6,95,110.6,5.4089784239062e-07,0.000197427712472576,1281475.21812331,3510.891008557,7.53684872606285e-08,2.75094978501294e-05,178560.240183373,489.206137488694,7.1767108781176,"Above"
380,0.76,1e+05,156,95,251,5.41398790123733e-06,0.00197610558395163,128028.948938274,350.764243666503,7.14434815722346e-07,0.000260768707738656,16894.817685303,46.2871717405562,7.57800121451723,"Above"
380,0.76,1e+05,1555,95,1650,5.44707512592484e-05,0.0198818242096257,12725.1261371626,34.8633592798976,7.25121055103639e-06,0.00264669185112828,1693.98377617191,4.64105144156688,7.5119527802793,"Above"
390,0.56,3700,1.56,95,96.56,2.02406625158637e-06,0.000738784181829025,342452.812508824,938.226883585819,9.94295881007129e-07,0.000362917996567602,168225.432665538,460.891596343939,2.03567800113602,"Above"
390,0.56,3700,15.6,95,110.6,2.03129236215305e-05,0.00741421712185864,34123.4572371084,93.4889239372832,3.96846674782825e-06,0.00144849036295731,6666.58369270237,18.2646128567188,5.11858229192591,"Above"
390,0.56,3700,156,95,251,0.000210755752417972,0.0769258496325597,3288.86482389004,9.01058855860285,4.15889809392433e-05,0.0151799780428238,649.000252203066,1.77808288274813,5.0675863572099,"Above"
390,0.56,3700,1555,95,1650,0.00395982181829386,1.44533496367726,175.045043026354,0.479575460346176,0.00178841033014659,0.652769770503505,79.0571842760766,0.216595025413908,2.21415731700079,"Above"
390,0.56,10000,1.56,95,96.56,7.26715143431231e-07,0.000265251027352399,953808.63716037,2613.17434838457,3.54952284451359e-07,0.000129557583824746,465872.436744602,1276.36284039617,2.04736009673666,"Above"
390,0.56,10000,15.6,95,110.6,7.27643652111746e-06,0.00265589933020787,95259.153096205,260.983981085493,1.3661493396105e-06,0.000498644508957832,17884.8848219252,48.9996844436306,5.32623799620036,"Above"
390,0.56,10000,156,95,251,7.37106221167441e-05,0.0269043770726116,9403.62678613846,25.7633610579136,1.36094619251642e-05,0.00496745360268493,1736.22602861378,4.75678364003775,5.4161305216962,"Above"
390,0.56,10000,1555,95,1650,0.000851131259645161,0.310662909770484,814.383413492439,2.23118743422586,0.000183650579488494,0.0670324615133004,175.72141090912,0.481428523038686,4.63451442416213,"Above"
390,0.56,1e+05,1.56,95,96.56,7.15509491098582e-08,2.61160964250982e-05,9687463.11800418,26540.9948438471,3.48663196959109e-08,1.27262066890075e-05,4720638.7939883,12933.2569698309,2.05215089329459,"Above"
390,0.56,1e+05,15.6,95,110.6,7.155993548804e-07,0.000261193764531346,968624.658243009,2653.76618696715,1.32067783685345e-07,4.82047410451509e-05,178764.990444282,489.767097107622,5.41842480362459,"Above"
390,0.56,1e+05,156,95,251,7.16499651207194e-06,0.00261522372690626,96740.7561737255,265.043167599248,1.2838611778806e-06,0.000468609329926419,17334.509648539,47.4918072562712,5.58081873298788,"Above"
390,0.56,1e+05,1555,95,1650,7.23313026464435e-05,0.0264009254659519,9582.94894740191,26.2546546504162,1.31227169232187e-05,0.00478979167697484,1738.58788277464,4.76325447335519,5.51191518262989,"Above"
390,0.76,3700,1.56,95,96.56,1.47263480496806e-06,0.000537511703813341,470685.045757139,1289.5480705675,6.982143506256e-07,0.000254848237978344,223163.986389436,611.408181888865,2.10914428162151,"Above"
390,0.76,3700,15.6,95,110.6,1.47645469222667e-05,0.00538905962662733,46946.7288233951,128.621174858617,2.16458502144979e-06,0.000790073532829173,6882.71618168866,18.8567566621607,6.82095957237,"Above"
390,0.76,3700,156,95,251,0.000151616726222622,0.0553401050712569,4571.70655130875,12.5252234282432,2.17247151319085e-05,0.00792952102314661,655.066396487355,1.79470245612974,6.97899720673125,"Above"
390,0.76,3700,1555,95,1650,0.00217791197952434,0.794937872526383,318.262256269572,0.871951387039924,0.000477031278782815,0.174116416755727,69.7094522294405,0.190984800628604,4.56555382506879,"Above"
390,0.76,10000,1.56,95,96.56,5.3303341511932e-07,0.000194557196518552,1300382.22914183,3562.69103874475,2.51892721588083e-07,9.19408433796504e-05,614514.605486771,1683.60165886787,2.11611281087741,"Above"
390,0.76,10000,15.6,95,110.6,5.33532711307122e-06,0.00194739439627099,129916.529178085,355.935696378315,7.53555618324019e-07,0.000275047800688267,18349.2648905172,50.2719586041568,7.08020348244168,"Above"
390,0.76,10000,156,95,251,5.38595270222849e-05,0.019658727363134,12869.5370880838,35.2590057207775,7.27740009209232e-06,0.0026562510336137,1738.90814806552,4.76413191250828,7.40092977446836,"Above"
390,0.76,10000,1555,95,1650,0.00059532883468689,0.217295024660715,1164.30977331125,3.18988978989385,8.9546951533856e-05,0.0326846373098575,175.130759281856,0.479810299402346,6.64823117358503,"Above"
390,0.76,1e+05,1.56,95,96.56,5.26979922872122e-08,1.92347671848324e-05,13153199.0209833,36036.1617013241,2.48751649155433e-08,9.07943519417332e-06,6208737.38473181,17010.2394102241,2.11849820759514,"Above"
390,0.76,1e+05,15.6,95,110.6,5.27028666944706e-07,0.000192365463434818,1315198.25017918,3603.28287720324,7.34359619462534e-08,2.68041261103825e-05,183259.19387241,502.079983212081,7.1767108781176,"Above"
390,0.76,1e+05,156,95,251,5.2751676986415e-06,0.00192543621000415,131398.13180507,359.994881657727,6.96115974293568e-07,0.000254082330617152,17339.4181507057,47.505255207413,7.57800121451724,"Above"
390,0.76,1e+05,1555,95,1650,5.30740653295241e-05,0.0193720338452763,13059.9978776143,35.7808161030528,7.06528207536879e-06,0.00257882795750961,1738.56229659749,4.76318437423969,7.5119527802793,"Above"
400,0.56,3700,1.56,95,96.56,1.97346459529671e-06,0.000720314577283299,351233.653855204,962.283983164943,9.6943848398195e-07,0.000353845046653412,172538.905297987,472.709329583527,2.03567800113602,"Above"
400,0.56,3700,15.6,95,110.6,1.98051005309923e-05,0.00722886169381217,34998.4176790855,95.886075833111,3.86925507913255e-06,0.00141227810388338,6837.52173610499,18.7329362633013,5.11858229192591,"Above"
400,0.56,3700,156,95,251,0.000205486858607522,0.0750027033917457,3373.19469116927,9.24162929087471,4.05492564157622e-05,0.0148004785917532,665.641284310837,1.82367475153654,5.0675863572099,"Above"
400,0.56,3700,1555,95,1650,0.00386082627283651,1.40920158958533,179.533377462928,0.491872267021719,0.00174370007189292,0.636450526240917,81.0842915652067,0.222148744014265,2.21415731700079,"Above"
400,0.56,10000,1.56,95,96.56,7.0854726484545e-07,0.000258619751668589,978265.26888243,2680.17881885597,3.46078477340075e-07,0.000126318644229127,477817.883840617,1309.09009271402,2.04736009673666,"Above"
400,0.56,10000,15.6,95,110.6,7.09452560808953e-06,0.00258950184695268,97701.6954832871,267.675878036403,1.33199560612024e-06,0.000486178396233886,18343.4716122309,50.2560866088519,5.32623799620036,"Above"
400,0.56,10000,156,95,251,7.18678565638255e-05,0.0262317676457963,9644.74542168047,26.4239600593986,1.32692253770351e-05,0.00484326726261781,1780.74464473208,4.87875245132077,5.4161305216962,"Above"
400,0.56,10000,1555,95,1650,0.000829852978154032,0.302896337026222,835.265039479424,2.28839736843678,0.000179059315001282,0.0653566499754679,180.227088111918,0.493772844142242,4.63451442416213,"Above"
400,0.56,1e+05,1.56,95,96.56,6.97621753821118e-08,2.54631940144708e-05,9935859.60820941,27221.5331731765,3.39946617035131e-08,1.24080515217823e-05,4841680.81434697,13264.8789434164,2.05215089329459,"Above"
400,0.56,1e+05,15.6,95,110.6,6.9770937100839e-07,0.000254663920418062,993461.187941548,2721.81147381246,1.28766089093211e-07,4.69996225190221e-05,183348.708147981,502.325227802689,5.41842480362459,"Above"
400,0.56,1e+05,156,95,251,6.98587159927014e-06,0.0025498431337336,99221.2883833082,271.839146255639,1.25176464843359e-06,0.000456894096678259,17778.9842549118,48.7095459038679,5.58081873298788,"Above"
400,0.56,1e+05,1555,95,1650,7.05230200802825e-05,0.0257409023293031,9828.66558707889,26.9278509235038,1.27946490001383e-05,0.00467004688505047,1783.16705925604,4.88538920344122,5.51191518262989,"Above"
400,0.76,3700,1.56,95,96.56,1.43581893484386e-06,0.000524073911218008,482753.893084245,1322.61340571026,6.8075899185996e-07,0.000248477032028885,228886.139886601,627.085314757811,2.10914428162151,"Above"
400,0.76,3700,15.6,95,110.6,1.439543324921e-05,0.00525433313596164,48150.4911009181,131.919153701145,2.11047039591354e-06,0.000770321694508444,7059.19608378324,19.3402632432417,6.82095957237,"Above"
400,0.76,3700,156,95,251,0.000147826308067056,0.0539566024444755,4688.92979621411,12.8463830033263,2.11815972536108e-05,0.00773128299756795,671.862970756262,1.84072046782537,6.97899720673125,"Above"
400,0.76,3700,1555,95,1650,0.00212346418003623,0.775064425713223,326.422826943151,0.894309114912742,0.000465105496813245,0.169763506336834,71.4968740814774,0.195881846798568,4.56555382506879,"Above"
400,0.76,10000,1.56,95,96.56,5.19707579741337e-07,0.000189693266605588,1333725.36322239,3654.04209102026,2.45595403548381e-07,8.96423222951592e-05,630271.390242842,1726.77093217217,2.11611281087741,"Above"
400,0.76,10000,15.6,95,110.6,5.20194393524444e-06,0.00189870953636422,133247.722233933,365.062252695708,7.34716727865919e-07,0.00026817160567106,18819.758862069,51.5609831837506,7.08020348244168,"Above"
400,0.76,10000,156,95,251,5.25130388467278e-05,0.0191672591790556,13199.5252185475,36.163082790541,7.09546508979001e-06,0.00258984475777335,1783.49553647746,4.88628914103413,7.40092977446836,"Above"
400,0.76,10000,1555,95,1650,0.000580445613819717,0.211862649044197,1194.16387006282,3.27168183578856,8.73082777455096e-05,0.031867521377111,179.621291571135,0.49211312759215,6.64823117358503,"Above"
400,0.76,1e+05,1.56,95,96.56,5.13805424800319e-08,1.87538980052116e-05,13490460.5343419,36960.1658475119,2.42532857926547e-08,8.85244931431898e-06,6367935.77921211,17446.3993951017,2.11849820759515,"Above"
400,0.76,1e+05,15.6,95,110.6,5.13852950271089e-07,0.000187556326848947,1348921.28223506,3695.67474584948,7.1600062897597e-08,2.61340229576229e-05,187958.147561446,514.953828935468,7.1767108781176,"Above"
400,0.76,1e+05,156,95,251,5.14328850617547e-06,0.00187730030475405,134767.314671867,369.22551964895,6.78713074936228e-07,0.000247730272351723,17784.0186161084,48.7233386742697,7.57800121451724,"Above"
400,0.76,1e+05,1555,95,1650,5.1747213696286e-05,0.0188877329991444,13394.8696180659,36.698272926208,6.88865002348457e-06,0.00251435725857187,1783.14081702306,4.8853173069125,7.5119527802793,"Above"
410,0.56,3700,1.56,95,96.56,1.9253313124846e-06,0.000702745929056878,360014.495201584,986.341082744066,9.4579364290922e-07,0.000345214679661865,176852.377930437,484.527062823115,2.03567800113602,"Above"
410,0.56,3700,15.6,95,110.6,1.9322049298529e-05,0.0070525479939631,35873.3781210627,98.2832277289388,3.77488300403175e-06,0.00137783229647159,7008.45977950761,19.2012596698839,5.11858229192591,"Above"
410,0.56,3700,156,95,251,0.000200474984007339,0.0731733691626787,3457.5245584485,9.47267002314658,3.95602501617192e-05,0.0144394913090275,682.282316418607,1.86926662032495,5.0675863572099,"Above"
410,0.56,3700,1555,95,1650,0.00376665977837709,1.37483081910764,184.021711899501,0.504169073697262,0.00170117080184676,0.620927342674066,83.1113988543369,0.227702462614622,2.21415731700079,"Above"
410,0.56,10000,1.56,95,96.56,6.91265624239464e-07,0.000252311952847404,1002721.90060449,2747.18328932737,3.37637538868366e-07,0.000123237701686953,489763.330936633,1341.81734503187,2.04736009673666,"Above"
410,0.56,10000,15.6,95,110.6,6.92148839813612e-06,0.00252634326531968,100144.237870369,274.367774987313,1.29950790840999e-06,0.000474320386569645,18802.0584025367,51.5124887740732,5.32623799620036,"Above"
410,0.56,10000,156,95,251,7.01149820134883e-05,0.0255919684349232,9885.86405722249,27.0845590608835,1.29455857336928e-05,0.00472513879279786,1825.26326085038,5.00072126260379,5.4161305216962,"Above"
410,0.56,10000,1555,95,1650,0.00080961266161369,0.295508621488997,856.14666546641,2.3456073026477,0.000174692014635397,0.0637625853419199,184.732765314716,0.506117165245798,4.63451442416213,"Above"
410,0.56,1e+05,1.56,95,96.56,6.80606589093773e-08,2.48421405019227e-05,10184256.0984146,27902.0715025059,3.31655236131835e-08,1.2105416118812e-05,4962722.83470564,13596.5009170018,2.05215089329459,"Above"
410,0.56,1e+05,15.6,95,110.6,6.80692069276478e-07,0.000248452605285914,1018297.71764009,2789.85676065777,1.25625452773865e-07,4.58532902624606e-05,187932.425851681,514.883358497756,5.41842480362459,"Above"
410,0.56,1e+05,156,95,251,6.81548448709282e-06,0.00248765183778888,101701.820592891,278.63512491203,1.22123380334984e-06,0.000445750338222692,18223.4588612846,49.9272845514646,5.58081873298788,"Above"
410,0.56,1e+05,1555,95,1650,6.88029464197878e-05,0.0251130754432225,10074.3822267559,27.6010471965914,1.24825843903788e-05,0.00455614330248826,1827.74623573745,5.00752393352725,5.51191518262989,"Above"
410,0.76,3700,1.56,95,96.56,1.40079896082327e-06,0.000511291620700495,494822.740411351,1355.67874085302,6.64155114009717e-07,0.000242416616613547,234608.293383766,642.762447626756,2.10914428162151,"Above"
410,0.76,3700,15.6,95,110.6,1.40443251211805e-05,0.00512617866923087,49354.253378441,135.217132543674,2.05899550820834e-06,0.000751533360496043,7235.67598587782,19.8237698243228,6.82095957236999,"Above"
410,0.76,3700,156,95,251,0.000144220788358104,0.0526405877507078,4806.15304111946,13.1675425784095,2.0664972930352e-05,0.00754271511957849,688.659545025168,1.88673847952101,6.97899720673125,"Above"
410,0.76,3700,1555,95,1650,0.00207167237076705,0.756160415329974,334.58339761673,0.916666842785561,0.000453761460305604,0.165622933011546,73.2842959335144,0.200778892968533,4.56555382506879,"Above"
410,0.76,10000,1.56,95,96.56,5.07031785113499e-07,0.000185066601566427,1367068.49730295,3745.39314329576,2.39605271754518e-07,8.74559241903992e-05,646028.174998914,1769.94020547648,2.11611281087741,"Above"
410,0.76,10000,15.6,95,110.6,5.07506725389701e-06,0.00185239954767241,136578.915289782,374.188809013101,7.16796807674067e-07,0.000261630834801035,19290.2528336207,52.8500077633444,7.08020348244168,"Above"
410,0.76,10000,156,95,251,5.12322330211978e-05,0.0186997650527372,13529.5133490111,37.0671598603045,6.92240496564879e-06,0.00252667781246181,1828.0829248894,5.00844636955999,7.40092977446836,"Above"
410,0.76,10000,1555,95,1650,0.000566288403726553,0.206695267360192,1224.0179668144,3.35347388168327,8.51788075565948e-05,0.0310902647581571,184.111823860413,0.504415955781954,6.64823117358503,"Above"
410,0.76,1e+05,1.56,95,96.56,5.01273585171043e-08,1.82964858587431e-05,13827722.0477004,37884.1699936997,2.36617422367363e-08,8.63653591640876e-06,6527134.17369242,17882.5593799792,2.11849820759515,"Above"
410,0.76,1e+05,15.6,95,110.6,5.01319951483989e-07,0.000182981782291656,1382644.31429094,3788.06661449571,6.98537199000947e-08,2.54966077635346e-05,192657.101250482,527.827674658854,7.17671087811759,"Above"
410,0.76,1e+05,156,95,251,5.01784244504924e-06,0.00183151249244297,138136.497538664,378.456157640174,6.62159097498759e-07,0.000241688070587047,18228.6190815112,49.9414221411264,7.57800121451724,"Above"
410,0.76,1e+05,1555,95,1650,5.0485086532962e-05,0.0184270565845311,13729.7413585176,37.6157297493632,6.72063416925324e-06,0.00245303147177743,1827.71933744864,5.00745023958531,7.5119527802793,"Above"
420,0.56,3700,1.56,95,96.56,1.87949009075877e-06,0.000686013883126952,368795.336547964,1010.39818232319,9.23274746649477e-07,0.000336995282527059,181165.850562887,496.344796062703,2.03567800113602,"Above"
420,0.56,3700,15.6,95,110.6,1.88620005057069e-05,0.00688463018458302,36748.3385630398,100.680379624767,3.68500483726909e-06,0.00134502676560322,7179.39782291024,19.6695830764664,5.11858229192591,"Above"
420,0.56,3700,156,95,251,0.000195701770102402,0.0714311460873769,3541.85442572773,9.70371075541845,3.8618339443583e-05,0.0140956938969078,698.923348526378,1.91485848911337,5.0675863572099,"Above"
420,0.56,3700,1555,95,1650,0.00367697740270144,1.34209675198603,188.510046336074,0.516465880372805,0.00166066673513612,0.606143358324683,85.138506143467,0.233256181214978,2.21415731700079,"Above"
420,0.56,10000,1.56,95,96.56,6.74806918900429e-07,0.000246304525398657,1027178.53232655,2814.18775979877,3.2959854984769e-07,0.000120303470694407,501708.778032648,1374.54459734972,2.04736009673666,"Above"
420,0.56,10000,15.6,95,110.6,6.75669105532336e-06,0.00246619223519303,102586.780257451,281.059671938223,1.26856724392403e-06,0.000463027044032272,19260.6451928425,52.7688909392945,5.32623799620036,"Above"
420,0.56,10000,156,95,251,6.84455776798338e-05,0.0249826358531394,10126.9826927645,27.7451580623685,1.26373575019382e-05,0.00461263548820744,1869.78187696868,5.12269007388681,5.4161305216962,"Above"
420,0.56,10000,1555,95,1650,0.000790336169670506,0.288472701929735,877.028291453396,2.40281723685862,0.000170532680953602,0.0622444285480647,189.238442517514,0.518461486349354,4.63451442416213,"Above"
420,0.56,1e+05,1.56,95,96.56,6.64401670305826e-08,2.42506609661627e-05,10432652.5886199,28582.6098318353,3.23758682890601e-08,1.18171919255069e-05,5083764.85506432,13928.1228905872,2.05215089329459,"Above"
420,0.56,1e+05,15.6,95,110.6,6.64485115246086e-07,0.000242537067064821,1043134.24733863,2857.90204750308,1.22634370564963e-07,4.47615452562116e-05,192516.14355538,527.441489192823,5.41842480362459,"Above"
420,0.56,1e+05,156,95,251,6.65321104692394e-06,0.00242842203212724,104182.352802474,285.431103568421,1.19215680803199e-06,0.000435137234931675,18667.9334676574,51.1450231990613,5.58081873298788,"Above"
420,0.56,1e+05,1555,95,1650,6.71647810288404e-05,0.0245151450755268,10320.0988664328,28.274243469679,1.21853800001317e-05,0.00444766370004806,1872.32541221885,5.12965866361328,5.51191518262989,"Above"
420,0.76,3700,1.56,95,96.56,1.3674466046132e-06,0.000499118010683817,506891.587738457,1388.74407599577,6.48341897009486e-07,0.000236644792408462,240330.446880931,658.439580495701,2.10914428162151,"Above"
420,0.76,3700,15.6,95,110.6,1.3709936427819e-05,0.00500412679615395,50558.015655964,138.515111386203,2.00997180563195e-06,0.000733639709055661,7412.1558879724,20.3072764054038,6.82095957237,"Above"
420,0.76,3700,156,95,251,0.000140786960063863,0.05138724042331,4923.37628602481,13.4887021534926,2.01729497653436e-05,0.00736312666435043,705.456119294074,1.93275649121664,6.97899720673125,"Above"
420,0.76,3700,1555,95,1650,0.00202234683812974,0.738156595917355,342.743968290308,0.939024570658379,0.000442957616012614,0.161679529844604,75.0717177855513,0.205675939138497,4.56555382506879,"Above"
420,0.76,10000,1.56,95,96.56,4.94959599753654e-07,0.000180660253910084,1400411.63138351,3836.74419557127,2.33900384331792e-07,8.5373640281104e-05,661784.959754985,1813.10947878078,2.11611281087741,"Above"
420,0.76,10000,15.6,95,110.6,4.95423231928042e-06,0.00180829479653735,139910.10834563,383.315365330493,6.99730217015161e-07,0.000255401529210534,19760.7468051724,54.1390323429381,7.08020348244168,"Above"
420,0.76,10000,156,95,251,5.00124179492645e-05,0.0182545325514816,13859.5014794748,37.971236930068,6.75758579980001e-06,0.002466518816927,1872.67031330133,5.13060359808584,7.40092977446836,"Above"
420,0.76,10000,1555,95,1650,0.000552805346494969,0.201773951470664,1253.87206356597,3.43526592757799,8.31507407100092e-05,0.0303500203591534,188.602356149692,0.516718783971758,6.64823117358503,"Above"
420,0.76,1e+05,1.56,95,96.56,4.89338499809827e-08,1.78608552430587e-05,14164983.561059,38808.1741398875,2.30983674215759e-08,8.43090410887522e-06,6686332.56817272,18318.7193648568,2.11849820759515,"Above"
420,0.76,1e+05,15.6,95,110.6,4.89383762162942e-07,0.000178625073189474,1416367.34634681,3880.45848314195,6.81905360929496e-08,2.48895456739266e-05,197356.054939518,540.701520382241,7.1767108781176,"Above"
420,0.76,1e+05,156,95,251,4.8983700058814e-06,0.00178790505214671,141505.68040546,387.686795631398,6.4639340470117e-07,0.000235933592715927,18673.2195469139,51.1595056079832,7.57800121451724,"Above"
420,0.76,1e+05,1555,95,1650,4.92830606631295e-05,0.0179883171420423,14064.6130989692,38.5331865725183,6.56061906998531e-06,0.00239462596054464,1872.29785787422,5.12958317225813,7.5119527802793,"Above"
430,0.56,3700,1.56,95,96.56,1.83578101888066e-06,0.000670060071891441,377576.177894344,1034.45528190231,9.01803240913442e-07,0.000329158182933406,185479.323195336,508.162529302292,2.03567800113602,"Above"
430,0.56,3700,15.6,95,110.6,1.84233493311556e-05,0.00672452250587179,37623.2990050169,103.077531520594,3.59930705035586e-06,0.00131374707337989,7350.33586631287,20.1379064830489,5.11858229192591,"Above"
430,0.56,3700,156,95,251,0.000191150566146532,0.0697699566434844,3626.18429300697,9.93475148769032,3.77202385262904e-05,0.013767887062096,715.56438063415,1.96045035790178,5.0675863572099,"Above"
430,0.56,3700,1555,95,1650,0.00359146630031304,1.31088519961426,192.998380772647,0.528762687048348,0.00162204657850505,0.592047001154342,87.1656134325973,0.238809899815335,2.21415731700078,"Above"
430,0.56,10000,1.56,95,96.56,6.59113734739954e-07,0.000240576513180083,1051635.16404861,2881.19223027017,3.21933467293093e-07,0.000117505715561979,513654.225128663,1407.27184966757,2.04736009673666,"Above"
430,0.56,10000,15.6,95,110.6,6.59955870519956e-06,0.00240883892739784,105029.322644534,287.751568889133,1.23906568011185e-06,0.000452258973240824,19719.2319831483,54.0252931045158,5.32623799620036,"Above"
430,0.56,10000,156,95,251,6.68538200593726e-05,0.024401644321671,10368.1013283065,28.4057570638535,1.23434654670094e-05,0.00450536489545843,1914.30049308699,5.24465888516983,5.4161305216962,"Above"
430,0.56,10000,1555,95,1650,0.000771956258747936,0.281764034442997,897.909917440381,2.46002717106954,0.000166566804652355,0.0607968836981097,193.744119720312,0.53080580745291,4.63451442416213,"Above"
430,0.56,1e+05,1.56,95,96.56,6.48950468670807e-08,2.36866921064845e-05,10681049.0788251,29263.1481611647,3.1622941119547e-08,1.15423735086347e-05,5204806.87542299,14259.7448641726,2.05215089329459,"Above"
430,0.56,1e+05,15.6,95,110.6,6.4903197303106e-07,0.000236896670156337,1067970.77703716,2925.9473343484,1.19782408458801e-07,4.37205790874625e-05,197099.86125908,539.99961988789,5.41842480362459,"Above"
430,0.56,1e+05,156,95,251,6.49848520862339e-06,0.00237194710114754,106662.885012056,292.227082224812,1.16443223110101e-06,0.000425017764351869,19112.4080740302,52.362761846658,5.58081873298788,"Above"
430,0.56,1e+05,1555,95,1650,6.56028093770069e-05,0.0239450254226075,10565.8155061098,28.9474397427666,1.19019990698961e-05,0.00434422966051206,1916.90458870025,5.25179339369931,5.51191518262989,"Above"
430,0.76,3700,1.56,95,96.56,1.33564552078498e-06,0.000487510615086519,518960.435065563,1421.80941113853,6.33264178474381e-07,0.000231141425143149,246052.600378096,674.116713364646,2.10914428162151,"Above"
430,0.76,3700,15.6,95,110.6,1.33911006969395e-05,0.00488775175438293,51761.7779334869,141.813090228731,1.96322827526841e-06,0.000716578320472971,7588.63579006698,20.7907829864849,6.82095957237,"Above"
430,0.76,3700,156,95,251,0.000137512844713541,0.0501921883204423,5040.59953093016,13.8098617285758,1.97038113987077e-05,0.00719189116052832,722.252693562981,1.97877450291228,6.97899720673125,"Above"
430,0.76,3700,1555,95,1650,0.00197531551631277,0.720990163454161,350.904538963887,0.961382298531198,0.000432656276105344,0.15791954077845,76.8591396375882,0.210572985308461,4.56555382506879,"Above"
430,0.76,10000,1.56,95,96.56,4.8344891138729e-07,0.000176458852656361,1433754.76546407,3928.09524784678,2.28460840510122e-07,8.33882067861946e-05,677541.744511056,1856.27875208508,2.11611281087741,"Above"
430,0.76,10000,15.6,95,110.6,4.83901761418087e-06,0.00176624142917602,143241.301401478,392.441921647886,6.83457421270622e-07,0.000249461958763777,20231.2407767241,55.4280569225319,7.08020348244168,"Above"
430,0.76,10000,156,95,251,4.88493384620723e-05,0.0178300085386564,14189.4896099385,38.8753139998315,6.60043264166513e-06,0.00240915791420777,1917.25770171327,5.2527608266117,7.40092977446837,"Above"
430,0.76,10000,1555,95,1650,0.000539949408204388,0.197081533994602,1283.72616031754,3.5170579734727,8.12170025539625e-05,0.0296442059321963,193.09288843897,0.529021612161562,6.64823117358503,"Above"
430,0.76,1e+05,1.56,95,96.56,4.77958534697971e-08,1.74454865164759e-05,14502245.0744175,39732.1782860753,2.25611960861905e-08,8.23483657145952e-06,6845530.96265302,18754.8793497343,2.11849820759515,"Above"
430,0.76,1e+05,15.6,95,110.6,4.78002744438222e-07,0.000174471001719951,1450090.37840269,3972.85035178819,6.66047096721833e-08,2.43107190303469e-05,202055.008628554,553.575366105628,7.17671087811759,"Above"
430,0.76,1e+05,156,95,251,4.78445442434927e-06,0.00174632586488748,144874.863272257,396.917433622622,6.31360999940678e-07,0.000230446764978347,19117.8200123166,52.3775890748399,7.57800121451723,"Above"
430,0.76,1e+05,1555,95,1650,4.81369429732893e-05,0.0175699841852506,14399.4848394208,39.4506433956736,6.40804653347402e-06,0.00233893698471802,1916.87637829979,5.25171610493094,7.5119527802793,"Above"
440,0.56,3700,1.56,95,96.56,1.79405872299701e-06,0.000654831433893909,386357.019240725,1058.51238148144,8.81307712710864e-07,0.000321677315139465,189792.795827786,519.98026254188,2.03567800113602,"Above"
440,0.56,3700,15.6,95,110.6,1.80046368463566e-05,0.00657169244892016,38498.2594469941,105.474683416422,3.51750461739322e-06,0.00128388918534853,7521.27390971549,20.6062298896315,5.11858229192591,"Above"
440,0.56,3700,156,95,251,0.000186806235097748,0.0681842758106779,3710.5141602862,10.1657922199622,3.68629603779656e-05,0.0134549805379575,732.20541274192,2.00604222669019,5.0675863572099,"Above"
440,0.56,3700,1555,95,1650,0.00350984206621501,1.28109235416848,197.48671520922,0.541059493723891,0.00158518188353902,0.578591387491743,89.1927207217274,0.244363618415692,2.21415731700078,"Above"
440,0.56,10000,1.56,95,96.56,6.44133877132228e-07,0.000235108865153263,1076091.79577067,2948.19670074157,3.14616797581886e-07,0.000114835131117388,525599.672224679,1439.99910198542,2.04736009673666,"Above"
440,0.56,10000,15.6,95,110.6,6.44956873462684e-06,0.0023540925881388,107471.865031616,294.443465840043,1.21090509647294e-06,0.000441980360212623,20177.818773454,55.2816952697371,5.32623799620036,"Above"
440,0.56,10000,156,95,251,6.53344150580232e-05,0.0238470614961785,10609.2199638485,29.0663560653384,1.2062932160941e-05,0.00440297023874346,1958.81910920529,5.36662769645285,5.4161305216962,"Above"
440,0.56,10000,1555,95,1650,0.000754411798321847,0.275360306387474,918.791543427367,2.51723710528046,0.000162781195455711,0.0594151363413345,198.24979692311,0.543150128556466,4.63451442416213,"Above"
440,0.56,1e+05,1.56,95,96.56,6.34201594382834e-08,2.31483581949735e-05,10929445.5690304,29943.6864904941,3.09042379122846e-08,1.12800468379839e-05,5325848.89578167,14591.366837758,2.05215089329459,"Above"
440,0.56,1e+05,15.6,95,110.6,6.34281246371263e-07,0.000231512654925511,1092807.3067357,2993.99262119371,1.17060080993828e-07,4.27269295627474e-05,201683.57896278,552.557750582958,5.41842480362459,"Above"
440,0.56,1e+05,156,95,251,6.35079236297285e-06,0.00231803921248509,109143.417221639,299.023060881203,1.13796786221235e-06,0.000415358269707508,19556.882680403,53.5805004942547,5.58081873298788,"Above"
440,0.56,1e+05,1555,95,1650,6.41118364366204e-05,0.0234008202993664,10811.5321457868,29.6206360158542,1.16314990910348e-05,0.0042454971682277,1961.48376518165,5.37392812378534,5.51191518262989,"Above"
440,0.76,3700,1.56,95,96.56,1.30528994076714e-06,0.000476430828380007,531029.282392669,1454.87474628129,6.18871810781782e-07,0.00022588821093535,251774.753875261,689.793846233592,2.10914428162151,"Above"
440,0.76,3700,15.6,95,110.6,1.30867574992818e-05,0.00477666648723786,52965.5402110099,145.11106907126,1.9186094508305e-06,0.000700292449553131,7765.11569216156,21.2742895675659,6.82095957237,"Above"
440,0.76,3700,156,95,251,0.000134387552788233,0.049051456767705,5157.82277583552,14.131021303659,1.92559975032826e-05,0.00702843908869814,739.049267831888,2.02479251460791,6.97899720673125,"Above"
440,0.76,3700,1555,95,1650,0.00193042198185112,0.704604023375657,359.065109637466,0.983740026404016,0.000422823178921131,0.154330460306213,78.6465614896252,0.215470031478425,4.56555382506879,"Above"
440,0.76,10000,1.56,95,96.56,4.72461436128488e-07,0.000172448424186898,1467097.89954463,4019.44630012228,2.23268548680347e-07,8.14930202683265e-05,693298.529267127,1899.44802538939,2.11611281087741,"Above"
440,0.76,10000,15.6,95,110.6,4.72903994113131e-06,0.00172609957851293,146572.494457327,401.568477965279,6.67924298059926e-07,0.000243792368791873,20701.7347482759,56.7170815021257,7.08020348244168,"Above"
440,0.76,10000,156,95,251,4.7739126224298e-05,0.0174247810718688,14519.4777404022,39.7793910695951,6.45042280890001e-06,0.0023544043252485,1961.84509012521,5.37491805513755,7.40092977446836,"Above"
440,0.76,10000,1555,95,1650,0.000527677830745198,0.192602408221997,1313.58025706911,3.59885001936742,7.9371161586827e-05,0.0289704739791918,197.583420728248,0.541324440351365,6.64823117358503,"Above"
440,0.76,1e+05,1.56,95,96.56,4.67095840727562e-08,1.7048998186556e-05,14839506.587776,40656.1824322631,2.20484416296861e-08,8.04768119483544e-06,7004729.35713333,19191.0393346119,2.11849820759514,"Above"
440,0.76,1e+05,15.6,95,110.6,4.6713904570099e-07,0.000170505751680861,1483813.41045857,4065.24222043443,6.50909662705428e-08,2.37582026887481e-05,206753.96231759,566.449211829015,7.17671087811759,"Above"
440,0.76,1e+05,156,95,251,4.67571682379588e-06,0.0017066366406855,148244.046139054,406.148071613845,6.17011886305662e-07,0.000225209338501567,19562.4204777193,53.5956725416967,7.57800121451724,"Above"
440,0.76,1e+05,1555,95,1650,4.70429215420782e-05,0.0171706663628585,14734.3565798725,40.3681002188288,6.2624091122587e-06,0.00228577932597443,1961.45489872537,5.37384903760375,7.5119527802793,"Above"
450,0.56,3700,1.56,95,96.56,1.75419075137485e-06,0.000640279624251822,395137.860587105,1082.56948106056,8.61723096872845e-07,0.000314528930358588,194106.268460236,531.797995781468,2.03567800113602,"Above"
450,0.56,3700,15.6,95,110.6,1.76045338053264e-05,0.00642565483894415,39373.2198889712,107.87183531225,3.43933784811782e-06,0.001255358314563,7692.21195311811,21.074553296214,5.11858229192591,"Above"
450,0.56,3700,156,95,251,0.000182654985428909,0.0666690696815517,3794.84402756543,10.3968329522341,3.60437834806775e-05,0.0131559809704473,748.846444849691,2.05163409547861,5.0675863572099,"Above"
450,0.56,3700,1555,95,1650,0.00343184557585468,1.25262363518696,201.975049645793,0.553356300399434,0.00154995561946038,0.565733801103038,91.2198280108576,0.249917337016048,2.21415731700078,"Above"
450,0.56,10000,1.56,95,96.56,6.29819790973734e-07,0.000229884223705413,1100548.42749273,3015.20117121297,3.07625313191178e-07,0.00011228323931478,537545.119320694,1472.72635430327,2.04736009673666,"Above"
450,0.56,10000,15.6,95,110.6,6.30624498496847e-06,0.00230177941951349,109914.407418698,301.135362790953,1.1839960943291e-06,0.000432158574430121,20636.4055637598,56.5380974349584,5.32623799620036,"Above"
450,0.56,10000,156,95,251,6.38825391678449e-05,0.0233171267962634,10850.3385993905,29.7269550668234,1.1794867001809e-05,0.00430512645566028,2003.33772532359,5.48859650773587,5.4161305216962,"Above"
450,0.56,10000,1555,95,1650,0.000737647091692473,0.269241188467753,939.673169414353,2.57444703949138,0.000159163835556695,0.0580947999781937,202.755474125908,0.555494449660022,4.63451442416213,"Above"
450,0.56,1e+05,1.56,95,96.56,6.20108225618771e-08,2.26339502350851e-05,11177842.0592356,30624.2248198235,3.02174770697894e-08,1.10293791304731e-05,5446890.91614034,14922.9888113434,2.05215089329459,"Above"
450,0.56,1e+05,15.6,95,110.6,6.20186107563013e-07,0.0002263679292605,1117643.83643424,3062.03790803902,1.14458745860632e-07,4.17774422391308e-05,206267.296666479,565.115881278025,5.41842480362459,"Above"
450,0.56,1e+05,156,95,251,6.20966364379568e-06,0.00226652722998542,111623.949431222,305.819039537594,1.11267968749652e-06,0.00040612808593623,20001.3572867758,54.7982391418514,5.58081873298788,"Above"
450,0.56,1e+05,1555,95,1650,6.26871289602511e-05,0.0228808020704916,11057.2487854637,30.2938322889418,1.13730213334562e-05,0.00415115278671153,2006.06294166305,5.49606285387137,5.51191518262989,"Above"
450,0.76,3700,1.56,95,96.56,1.27628349763898e-06,0.000465843476638229,543098.129719775,1487.94008142404,6.0511910387552e-07,0.000220868472914565,257496.907372426,705.470979102537,2.10914428162151,"Above"
450,0.76,3700,15.6,95,110.6,1.27959406659644e-05,0.00467051834307702,54169.3024885328,148.409047913789,1.87597368525648e-06,0.000684730395118617,7941.59559425614,21.757796148647,6.82095957236999,"Above"
450,0.76,3700,156,95,251,0.000131401162726272,0.0479614243950893,5275.04602074087,14.4521808787421,1.88280864476541e-05,0.00687225155339373,755.845842100794,2.07081052630355,6.97899720673125,"Above"
450,0.76,3700,1555,95,1650,0.00188752371558776,0.688946156189532,367.225680311045,1.00609775427683,0.00041342710827844,0.15090089452163,80.4339833416621,0.220367077648389,4.56555382506879,"Above"
450,0.76,10000,1.56,95,96.56,4.6196229310341e-07,0.000168616236982745,1500441.03362519,4110.79735239779,2.18307025376339e-07,7.96820642623637e-05,709055.314023198,1942.61729869369,2.11611281087741,"Above"
450,0.76,10000,15.6,95,110.6,4.62395016466172e-06,0.00168774181010153,149903.687513175,410.695034282671,6.53081535880817e-07,0.000238374760596498,21172.2287198276,58.0061060817194,7.08020348244168,"Above"
450,0.76,10000,156,95,251,4.66782567526469e-05,0.0170375637147161,14849.4658708659,40.6834681393586,6.30708007981335e-06,0.00230208422913187,2006.43247853714,5.4970752836634,7.40092977446836,"Above"
450,0.76,10000,1555,95,1650,0.000515951656728638,0.188322354705953,1343.43435382068,3.68064206526213,7.76073579960086e-05,0.0283266856685431,202.073953017527,0.553627268541169,6.64823117358503,"Above"
450,0.76,1e+05,1.56,95,96.56,4.56715933155839e-08,1.66701315601881e-05,15176768.1011346,41580.1865784509,2.15584762601376e-08,7.86884383495021e-06,7163927.75161363,19627.1993194894,2.11849820759515,"Above"
450,0.76,1e+05,15.6,95,110.6,4.56758178018746e-07,0.000166716734976842,1517536.44251444,4157.63408908066,6.36445003534196e-08,2.32302426289982e-05,211452.916006626,579.323057552401,7.17671087811759,"Above"
450,0.76,1e+05,156,95,251,4.5718120054893e-06,0.0016687113820036,151613.22900585,415.378709605069,6.03300511054425e-07,0.000220204686534865,20007.020943122,54.8137560085534,7.57800121451723,"Above"
450,0.76,1e+05,1555,95,1650,4.59975232855876e-05,0.0167890959992395,15069.2283203241,41.285557041984,6.12324446531962e-06,0.00223498422984166,2006.03341915095,5.49598197027656,7.5119527802793,"Above"
460,0.56,3700,1.56,95,96.56,1.71605616982323e-06,0.000626360501985478,403918.701933485,1106.62658063968,8.42989986071261e-07,0.00030769134491601,198419.741092685,543.615729021056,2.03567800113602,"Above"
460,0.56,3700,15.6,95,110.6,1.72218265486889e-05,0.00628596669027145,40248.1803309484,110.268987208078,3.3645696340283e-06,0.00122806791642033,7863.14999652074,21.5428767027965,5.11858229192591,"Above"
460,0.56,3700,156,95,251,0.000178684224876106,0.0652197420797789,3879.17389484466,10.6278736845059,3.5260222970228e-05,0.0128699813841332,765.487476957462,2.09722596426702,5.0675863572099,"Above"
460,0.56,3700,1555,95,1650,0.00335724023724914,1.22539268659594,206.463384082367,0.565653107074977,0.0015162609320808,0.553435240209493,93.2469352999877,0.255471055616405,2.21415731700079,"Above"
460,0.56,10000,1.56,95,96.56,6.16128056387348e-07,0.000224886740581382,1125005.0592148,3082.20564168437,3.00937806382674e-07,0.000109842299329676,549490.56641671,1505.45360662112,2.04736009673666,"Above"
460,0.56,10000,15.6,95,110.6,6.16915270268654e-06,0.00225174073648059,112356.94980578,307.827259741864,1.1582570488002e-06,0.000422763822812075,21094.9923540656,57.7944996001797,5.32623799620036,"Above"
460,0.56,10000,156,95,251,6.249378831637e-05,0.0228102327354751,11091.4572349325,30.3875540683083,1.15384568495957e-05,0.00421153675010244,2047.85634144189,5.61056531901888,5.4161305216962,"Above"
460,0.56,10000,1555,95,1650,0.000721611285351332,0.263388119153236,960.554795401338,2.6316569737023,0.000155703752175028,0.0568318695438852,207.261151328706,0.567838770763578,4.63451442416213,"Above"
460,0.56,1e+05,1.56,95,96.56,6.06627612018363e-08,2.21419078386703e-05,11426238.5494408,31304.7631491529,2.95605753943592e-08,1.07896100189411e-05,5567932.93649901,15254.6107849288,2.05215089329459,"Above"
460,0.56,1e+05,15.6,95,110.6,6.06703800876861e-07,0.000221446887320054,1142480.36613278,3130.08319488433,1.11970512254966e-07,4.08692369730627e-05,210851.014370179,577.674011973092,5.41842480362459,"Above"
460,0.56,1e+05,156,95,251,6.07467095588708e-06,0.00221725489889878,114104.481640804,312.615018193985,1.0884909986379e-06,0.000397299214502834,20445.8318931486,56.0159777894481,5.58081873298788,"Above"
460,0.56,1e+05,1555,95,1650,6.13243652872021e-05,0.0223833933298288,11302.9654251407,30.9670285620294,1.11257817392507e-05,0.00406091033482649,2050.64211814445,5.6181975839574,5.51191518262989,"Above"
460,0.76,3700,1.56,95,96.56,1.24853820421205e-06,0.000455716444537398,555166.977046881,1521.0054165668,5.91964340747791e-07,0.000216066984372944,263219.060869591,721.148111971482,2.10914428162151,"Above"
460,0.76,3700,15.6,95,110.6,1.25177680427913e-05,0.00456898533561882,55373.0647660558,151.707026756317,1.83519164862047e-06,0.000669844951746473,8118.07549635072,22.241302729728,6.82095957237,"Above"
460,0.76,3700,156,95,251,0.000128544615710484,0.0469187847343265,5392.26926564622,14.7733404538253,1.84187802205311e-05,0.00672285478049387,772.642416369701,2.11682853799918,6.97899720673125,"Above"
460,0.76,3700,1555,95,1650,0.00184649059133585,0.673969065837585,375.386250984623,1.02845548214965,0.0004044395624463,0.147620440292899,82.221405193699,0.225264123818354,4.56555382506879,"Above"
460,0.76,10000,1.56,95,96.56,4.51919634557684e-07,0.000164950666613555,1533784.16770575,4202.1484046733,2.13561220476853e-07,7.79498454740514e-05,724812.098779269,1985.786571998,2.11611281087741,"Above"
460,0.76,10000,15.6,95,110.6,4.52342950890821e-06,0.0016510517707515,153234.880569023,419.821590600064,6.38884111187755e-07,0.000233192700583531,21642.7226913793,59.2951306613132,7.08020348244168,"Above"
460,0.76,10000,156,95,251,4.56635120406328e-05,0.016667181894831,15179.4540013296,41.5875452091221,6.16996964329566e-06,0.00225203891980292,2051.01986694908,5.61923251218926,7.40092977446836,"Above"
460,0.76,10000,1555,95,1650,0.000504735316364972,0.184228390473215,1373.28845057225,3.76243411115684,7.59202415178345e-05,0.0277108881540096,206.564485306805,0.565930096730973,6.64823117358503,"Above"
460,0.76,1e+05,1.56,95,96.56,4.46787325913321e-08,1.63077373958362e-05,15514029.6144931,42504.1907246387,2.10898137327433e-08,7.69778201245129e-06,7323126.14609393,20063.3593043669,2.11849820759514,"Above"
460,0.76,1e+05,15.6,95,110.6,4.46828652409642e-07,0.000163092458129519,1551259.47457032,4250.0259577269,6.226092425878e-08,2.27252373544547e-05,216151.869695663,592.196903275788,7.1767108781176,"Above"
460,0.76,1e+05,156,95,251,4.47242478797867e-06,0.00163243504761221,154982.411872647,424.609347596293,5.90185282553242e-07,0.000215417628131933,20451.6214085247,56.0318394754102,7.57800121451724,"Above"
460,0.76,1e+05,1555,95,1650,4.49975771272052e-05,0.0164241156514299,15404.1000607758,42.2030138651391,5.99013045520398e-06,0.00218639761614945,2050.61193957652,5.61811490294938,7.5119527802793,"Above"
470,0.56,3700,1.56,95,96.56,1.67954433642273e-06,0.000613033682794297,412699.543279865,1130.68368021881,8.25054028920809e-07,0.000301144720556095,202733.213725135,555.433462260644,2.03567800113602,"Above"
470,0.56,3700,15.6,95,110.6,1.68554047072274e-05,0.00615222271813802,41123.1407729255,112.666139103905,3.29298304607025e-06,0.00120193881181564,8034.08803992336,22.0112001093791,5.11858229192591,"Above"
470,0.56,3700,156,95,251,0.000174882432857466,0.0638320879929751,3963.50376212389,10.8589144167778,3.45100054602232e-05,0.0125961519929815,782.128509065233,2.14281783305543,5.0675863572099,"Above"
470,0.56,3700,1555,95,1650,0.00328580959390342,1.19932050177475,210.95171851894,0.57794991375052,0.00148400006118547,0.541660022332696,95.2740425891179,0.261024774216761,2.21415731700078,"Above"
470,0.56,10000,1.56,95,96.56,6.03018948804639e-07,0.000220101916313693,1149461.69093686,3149.21011215577,2.94534874331979e-07,0.000107505229131172,561436.013512725,1538.18085893897,2.04736009673666,"Above"
470,0.56,10000,15.6,95,110.6,6.03789413454428e-06,0.00220383135910866,114799.492192862,314.519156692774,1.13361328180446e-06,0.000413768847858626,21553.5791443714,59.050901765401,5.32623799620036,"Above"
470,0.56,10000,156,95,251,6.1164133245809e-05,0.0223249086347203,11332.5758704746,31.0481530697933,1.12929577676894e-05,0.00412192958520665,2092.37495756019,5.7325341303019,5.4161305216962,"Above"
470,0.56,10000,1555,95,1650,0.000706257853748112,0.257784116618061,981.436421388324,2.68886690791322,0.00015239090638407,0.0556226808301855,211.766828531504,0.580183091867134,4.63451442416213,"Above"
470,0.56,1e+05,1.56,95,96.56,5.93720641549887e-08,2.16708034165709e-05,11674635.0396461,31985.3014784824,2.89316269817133e-08,1.05600438483253e-05,5688974.95685769,15586.2327585142,2.05215089329459,"Above"
470,0.56,1e+05,15.6,95,110.6,5.93795209368842e-07,0.000216735251419627,1167316.89583132,3198.12848172964,1.09588160930393e-07,3.99996787395933e-05,215434.732073878,590.232142668159,5.41842480362459,"Above"
470,0.56,1e+05,156,95,251,5.94542263767672e-06,0.002170079262752,116585.013850387,319.410996850376,1.06533161568816e-06,0.000388846039726178,20890.3064995214,57.2337164370448,5.58081873298788,"Above"
470,0.56,1e+05,1555,95,1650,6.00195915576872e-05,0.0219071509185558,11548.6820648177,31.640224835117,1.08890629788411e-05,0.00397450798727699,2095.22129462585,5.74033231404343,5.51191518262989,"Above"
470,0.76,3700,1.56,95,96.56,1.22197356156924e-06,0.000446020349972773,567235.824373988,1554.07075170955,5.79369354774434e-07,0.000211469814492668,268941.214366756,736.825244840427,2.10914428162151,"Above"
470,0.76,3700,15.6,95,110.6,1.22514325525191e-05,0.00447177288166948,56576.8270435787,155.005005598846,1.79614501779876e-06,0.000655592931496548,8294.5553984453,22.724809310809,6.82095957237,"Above"
470,0.76,3700,156,95,251,0.000125809623886856,0.0459205127187025,5509.49251055157,15.0945000289084,1.80268912796688e-05,0.0065798153170791,789.438990638607,2.16284654969481,6.97899720673125,"Above"
470,0.76,3700,1555,95,1650,0.00180720355747764,0.659629298479339,383.546821658202,1.05081321002247,0.000395834465372974,0.144479579861136,84.008827045736,0.230161169988318,4.56555382506879,"Above"
470,0.76,10000,1.56,95,96.56,4.42304323184116e-07,0.000161441077962202,1567127.30178631,4293.4994569488,2.09017364722027e-07,7.62913381235397e-05,740568.88353534,2028.9558453023,2.11611281087741,"Above"
470,0.76,10000,15.6,95,110.6,4.42718632786761e-06,0.00161592300967168,156566.073624872,428.948146917457,6.25290832226314e-07,0.000228231153762605,22113.216662931,60.5841552409069,7.08020348244168,"Above"
470,0.76,10000,156,95,251,4.46919479546619e-05,0.0163125610034516,15509.4421317933,42.4916222788857,6.03869369343831e-06,0.00220412319810498,2095.60725536101,5.74138974071511,7.40092977446836,"Above"
470,0.76,10000,1555,95,1650,0.00049399626708061,0.180308637484423,1403.14254732382,3.84422615705156,7.4304917230221e-05,0.0271212947890307,211.055017596083,0.578232924920776,6.64823117358503,"Above"
470,0.76,1e+05,1.56,95,96.56,4.37281212596016e-08,1.59607642597546e-05,15851291.1278517,43428.1948708265,2.06410942916211e-08,7.53399941644169e-06,7482324.54057423,20499.5192892445,2.11849820759515,"Above"
470,0.76,1e+05,15.6,95,110.6,4.37321659805182e-07,0.000159622405828891,1584982.5066262,4342.41782637314,6.09362237426358e-08,2.22417216660621e-05,220850.823384699,605.070748999175,7.17671087811759,"Above"
470,0.76,1e+05,156,95,251,4.37726681376635e-06,0.00159770238702472,158351.594739444,433.839985587517,5.77628148881897e-07,0.000210834274341892,20896.2218739274,57.2499229422669,7.57800121451724,"Above"
470,0.76,1e+05,1555,95,1650,4.40401818691796e-05,0.0160746663822505,15738.9718012274,43.1204706882943,5.8626808710507e-06,0.00213987851793351,2095.1904600021,5.74024783562219,7.5119527802793,"Above"
480,0.56,3700,1.56,95,96.56,1.64455382941393e-06,0.000600262147736083,421480.384626245,1154.74077979793,8.07865403318292e-07,0.000294870872211177,207046.686357585,567.251195500232,2.03567800113602,"Above"
480,0.56,3700,15.6,95,110.6,1.65042504424935e-05,0.00602405141151014,41998.1012149026,115.063290999733,3.22437923261046e-06,0.00117689841990282,8205.02608332599,22.4795235159616,5.11858229192591,"Above"
480,0.56,3700,156,95,251,0.000171239048839602,0.0625022528264547,4047.83362940312,11.0899551490497,3.37910470131352e-05,0.0123337321597943,798.769541173004,2.18840970184385,5.0675863572099,"Above"
480,0.56,3700,1555,95,1650,0.00321735522736376,1.17433465798777,215.440052955513,0.590246720426063,0.0014530833932441,0.530375438534098,97.3011498782481,0.266578492817118,2.21415731700078,"Above"
480,0.56,10000,1.56,95,96.56,5.90456054037875e-07,0.000215516459723825,1173918.32265892,3216.21458262717,2.88398731116729e-07,0.000105265536857606,573381.460608741,1570.90811125682,2.04736009673666,"Above"
480,0.56,10000,15.6,95,110.6,5.91210467340794e-06,0.0021579182057939,117242.034579945,321.211053643684,1.10999633843353e-06,0.000405148663528238,22012.1659346771,60.3073039306223,5.32623799620036,"Above"
480,0.56,10000,156,95,251,5.98898804698546e-05,0.0218598063714969,11573.6945060166,31.7087520712783,1.10576878141959e-05,0.00403605605218151,2136.8935736785,5.85450294158492,5.4161305216962,"Above"
480,0.56,10000,1555,95,1650,0.000691544148461693,0.252413614188518,1002.31804737531,2.74607684212414,0.000149216095834402,0.0544638749795566,216.272505734302,0.59252741297069,4.63451442416213,"Above"
480,0.56,1e+05,1.56,95,96.56,5.81351461517598e-08,2.12193283453923e-05,11923031.5298513,32665.8398078118,2.83288847529276e-08,1.03400429348186e-05,5810016.97721636,15917.8547320996,2.05215089329459,"Above"
480,0.56,1e+05,15.6,95,110.6,5.81424475840325e-07,0.000212219933681719,1192153.42552986,3266.17376857495,1.07305074244343e-07,3.91663520991851e-05,220018.449777578,602.790273363227,5.41842480362459,"Above"
480,0.56,1e+05,156,95,251,5.82155966605845e-06,0.00212486927811133,119065.54605997,326.206975506767,1.04313720702799e-06,0.000380745080565216,21334.7811058941,58.4514550846415,5.58081873298788,"Above"
480,0.56,1e+05,1555,95,1650,5.87691834002354e-05,0.0214507519410859,11794.3987044947,32.3134211082046,1.06622075001152e-05,0.00389170573754206,2139.80047110725,5.86246704412946,5.51191518262989,"Above"
480,0.76,3700,1.56,95,96.56,1.19651577903655e-06,0.00043672825934834,579304.671701094,1587.13608685231,5.672991598833e-07,0.000207064193357404,274663.367863921,752.502377709373,2.10914428162151,"Above"
480,0.76,3700,15.6,95,110.6,1.19961943743417e-05,0.0043786109466347,57780.5893211017,158.302984441374,1.75872532992795e-06,0.000641934745423703,8471.03530053989,23.2083158918901,6.82095957237,"Above"
480,0.76,3700,156,95,251,0.00012318859005588,0.0449638353703962,5626.71575545693,15.4156596039916,1.76513310446757e-05,0.00644273583130662,806.235564907514,2.20886456139045,6.97899720673125,"Above"
480,0.76,3700,1555,95,1650,0.00176955348336352,0.645887021427686,391.707392331781,1.07317093789529,0.000387587914011037,0.141469588614029,85.7962488977729,0.235058216158282,4.56555382506879,"Above"
480,0.76,10000,1.56,95,96.56,4.33089649784447e-07,0.000158077722171323,1600470.43586687,4384.85050922431,2.04662836290318e-07,7.4701935245966e-05,756325.668291411,2072.12511860661,2.11611281087741,"Above"
480,0.76,10000,15.6,95,110.6,4.33495327937036e-06,0.00158225794697018,159897.26668072,438.07470323485,6.12263939888266e-07,0.000223476338059217,22583.7106344828,61.8731798205007,7.08020348244168,"Above"
480,0.76,10000,156,95,251,4.37608657056065e-05,0.0159727159825464,15839.430262257,43.3956993486492,5.91288757482501e-06,0.00215820396481113,2140.19464377295,5.86354696924096,7.40092977446836,"Above"
480,0.76,10000,1555,95,1650,0.000483704678183098,0.176552207536831,1432.99664407539,3.92601820294627,7.2756898121258e-05,0.0265562678142592,215.545549885362,0.59053575311058,6.64823117358503,"Above"
480,0.76,1e+05,1.56,95,96.56,4.28171187333599e-08,1.56282483376764e-05,16188552.6412102,44352.1990170143,2.0211071493879e-08,7.37704109526582e-06,7641522.93505454,20935.679274122,2.11849820759514,"Above"
480,0.76,1e+05,15.6,95,110.6,4.28210791892574e-07,0.00015629693904079,1618705.53868207,4434.80969501937,5.96667190813309e-08,2.17783524646858e-05,225549.777073735,617.944594722561,7.17671087811759,"Above"
480,0.76,1e+05,156,95,251,4.28607375514622e-06,0.00156441692062837,161720.77760624,443.07062357874,5.65594229113524e-07,0.000206441893626436,21340.8223393301,58.4680064091237,7.57800121451723,"Above"
480,0.76,1e+05,1555,95,1650,4.31226780802383e-05,0.015739777499287,16073.8435416791,44.0379275114495,5.74054168623714e-06,0.00209529771547656,2139.76898042768,5.862380768295,7.5119527802793,"Above"
490,0.56,3700,1.56,95,96.56,1.61099150636466e-06,0.000588011899823102,430261.225972625,1178.79787937705,7.9137835427098e-07,0.000288853099308908,211360.158990034,579.06892873982,2.03567800113602,"Above"
490,0.56,3700,15.6,95,110.6,1.61674290048916e-05,0.00590111158678545,42873.0616568798,117.460442895561,3.15857557480208e-06,0.00115288008480276,8375.96412672861,22.9478469225441,5.11858229192591,"Above"
490,0.56,3700,156,95,251,0.000167744374373488,0.061226696646323,4132.16349668236,11.3209958813215,3.31014338087855e-05,0.0120820233402067,815.410573280775,2.23400157063226,5.0675863572099,"Above"
490,0.56,3700,1555,95,1650,0.00315169491660124,1.15036864455945,219.928387392086,0.602543527101606,0.00142342863011667,0.519551449992586,99.3282571673783,0.272132211417475,2.21415731700078,"Above"
490,0.56,10000,1.56,95,96.56,5.78405930486082e-07,0.00021111816462742,1198374.95438098,3283.21905309857,2.82513042726592e-07,0.000103117260595206,585326.907704756,1603.63536357467,2.04736009673666,"Above"
490,0.56,10000,15.6,95,110.6,5.79144947599145e-06,0.00211387905873688,119684.576967027,327.902950594594,1.08734335193489e-06,0.000396880323456233,22470.7527249829,61.5637060958436,5.32623799620036,"Above"
490,0.56,10000,156,95,251,5.86676380112861e-05,0.0214136878741194,11814.8131415586,32.3693510727632,1.0832020715947e-05,0.00395368756132066,2181.4121897968,5.97647175286794,5.4161305216962,"Above"
490,0.56,10000,1555,95,1650,0.00067743100257472,0.247262315939773,1023.19967336229,2.80328677633505,0.000146170869388802,0.0533523673269126,220.7781829371,0.604871734074246,4.63451442416213,"Above"
490,0.56,1e+05,1.56,95,96.56,5.69487145976423e-08,2.07862808281394e-05,12171428.0200565,33346.3781371412,2.77507442477658e-08,1.01290216504345e-05,5931058.99757504,16249.476705685,2.05215089329459,"Above"
490,0.56,1e+05,15.6,95,110.6,5.69558670210931e-07,0.00020788891462699,1216989.9552284,3334.21905542026,1.05115174769968e-07,3.83670387910385e-05,224602.167481277,615.348404058294,5.41842480362459,"Above"
490,0.56,1e+05,156,95,251,5.70275232593481e-06,0.00208150459896621,121546.078269553,333.002954163158,1.02184869259885e-06,0.000372974772798579,21779.2557122669,59.6691937322382,5.58081873298788,"Above"
490,0.56,1e+05,1555,95,1650,5.75698123104347e-05,0.0210129814933086,12040.1153441716,32.9866173812921,1.04446114286843e-05,0.00381228317146977,2184.37964758866,5.98460177421549,5.51191518262989,"Above"
490,0.76,3700,1.56,95,96.56,1.17209708966845e-06,0.000427815437728986,591373.5190282,1620.20142199507,5.5572162600813e-07,0.000202838393492968,280385.521361086,768.179510578318,2.10914428162151,"Above"
490,0.76,3700,15.6,95,110.6,1.17513740809877e-05,0.00428925153956053,58984.3515986246,161.600963283903,1.72283297625595e-06,0.000628834036333423,8647.51520263446,23.6918224729711,6.82095957237,"Above"
490,0.76,3700,156,95,251,0.000120674537197597,0.0440462060771229,5743.93900036228,15.7368191790747,1.7291099798866e-05,0.00631125142658608,823.03213917642,2.25488257308608,6.97899720673125,"Above"
490,0.76,3700,1555,95,1650,0.00173344014696835,0.632705653643448,399.86796300536,1.09552866576811,0.00037967795658224,0.138582454152518,87.5836707498099,0.239955262328246,4.56555382506879,"Above"
490,0.76,10000,1.56,95,96.56,4.24251085503132e-07,0.000154851646208643,1633813.56994743,4476.20156149981,2.00486043712964e-07,7.3177405955232e-05,772082.453047482,2115.29439191091,2.11611281087741,"Above"
490,0.76,10000,15.6,95,110.6,4.2464848450975e-06,0.00154996696846059,163228.459736568,447.201259552242,5.99768757441566e-07,0.000218915596466172,23054.2046060345,63.1622044000944,7.08020348244169,"Above"
490,0.76,10000,156,95,251,4.28677868136553e-05,0.0156467421869842,16169.4183927206,44.2997764184127,5.79221639982858e-06,0.00211415898593743,2184.78203218489,5.98570419776682,7.40092977446836,"Above"
490,0.76,10000,1555,95,1650,0.000473833154138545,0.172949101260569,1462.85074082696,4.00781024884099,7.12720634657222e-05,0.0260143031649886,220.03608217464,0.602838581300384,6.64823117358503,"Above"
490,0.76,1e+05,1.56,95,96.56,4.19432999836995e-08,1.53093044940503e-05,16525814.1545688,45276.2031632021,1.97986006470651e-08,7.22648923617876e-06,7800721.32953484,21371.8392589996,2.11849820759515,"Above"
490,0.76,1e+05,15.6,95,110.6,4.19471796139664e-07,0.000153107205590977,1652428.57073795,4527.20156366561,5.84490309368139e-08,2.13338962919371e-05,230248.730762771,630.818440445948,7.17671087811759,"Above"
490,0.76,1e+05,156,95,251,4.19860286218405e-06,0.00153249004469718,165089.960473037,452.301261569964,5.5405148974386e-07,0.000202228793756509,21785.4228047328,59.6860898759804,7.57800121451724,"Above"
490,0.76,1e+05,1555,95,1650,4.22426234255396e-05,0.015418557550322,16408.7152821307,44.9553843346047,5.62338777427312e-06,0.00205253653760969,2184.34750085325,5.98451370096781,7.5119527802793,"Above"
500,0.56,3700,1.56,95,96.56,1.57877167623737e-06,0.00057625166182664,439042.067319005,1202.85497895618,7.7555078718556e-07,0.00028307603732273,215673.631622484,590.886661979409,2.03567800113602,"Above"
500,0.56,3700,15.6,95,110.6,1.58440804247938e-05,0.00578308935504974,43748.0220988569,119.857594791389,3.09540406330604e-06,0.0011298224831067,8546.90217013124,23.4161703291267,5.11858229192591,"Above"
500,0.56,3700,156,95,251,0.000164389486886018,0.0600021627133966,4216.49336396159,11.5520366135934,3.24394051326098e-05,0.0118403828734026,832.051605388546,2.27959343942067,5.0675863572099,"Above"
500,0.56,3700,1555,95,1650,0.00308866101826921,1.12736127166826,224.416721828659,0.614840333777149,0.00139496005751434,0.509160420992734,101.355364456508,0.277685930017831,2.21415731700078,"Above"
500,0.56,10000,1.56,95,96.56,5.6683781187636e-07,0.000206895801334872,1222831.58610304,3350.22352356997,2.7686278187206e-07,0.000101054915383302,597272.354800771,1636.36261589252,2.04736009673666,"Above"
500,0.56,10000,15.6,95,110.6,5.67562048647162e-06,0.00207160147756214,122127.119354109,334.594847545504,1.06559648489619e-06,0.000388942716987109,22929.3395152887,62.8201082610649,5.32623799620036,"Above"
500,0.56,10000,156,95,251,5.74942852510604e-05,0.0209854141166371,12055.9317771006,33.0299500742482,1.06153803016281e-05,0.00387461381009425,2225.9308059151,6.09844056415096,5.4161305216962,"Above"
500,0.56,10000,1555,95,1650,0.000663882382523225,0.242317069620977,1044.08129934928,2.86049671054597,0.000143247452001026,0.0522853199803743,225.283860139898,0.617216055177802,4.63451442416213,"Above"
500,0.56,1e+05,1.56,95,96.56,5.58097403056894e-08,2.03705552115766e-05,12419824.5102618,34026.9164664706,2.71957293628105e-08,9.92644121742582e-06,6052101.01793371,16581.0986792704,2.05215089329459,"Above"
500,0.56,1e+05,15.6,95,110.6,5.58167496806712e-07,0.00020373113633445,1241826.48492694,3402.26434226558,1.03012871274569e-07,3.75996980152177e-05,229185.885184977,627.906534753361,5.41842480362459,"Above"
500,0.56,1e+05,156,95,251,5.58869727941611e-06,0.00203987450698688,124026.610479135,339.798932819549,1.00141171874687e-06,0.000365515277342607,22223.7303186397,60.8869323798349,5.58081873298788,"Above"
500,0.56,1e+05,1555,95,1650,5.6418416064226e-05,0.0205927218634425,12285.8319838486,33.6598136543797,1.02357192001106e-05,0.00373603750804037,2228.95882407006,6.10673650430152,5.51191518262989,"Above"
500,0.76,3700,1.56,95,96.56,1.14865514787509e-06,0.000419259128974406,603442.366355306,1653.26675713782,5.44607193487968e-07,0.000198781625623108,286107.674858251,783.856643447263,2.10914428162151,"Above"
500,0.76,3700,15.6,95,110.6,1.1516346599368e-05,0.00420346650876932,60188.1138761476,164.898942126432,1.68837631673084e-06,0.000616257355606755,8823.99510472905,24.1753290540522,6.82095957237,"Above"
500,0.76,3700,156,95,251,0.000118261046453645,0.0431652819555804,5861.16224526763,16.0579787541579,1.69452778028887e-05,0.00618502639805436,839.828713445327,2.30090058478172,6.97899720673125,"Above"
500,0.76,3700,1555,95,1650,0.00169877134402898,0.620051540570579,408.028533678939,1.11788639364093,0.000372084397450596,0.135810805069467,89.3710926018468,0.24485230849821,4.56555382506879,"Above"
500,0.76,10000,1.56,95,96.56,4.15766063793069e-07,0.00015175461328447,1667156.70402799,4567.55261377532,1.96476322838705e-07,7.17138578361273e-05,787839.237803553,2158.46366521521,2.11611281087741,"Above"
500,0.76,10000,15.6,95,110.6,4.16155514819555e-06,0.00151896762909138,166559.652792417,456.327815869635,5.87773382292735e-07,0.000214537284536848,23524.6985775862,64.4512289796882,7.08020348244168,"Above"
500,0.76,10000,156,95,251,4.20104310773822e-05,0.0153338073432445,16499.4065231843,45.2038534881762,5.67637207183201e-06,0.00207187580621868,2229.36942059682,6.10786142629267,7.40092977446837,"Above"
500,0.76,10000,1555,95,1650,0.000464356491055774,0.169490119235357,1492.70483757853,4.0896022947357,6.98466221964077e-05,0.0254940171016888,224.526614463919,0.615141409490188,6.64823117358503,"Above"
500,0.76,1e+05,1.56,95,96.56,4.11044339840255e-08,1.50031184041693e-05,16863075.6679273,46200.2073093899,1.94026286341238e-08,7.08195945145519e-06,7959919.72401514,21807.9992438771,2.11849820759515,"Above"
500,0.76,1e+05,15.6,95,110.6,4.11082360216871e-07,0.000150045061479158,1686151.60279382,4619.59343231185,5.72800503180776e-08,2.09072183660983e-05,234947.684451807,643.692286169335,7.17671087811759,"Above"
500,0.76,1e+05,156,95,251,4.11463080494037e-06,0.00150184024380324,168459.143339834,461.531899561188,5.42970459948983e-07,0.000198184217881379,22230.0232701355,60.9041733428371,7.57800121451724,"Above"
500,0.76,1e+05,1555,95,1650,4.13977709570288e-05,0.0151101863993155,16743.5870225824,45.8728411577599,5.51092001878766e-06,0.0020114858068575,2228.92602127883,6.10664663364063,7.5119527802793,"Above"
510,0.56,3700,1.56,95,96.56,1.54781536886017e-06,0.00056495260963396,447822.908665385,1226.9120785353,7.60343909005451e-07,0.00027752552678699,219987.104254934,602.704395218997,2.03567800113602,"Above"
510,0.56,3700,15.6,95,110.6,1.55334121811704e-05,0.00566969544612719,44622.982540834,122.254746687217,3.03470986598631e-06,0.001107669101085,8717.84021353387,23.8844937357092,5.11858229192591,"Above"
510,0.56,3700,156,95,251,0.000161166163613743,0.0588256497190162,4300.82323124082,11.7830773458653,3.18033383653037e-05,0.0116082185033358,848.692637496317,2.32518530820909,5.0675863572099,"Above"
510,0.56,3700,1555,95,1650,0.00302809903751883,1.10525614869437,228.905056265233,0.627137140452692,0.00136760789952386,0.49917688332621,103.382471745639,0.283239648618188,2.21415731700078,"Above"
510,0.56,10000,1.56,95,96.56,5.55723344976824e-07,0.000202839020916541,1247288.2178251,3417.22799404137,2.71434099874568e-07,9.90734464542175e-05,609217.801896787,1669.08986821038,2.04736009673666,"Above"
510,0.56,10000,15.6,95,110.6,5.56433381026629e-06,0.0020309818407472,124569.661741191,341.286744496414,1.04470243617273e-06,0.000381316389203048,23387.9263055945,64.0765104262862,5.32623799620036,"Above"
510,0.56,10000,156,95,251,5.6366946324569e-05,0.0205739354084677,12297.0504126426,33.6905490757332,1.04072355898314e-05,0.00379864099028848,2270.4494220334,6.22040937543398,5.4161305216962,"Above"
510,0.56,10000,1555,95,1650,0.000650865080905123,0.23756575453037,1064.96292533627,2.91770664475689,0.000140438678432378,0.051260117627818,229.789537342696,0.629560376281359,4.63451442416213,"Above"
510,0.56,1e+05,1.56,95,96.56,5.47154316722445e-08,1.99711325603692e-05,12668221.000467,34707.4547958,2.66624797674612e-08,9.73180511512335e-06,6173143.03829238,16912.7206528558,2.05215089329459,"Above"
510,0.56,1e+05,15.6,95,110.6,5.47223036085012e-07,0.000199736408171029,1266663.01462547,3470.30962911089,1.00993011053499e-07,3.68624490345272e-05,233769.602888676,640.464665448428,5.41842480362459,"Above"
510,0.56,1e+05,156,95,251,5.47911497981972e-06,0.0019998769676342,126507.142688718,346.59491147594,9.81776194849871e-07,0.000358348311120203,22668.2049250125,62.1046710274316,5.58081873298788,"Above"
510,0.56,1e+05,1555,95,1650,5.53121726119862e-05,0.020188943003375,12531.5486235256,34.3330099274673,1.00350188236379e-05,0.00366278187062782,2273.53800055146,6.22887123438756,5.51191518262989,"Above"
510,0.76,3700,1.56,95,96.56,1.12613249791675e-06,0.000411038361739614,615511.213682412,1686.33209228058,5.33928621066635e-07,0.000194883946689322,291829.828355416,799.533776316209,2.10914428162151,"Above"
510,0.76,3700,15.6,95,110.6,1.12905358817333e-05,0.00412104559683266,61391.8761536705,168.19692096896,1.65527089875572e-06,0.000604173878045838,9000.47500682363,24.6588356351332,6.82095957237,"Above"
510,0.76,3700,156,95,251,0.000115942202405534,0.04231890387802,5978.38549017299,16.3791383292411,1.66130174538124e-05,0.00606375137064153,856.625287714234,2.34691859647735,6.97899720673125,"Above"
510,0.76,3700,1555,95,1650,0.0016654621019892,0.607893667226057,416.189104352517,1.14024412151375,0.000364788624951564,0.133147848107321,91.1585144538837,0.249749354668175,4.56555382506879,"Above"
510,0.76,10000,1.56,95,96.56,4.07613788032421e-07,0.000148779032631834,1700499.83810855,4658.90366605083,1.92623845920299e-07,7.03077037609091e-05,803596.022559624,2201.63293851952,2.11611281087741,"Above"
510,0.76,10000,15.6,95,110.6,4.0799560276427e-06,0.00148918395008958,169890.845848265,465.454372187028,5.76248414012485e-07,0.000210330671114557,23995.1925491379,65.740253559282,7.08020348244168,"Above"
510,0.76,10000,156,95,251,4.11866971346884e-05,0.0150331444541613,16829.394653648,46.1079305579397,5.56507065865883e-06,0.00203125079041047,2273.95680900876,6.23001865481852,7.40092977446836,"Above"
510,0.76,10000,1555,95,1650,0.000455251461819386,0.166166783564076,1522.5589343301,4.17139434063041,6.84770805847135e-05,0.0249941344134204,229.017146753197,0.627444237679992,6.64823117358503,"Above"
510,0.76,1e+05,1.56,95,96.56,4.02984646902211e-08,1.47089396119307e-05,17200337.1812859,47124.2114555777,1.90221849354155e-08,6.94309750142665e-06,8119118.11849545,22244.1592287546,2.11849820759514,"Above"
510,0.76,1e+05,15.6,95,110.6,4.03021921781246e-07,0.000147103001450155,1719874.6348497,4711.98530095808,5.61569120765467e-08,2.04972729079395e-05,239646.638140843,656.566131892721,7.1767108781176,"Above"
510,0.76,1e+05,156,95,251,4.03395176954939e-06,0.00147239239588553,171828.32620663,470.762537552412,5.3232398034214e-07,0.000194298252824881,22674.6237355383,62.1222568096939,7.57800121451724,"Above"
510,0.76,1e+05,1555,95,1650,4.05860499578714e-05,0.0148139082346231,17078.458763034,46.7902979809151,5.40286276351731e-06,0.00197204490868382,2273.50454170441,6.22877956631344,7.5119527802793,"Above"
520,0.56,3700,1.56,95,96.56,1.51804968868978e-06,0.000554088136371769,456603.750011765,1250.96917811443,7.45721910755346e-07,0.000272188497425701,224300.576887384,614.522128458585,2.03567800113602,"Above"
520,0.56,3700,15.6,95,110.6,1.52346927161479e-05,0.00556066284139398,45497.9429828112,124.651898583044,2.97635006087119e-06,0.00108636777221798,8888.77825693649,24.3528171422917,5.11858229192591,"Above"
520,0.56,3700,156,95,251,0.000158066814313479,0.0576943872244198,4385.15309852005,12.0141180781371,3.11917357044325e-05,0.0113849835321179,865.333669604088,2.3707771769975,5.0675863572099,"Above"
520,0.56,3700,1555,95,1650,0.0029698663637204,1.08400122275794,233.393390701806,0.639433947128235,0.00134130774760994,0.489577327877629,105.409579034769,0.288793367218544,2.21415731700079,"Above"
520,0.56,10000,1.56,95,96.56,5.45036357573423e-07,0.0001989382705143,1271744.84954716,3484.23246451277,2.66214213338519e-07,9.71681878685595e-05,621163.248992802,1701.81712052823,2.04736009673666,"Above"
520,0.56,10000,15.6,95,110.6,5.4573273908381e-06,0.0019919244976559,127012.204128273,347.978641447324,1.02461200470787e-06,0.000373983381718374,23846.5130959002,65.3329125915075,5.32623799620036,"Above"
520,0.56,10000,156,95,251,5.52829665875581e-05,0.0201782828044587,12538.1690481846,34.3511480772181,1.02070964438732e-05,0.0037255902020137,2314.9680381517,6.342378186717,5.4161305216962,"Above"
520,0.56,10000,1555,95,1650,0.00063834844473387,0.232997182327863,1085.84455132325,2.97491657896781,0.000137737934616371,0.0502743461349753,234.295214545494,0.641904697384915,4.63451442416213,"Above"
520,0.56,1e+05,1.56,95,96.56,5.36632118323937e-08,1.95870723188237e-05,12916617.4906722,35387.9931251294,2.61497397719331e-08,9.5446550167556e-06,6294185.05865106,17244.3426264413,2.05215089329459,"Above"
520,0.56,1e+05,15.6,95,110.6,5.366995161603e-07,0.00019589532339851,1291499.54432401,3538.3549159562,9.90508377640087e-08,3.61535557838632e-05,238353.320592376,653.022796143495,5.41842480362459,"Above"
520,0.56,1e+05,156,95,251,5.37374738405395e-06,0.00196141779517969,128987.674898301,353.390890132331,9.62895883410451e-07,0.000351456997444815,23112.6795313853,63.3224096750283,5.58081873298788,"Above"
520,0.56,1e+05,1555,95,1650,5.42484769848327e-05,0.0198006940994639,12777.2652632026,35.0062062005549,9.84203769241405e-06,0.00359234375773113,2318.11717703286,6.35100596447358,5.51191518262989,"Above"
520,0.76,3700,1.56,95,96.56,1.10447610372604e-06,0.000403133777860006,627580.061009518,1719.39742742334,5.236607629692e-07,0.000191136178483758,297551.981852581,815.210909185154,2.10914428162151,"Above"
520,0.76,3700,15.6,95,110.6,1.10734101917e-05,0.0040417947199705,62595.6384311935,171.494899811489,1.62343876608734e-06,0.00059255514962188,9176.95490891821,25.1423422162143,6.82095957237,"Above"
520,0.76,3700,156,95,251,0.000113712544666966,0.0415050788034427,6095.60873507834,16.7002979043242,1.62935363489314e-05,0.00594714076735996,873.42186198314,2.39293660817299,6.97899720673125,"Above"
520,0.76,3700,1555,95,1650,0.00163343398464325,0.596203404394787,424.349675026096,1.16260184938656,0.000357773459087111,0.130587312566796,92.9459363059207,0.254646400838139,4.56555382506879,"Above"
520,0.76,10000,1.56,95,96.56,3.9977506133949e-07,0.000145917897388914,1733842.97218911,4750.25471832633,1.88919541191062e-07,6.89556325347378e-05,819352.807315695,2244.80221182382,2.11611281087741,"Above"
520,0.76,10000,15.6,95,110.6,4.00149533480341e-06,0.00146054579720325,173222.038904113,474.58092850442,5.65166713743015e-07,0.0002062858505162,24465.6865206897,67.0292781388758,7.08020348244168,"Above"
520,0.76,10000,156,95,251,4.03946452667137e-05,0.0147440455223505,17159.3827841117,47.0120076277033,5.45805006906924e-06,0.00199218827521027,2318.5441974207,6.35217588334437,7.40092977446836,"Above"
520,0.76,10000,1555,95,1650,0.000446496626015167,0.162971268495536,1552.41303108167,4.25318638652513,6.7160213650392e-05,0.0245134779823931,233.507679042475,0.639747065869795,6.64823117358503,"Above"
520,0.76,1e+05,1.56,95,96.56,3.95234942154091e-08,1.44260753886243e-05,17537598.6946444,48048.2156017655,1.86563736866575e-08,6.80957639562999e-06,8278316.51297575,22680.3192136322,2.11849820759514,"Above"
520,0.76,1e+05,15.6,95,110.6,3.9527150020853e-07,0.000144274097576113,1753597.66690558,4804.37716960432,5.507697145969e-08,2.01030945827869e-05,244345.591829879,669.439977616108,7.17671087811759,"Above"
520,0.76,1e+05,156,95,251,3.95637577398113e-06,0.00144407715750311,175197.509073427,479.993175543635,5.22086980720176e-07,0.000190561747962864,23119.224200941,63.3403402765506,7.57800121451724,"Above"
520,0.76,1e+05,1555,95,1650,3.98055489971431e-05,0.0145290253839572,17413.3305034857,47.7077548040703,5.2989615565266e-06,0.00193412096813221,2318.08306212998,6.35091249898625,7.5119527802793,"Above"
530,0.56,3700,1.56,95,96.56,1.48940724173337e-06,0.000543633643232679,465384.591358145,1275.02627769355,7.31651686024114e-07,0.000267052865398801,228614.049519833,626.339861698173,2.03567800113602,"Above"
530,0.56,3700,15.6,95,110.6,1.49472456837677e-05,0.00545574467457522,46372.9034247883,127.049050478872,2.92019251255287e-06,0.0010658702670818,9059.71630033911,24.8211405488743,5.11858229192591,"Above"
530,0.56,3700,156,95,251,0.000155084421590583,0.0566058138805628,4469.48296579928,12.245158810409,3.06032123892545e-05,0.0111701725220779,881.974701711859,2.41636904578591,5.0675863572099,"Above"
530,0.56,3700,1555,95,1650,0.00291383114931058,1.06354836949836,237.881725138379,0.651730753803778,0.00131600005425881,0.480340019804466,107.436686323899,0.294347085818901,2.21415731700078,"Above"
530,0.56,10000,1.56,95,96.56,5.34752652713547e-07,0.000195184718240445,1296201.48126922,3551.23693498417,2.61191303652887e-07,9.53348258333036e-05,633108.696088818,1734.54437284608,2.04736009673666,"Above"
530,0.56,10000,15.6,95,110.6,5.35435894950153e-06,0.00195434101656806,129454.746515355,354.670538398234,1.00527970273225e-06,0.000366927091497272,24305.099886206,66.5893147567288,5.32623799620036,"Above"
530,0.56,10000,156,95,251,5.42398917462834e-05,0.0197975604873934,12779.2876837266,35.0117470787031,1.00145097185171e-05,0.00365529604725872,2359.48665427001,6.46434699800002,5.4161305216962,"Above"
530,0.56,10000,1555,95,1650,0.000626304134455873,0.228601009076394,1106.72617731024,3.03212651317873,0.000135139105661345,0.0493257735663909,238.800891748292,0.654249018488471,4.63451442416213,"Above"
530,0.56,1e+05,1.56,95,96.56,5.26506984015938e-08,1.92175049165817e-05,13165013.9808775,36068.5314544588,2.56563484554816e-08,9.36456718625077e-06,6415227.07900973,17575.9646000267,2.05215089329459,"Above"
530,0.56,1e+05,15.6,95,110.6,5.26573110195011e-07,0.000192199185221179,1316336.07402255,3606.40020280151,9.71819540326123e-08,3.54714132219035e-05,242937.038296075,665.580926838563,5.41842480362459,"Above"
530,0.56,1e+05,156,95,251,5.27235592397747e-06,0.00192440991225177,131468.207107883,360.186868788722,9.4472803655365e-07,0.000344825733342082,23557.1541377581,64.540148322625,5.58081873298788,"Above"
530,0.56,1e+05,1555,95,1650,5.32249208153075e-05,0.0194270960975872,13022.9819028795,35.6794024736425,9.65633886802888e-06,0.00352456368683054,2362.69635351426,6.47314069455962,5.51191518262989,"Above"
530,0.76,3700,1.56,95,96.56,1.08363693195763e-06,0.000395527480164534,639648.908336624,1752.46276256609,5.13780371215064e-07,0.000187529835493498,303274.135349746,830.888042054099,2.10914428162151,"Above"
530,0.76,3700,15.6,95,110.6,1.08644779239321e-05,0.0039655344422352,63799.4007087164,174.792878654018,1.59280784597249e-06,0.000581374863779958,9353.43481101279,25.6258487972953,6.82095957237,"Above"
530,0.76,3700,156,95,251,0.000111567024956269,0.0407219641090381,6212.83197998369,17.0214574794074,1.59861111348006e-05,0.00583493056420223,890.218436252046,2.43895461986862,6.97899720673125,"Above"
530,0.76,3700,1555,95,1650,0.00160261447549904,0.58495428355715,432.510245699675,1.18495957725938,0.000351023016462826,0.128123401008932,94.7333581579576,0.259543447008103,4.56555382506879,"Above"
530,0.76,10000,1.56,95,96.56,3.92232135653839e-07,0.000143164729513651,1767186.10626967,4841.60577060184,1.85355021545948e-07,6.76545828642711e-05,835109.592071766,2287.97148512813,2.11611281087741,"Above"
530,0.76,10000,15.6,95,110.6,3.92599542282599e-06,0.00143298832933149,176553.231959962,483.707484821813,5.54503190842203e-07,0.000202393664657404,24936.1804922414,68.3183027184695,7.08020348244168,"Above"
530,0.76,10000,156,95,251,3.96324821484738e-05,0.0144658559841929,17489.3709145754,47.9160846974668,5.35506799229435e-06,0.00195459981718744,2363.13158583263,6.47433311187023,7.40092977446836,"Above"
530,0.76,10000,1555,95,1650,0.000438072161373372,0.159896338901281,1582.26712783324,4.33497843241984,6.58930398079318e-05,0.0240509595298951,237.998211331754,0.652049894059599,6.64823117358503,"Above"
530,0.76,1e+05,1.56,95,96.56,3.8777767909458e-08,1.41538852869522e-05,17874860.208003,48972.2197479533,1.83043666359658e-08,6.68109382212753e-06,8437514.90745605,23116.4791985097,2.11849820759514,"Above"
530,0.76,1e+05,15.6,95,110.6,3.87813547374407e-07,0.000141551944791658,1787320.69896145,4896.76903825056,5.40377833189412e-08,1.97237909114135e-05,249044.545518916,682.313823339495,7.1767108781176,"Above"
530,0.76,1e+05,156,95,251,3.88172717447205e-06,0.0014168304186823,178566.691940224,489.223813534859,5.12236282970738e-07,0.00018696624328432,23563.8246663437,64.5584237434074,7.57800121451724,"Above"
530,0.76,1e+05,1555,95,1650,3.90545009028574e-05,0.0142548928295429,17748.2022439373,48.6252116272255,5.19898114979968e-06,0.00189762811967688,2362.66158255556,6.47304543165906,7.5119527802793,"Above"
540,0.56,3700,1.56,95,96.56,1.46182562614571e-06,0.000533566353543185,474165.432704525,1299.08337727267,7.18102580727371e-07,0.00026210744196549,232927.522152283,638.157594937761,2.03567800113602,"Above"
540,0.56,3700,15.6,95,110.6,1.4670444837772e-05,0.00535471236578679,47247.8638667655,129.4462023747,2.86611487343152e-06,0.0010461319288025,9230.65434374174,25.2894639554568,5.11858229192591,"Above"
540,0.56,3700,156,95,251,0.000152212487857424,0.0555575580679598,4553.81283307852,12.4761995426809,3.00364862338979e-05,0.0109633174753727,898.61573381963,2.46196091457433,5.0675863572099,"Above"
540,0.56,3700,1555,95,1650,0.00285987131321223,1.04385302932246,242.370059574952,0.664027560479321,0.00129162968288365,0.471444834252531,109.463793613029,0.299900804419258,2.21415731700078,"Above"
540,0.56,10000,1.56,95,96.56,5.24849825811445e-07,0.000191570186421177,1320658.11299128,3618.24140545556,2.56354427659315e-07,9.35693660956499e-05,645054.143184833,1767.27162516393,2.04736009673666,"Above"
540,0.56,10000,15.6,95,110.6,5.25520415414039e-06,0.00191814951626124,131897.288902438,361.362435349144,9.86663411940915e-07,0.000360132145358434,24763.6866765118,67.84571692195,5.32623799620036,"Above"
540,0.56,10000,156,95,251,5.32354493065374e-05,0.0194309389968862,13020.4063192686,35.672346080188,9.82905583484081e-06,0.0035876053797169,2404.00527038831,6.58631580928304,5.4161305216962,"Above"
540,0.56,10000,1555,95,1650,0.000614705909743727,0.22436765705646,1127.60780329722,3.08933644738965,0.000132636529630579,0.0484123333151614,243.30656895109,0.666593339592027,4.63451442416213,"Above"
540,0.56,1e+05,1.56,95,96.56,5.16756854682309e-08,1.88616251959043e-05,13413410.4710827,36749.0697837882,2.51812308914912e-08,9.19114927539428e-06,6536269.09936841,17907.5865736121,2.05215089329459,"Above"
540,0.56,1e+05,15.6,95,110.6,5.16821756302511e-07,0.000188639941050417,1341172.60372109,3674.44548964682,9.53822882171936e-08,3.48145351992757e-05,247520.755999775,678.13905753363,5.41842480362459,"Above"
540,0.56,1e+05,156,95,251,5.17471970316307e-06,0.00188877269165452,133948.739317466,366.982847445113,9.27233072913767e-07,0.000338440071613525,24001.6287441309,65.7578869702217,5.58081873298788,"Above"
540,0.56,1e+05,1555,95,1650,5.22392741335426e-05,0.019067335058743,13268.6985425565,36.3525987467301,9.4775177778802e-06,0.00345929398892627,2407.27552999566,6.59527542464565,5.51191518262989,"Above"
540,0.76,3700,1.56,95,96.56,1.06356958136582e-06,0.000388202897198524,651717.75566373,1785.52809770885,5.04265919896267e-07,0.000184057060762137,308996.288846911,846.565174923044,2.10914428162151,"Above"
540,0.76,3700,15.6,95,110.6,1.06632838883037e-05,0.00389209861923085,65003.1629862394,178.090857496546,1.5633114043804e-06,0.000570608662598847,9529.91471310737,26.1093553783764,6.82095957237,"Above"
540,0.76,3700,156,95,251,0.00010950096893856,0.0399678536625744,6330.05522488904,17.3426170544905,1.56900720397117e-05,0.00572687629449478,907.015010520953,2.48497263156425,6.97899720673125,"Above"
540,0.76,3700,1555,95,1650,0.00157293642965647,0.57412179682461,440.670816373254,1.2073173051322,0.000344522590232033,0.125750745434692,96.5207800099945,0.264440493178067,4.56555382506879,"Above"
540,0.76,10000,1.56,95,96.56,3.84968577586175e-07,0.000140513530818954,1800529.24035023,4932.95682287735,1.81922521146949e-07,6.64017202186364e-05,850866.376827837,2331.14075843243,2.11611281087741,"Above"
540,0.76,10000,15.6,95,110.6,3.85329180388477e-06,0.00140645150841794,179884.42501581,492.834041139206,5.44234613234014e-07,0.000198645633830415,25406.6744637931,69.6073272980633,7.08020348244168,"Above"
540,0.76,10000,156,95,251,3.88985472938724e-05,0.0141979697622634,17819.3590450391,48.8201617672303,5.25590006651112e-06,0.00191840352427656,2407.71897424457,6.59649034039608,7.40092977446836,"Above"
540,0.76,10000,1555,95,1650,0.000429959713940531,0.156935295588294,1612.12122458481,4.41677047831456,6.46727983300071e-05,0.0236055713904526,242.488743621032,0.664352722249403,6.64823117358503,"Above"
540,0.76,1e+05,1.56,95,96.56,3.80596610963199e-08,1.38917763001568e-05,18212121.7213615,49896.2238941411,1.7965396883448e-08,6.5573698624585e-06,8596713.30193635,23552.6391833873,2.11849820759515,"Above"
540,0.76,1e+05,15.6,95,110.6,3.80631815015621e-07,0.000138930612480702,1821043.73101733,4989.1609068968,5.30370836278497e-08,1.93585355241651e-05,253743.499207952,695.187669062881,7.1767108781176,"Above"
540,0.76,1e+05,156,95,251,3.80984333790775e-06,0.00139059281833633,181935.87480702,498.454451526083,5.02750425878688e-07,0.000183503905445721,24008.4251317464,65.7765072102641,7.57800121451723,"Above"
540,0.76,1e+05,1555,95,1650,3.83312694046563e-05,0.0139909133326996,18083.073984389,49.5426684503807,5.10270372109968e-06,0.00186248685820138,2407.24010298113,6.59517836433188,7.5119527802793,"Above"
550,0.56,3700,1.56,95,96.56,1.43524697839761e-06,0.000523865147115127,482946.274050906,1323.1404768518,7.05046170168691e-07,0.000257341852111572,237240.994784733,649.97532817735,2.03567800113602,"Above"
550,0.56,3700,15.6,95,110.6,1.44037094770853e-05,0.00525735395913612,48122.8243087426,131.843354270528,2.81400369391458e-06,0.00102711134827882,9401.59238714436,25.7577873620393,5.11858229192591,"Above"
550,0.56,3700,156,95,251,0.000149444988078198,0.0545474206485423,4638.14270035775,12.7072402749527,2.94903683023725e-05,0.010763984430366,915.256765927401,2.50755278336274,5.0675863572099,"Above"
550,0.56,3700,1555,95,1650,0.00280787365297201,1.02487388333478,246.858394011525,0.676324367154864,0.00126814550683122,0.462873109993394,111.490900902159,0.305454523019614,2.21415731700078,"Above"
550,0.56,10000,1.56,95,96.56,5.15307101705782e-07,0.00018808709212261,1345114.74471334,3685.24587592696,2.51693438065509e-07,9.18681048939108e-05,656999.590280848,1799.99887748178,2.04736009673666,"Above"
550,0.56,10000,15.6,95,110.6,5.15965498770147e-06,0.00188327407051104,134339.83128952,368.054332300054,9.68724077178353e-07,0.000353584288170099,25222.2734668175,69.1021190871714,5.32623799620036,"Above"
550,0.56,10000,156,95,251,5.22675320464186e-05,0.0190776491969428,13261.5249548107,36.332945081673,9.6503457287528e-06,0.00352237619099477,2448.52388650661,6.70828462056606,5.4161305216962,"Above"
550,0.56,10000,1555,95,1650,0.000603529438657478,0.220288245109979,1148.48942928421,3.14654638160057,0.000130224956364569,0.0475321090730676,247.812246153888,0.678937660695583,4.63451442416213,"Above"
550,0.56,1e+05,1.56,95,96.56,5.07361275506267e-08,1.85186865559788e-05,13661806.9612879,37429.6081131176,2.47233903298277e-08,9.02403747038711e-06,6657311.11972708,18239.2085471975,2.05215089329459,"Above"
550,0.56,1e+05,15.6,95,110.6,5.07424997097011e-07,0.000185210123940409,1366009.13341963,3742.49077649213,9.36480647950628e-08,3.41815436501979e-05,252104.473703474,690.697188228697,5.41842480362459,"Above"
550,0.56,1e+05,156,95,251,5.08063389037828e-06,0.00185443136998807,136429.271527049,373.778826101504,9.10374289769881e-07,0.000332286615766007,24446.1033505037,66.9756256178184,5.58081873298788,"Above"
550,0.56,1e+05,1555,95,1650,5.12894691492963e-05,0.0187206562394932,13514.4151822335,37.0257950198177,9.30519927282783e-06,0.00339639773458216,2451.85470647706,6.71741015473168,5.51191518262989,"Above"
550,0.76,3700,1.56,95,96.56,1.04423195261371e-06,0.000381144662704006,663786.602990836,1818.59343285161,4.95097448625425e-07,0.00018071056874828,314718.442344076,862.242307791989,2.10914428162151,"Above"
550,0.76,3700,15.6,95,110.6,1.04694059994254e-05,0.00382133318979029,66206.9252637623,181.388836339075,1.5348875606644e-06,0.000560233959642505,9706.39461520195,26.5928619594574,6.82095957237,"Above"
550,0.76,3700,156,95,251,0.000107510042230586,0.039241165414164,6447.2784697944,17.6637766295737,1.5404798002626e-05,0.00562275127095851,923.81158478986,2.53099064325989,6.97899720673125,"Above"
550,0.76,3700,1555,95,1650,0.00154433758548089,0.563683218700526,448.831387046832,1.22967503300502,0.000338258543136905,0.12346436824497,98.3082018620315,0.269337539348032,4.56555382506879,"Above"
550,0.76,10000,1.56,95,96.56,3.7796914890279e-07,0.000137958739349518,1833872.37443079,5024.30787515285,1.78614838944277e-07,6.51944162146612e-05,866623.161583909,2374.31003173674,2.11611281087741,"Above"
550,0.76,10000,15.6,95,110.6,3.78323195290504e-06,0.00138087966281034,183215.618071658,501.960597456599,5.34339438447941e-07,0.000195033895033498,25877.1684353448,70.896351877657,7.08020348244168,"Above"
550,0.76,10000,156,95,251,3.81913009794384e-05,0.013939824857495,18149.3471755028,49.7242388369938,5.16033824712001e-06,0.0018835234601988,2452.30636265651,6.71864756892194,7.40092977446836,"Above"
550,0.76,10000,1555,95,1650,0.000422142264596158,0.154081926577598,1641.97532133638,4.49856252420927,6.34969292694616e-05,0.0231763791833535,246.97927591031,0.676655550439207,6.64823117358503,"Above"
550,0.76,1e+05,1.56,95,96.56,3.7367667258205e-08,1.36391985492448e-05,18549383.23472,50820.2280403289,1.76387533037489e-08,6.43814495586835e-06,8755911.69641666,23988.7991682648,2.11849820759514,"Above"
550,0.76,1e+05,15.6,95,110.6,3.73711236560792e-07,0.000136404601344689,1854766.76307321,5081.55277554303,5.20727730164342e-08,1.90065621509985e-05,258442.452896988,708.061514786268,7.17671087811759,"Above"
550,0.76,1e+05,156,95,251,3.7405734590367e-06,0.0013653093125484,185305.057673817,507.685089517307,4.9360950904453e-07,0.000180167470801253,24453.0255971491,66.9945906771208,7.57800121451723,"Above"
550,0.76,1e+05,1555,95,1650,3.76343372336626e-05,0.0137365330902868,18417.9457248406,50.4601252735359,5.00992728980696e-06,0.00182862346077954,2451.81862340671,6.71731129700469,7.5119527802793,"Above"
560,0.56,3700,1.56,95,96.56,1.40961756806908e-06,0.000514510412345214,491727.115397286,1347.19757643092,6.92456059987107e-07,0.000252746461895294,241554.467417182,661.793061416938,2.03567800113602,"Above"
560,0.56,3700,15.6,95,110.6,1.41465003792802e-05,0.00516347263843727,48997.7847507197,134.240506166355,2.76375362795182e-06,0.00100877007420241,9572.53043054699,26.2261107686219,5.11858229192591,"Above"
560,0.56,3700,156,95,251,0.000146776327576802,0.0535733595655326,4722.47256763698,12.9382810072246,2.89637545826873e-05,0.0105717704226809,931.897798035171,2.55314465215115,5.0675863572099,"Above"
560,0.56,3700,1555,95,1650,0.00275773305202608,1.00657256398952,251.346728448099,0.688621173830407,0.00124550005135209,0.454607518743512,113.518008191289,0.311008241619971,2.21415731700078,"Above"
560,0.56,10000,1.56,95,96.56,5.06105189175322e-07,0.000184728394048992,1369571.3764354,3752.25034639836,2.47198912385768e-07,9.02276030208052e-05,668945.037376864,1832.72612979963,2.04736009673666,"Above"
560,0.56,10000,15.6,95,110.6,5.06751829149252e-06,0.00184964417639477,136782.373676602,374.746229250964,9.51425432943025e-07,0.000347270283024204,25680.8602571233,70.3585212523927,5.32623799620036,"Above"
560,0.56,10000,156,95,251,5.13341832598754e-05,0.0187369768898545,13502.6435903527,36.993544083158,9.47801812645364e-06,0.00345947661615558,2493.04250262491,6.83025343184908,5.4161305216962,"Above"
560,0.56,10000,1555,95,1650,0.00059275212725288,0.216354526447301,1169.37105527119,3.20375631581149,0.000127899510715201,0.0466833214110485,252.317923356686,0.691281981799139,4.63451442416213,"Above"
560,0.56,1e+05,1.56,95,96.56,4.9830125272937e-08,1.8187995724622e-05,13910203.4514932,38110.1464424471,2.42819012167951e-08,8.8628939441302e-06,6778353.14008576,18570.8305207829,2.05215089329459,"Above"
560,0.56,1e+05,15.6,95,110.6,4.98363836434564e-07,0.000181902800298616,1390845.66311817,3810.53606333744,9.19757779237224e-08,3.35711589421587e-05,256688.191407174,703.255318923764,5.41842480362459,"Above"
560,0.56,1e+05,156,95,251,4.98990828519296e-06,0.00182131652409543,138909.803736631,380.574804757895,8.9411760602399e-07,0.000326352926198756,24890.5779568765,68.1933642654151,5.58081873298788,"Above"
560,0.56,1e+05,1555,95,1650,5.03735857716303e-05,0.0183863588066451,13760.1318219104,37.6989912929053,9.13903500009876e-06,0.00333574777503605,2496.43388295846,6.83954488481771,5.51191518262989,"Above"
560,0.76,3700,1.56,95,96.56,1.0255849534599e-06,0.000374338508012863,675855.450317943,1851.65876799436,4.86256422757114e-07,0.000177483594306347,320440.595841241,877.919440660935,2.10914428162151,"Above"
560,0.76,3700,15.6,95,110.6,1.02824523208643e-05,0.00375309509711546,67410.6875412853,184.686815181604,1.50747885422396e-06,0.000550229781791746,9882.87451729653,27.0763685405384,6.82095957237,"Above"
560,0.76,3700,156,95,251,0.000105590220047897,0.0385404303174825,6564.50171469975,17.9849362046568,1.51297123240077e-05,0.00552234499826282,940.608159058766,2.57700865495552,6.97899720673125,"Above"
560,0.76,3700,1555,95,1650,0.00151676012859731,0.553617446938017,456.991957720411,1.25203276087784,0.00033221821200946,0.121259647383453,100.095623714068,0.274234585517996,4.56555382506879,"Above"
560,0.76,10000,1.56,95,96.56,3.7121969981524e-07,0.000135495190432563,1867215.50851135,5115.65892742836,1.75425288248844e-07,6.4030230210828e-05,882379.94633998,2417.47930504104,2.11611281087741,"Above"
560,0.76,10000,15.6,95,110.6,3.71567423946031e-06,0.00135622109740301,186546.811127507,511.087153773991,5.24797662761371e-07,0.0001915511469079,26347.6624068966,72.1853764572508,7.08020348244168,"Above"
560,0.76,10000,156,95,251,3.75093134619484e-05,0.0136908994136112,18479.3353059664,50.6283159067574,5.06818934985001e-06,0.00184988911269525,2496.89375106844,6.84080479744779,7.40092977446836,"Above"
560,0.76,10000,1555,95,1650,0.000414604009871227,0.151330463602998,1671.82941808795,4.58035457010398,6.23630555325069e-05,0.022762515269365,251.469808199589,0.68895837862901,6.64823117358503,"Above"
560,0.76,1e+05,1.56,95,96.56,3.6700387485737e-08,1.3395641432294e-05,18886644.7480786,51744.2321865167,1.7323775566182e-08,6.32317808165642e-06,8915110.09089696,24424.9591531424,2.11849820759514,"Above"
560,0.76,1e+05,15.6,95,110.6,3.67037821622206e-07,0.000133968804892105,1888489.79512908,5173.94464418927,5.11429020697122e-08,1.86671592554449e-05,263141.406586024,720.935360509655,7.17671087811759,"Above"
560,0.76,1e+05,156,95,251,3.67377750441105e-06,0.00134092878911003,188674.240540614,516.915727508531,4.84795053525877e-07,0.000176950194536945,24897.6260625518,68.2126741439776,7.57800121451723,"Above"
560,0.76,1e+05,1555,95,1650,3.69622954973471e-05,0.0134912378565317,18752.8174652923,51.3775820966911,4.92046430248898e-06,0.00179596947040848,2496.39714383229,6.8394442296775,7.5119527802793,"Above"
570,0.56,3700,1.56,95,96.56,1.38488743529594e-06,0.000505483913883017,500507.956743666,1371.25467601004,6.80307708057509e-07,0.000248312313440991,245867.940049632,673.610794656526,2.03567800113602,"Above"
570,0.56,3700,15.6,95,110.6,1.38983161620998e-05,0.00507288539916644,49872.7451926969,136.637658062183,2.71526672219828e-06,0.000991072353602372,9743.46847394961,26.6944341752044,5.11858229192591,"Above"
570,0.56,3700,156,95,251,0.000144201304285981,0.0526334760643829,4806.80243491621,13.1693217394965,2.8455618537377e-05,0.0103863007661426,948.538830142942,2.59873652093957,5.0675863572099,"Above"
570,0.56,3700,1555,95,1650,0.00270935177041159,0.98891339620023,255.835062884672,0.70091798050595,0.00122364917325819,0.44663194823924,115.54511548042,0.316561960220328,2.21415731700078,"Above"
570,0.56,10000,1.56,95,96.56,4.97226150768737e-07,0.000181487545030589,1394028.00815746,3819.25481686976,2.42862089361456e-07,8.86446626169314e-05,680890.48447288,1865.45338211748,2.04736009673666,"Above"
570,0.56,10000,15.6,95,110.6,4.97861446181721e-06,0.00181719427856328,139224.916063684,381.438126201874,9.34733758680867e-07,0.000341177821918516,26139.4470474291,71.614923417614,5.32623799620036,"Above"
570,0.56,10000,156,95,251,5.04335835535618e-05,0.01840825799705,13743.7622258947,37.6541430846429,9.3117371066913e-06,0.00339878404394232,2537.56111874322,6.9522222431321,5.4161305216962,"Above"
570,0.56,10000,1555,95,1650,0.000582352967125636,0.212558833000857,1190.25268125818,3.26096625002241,0.000125655659650022,0.0458643157722582,256.823600559484,0.703626302902695,4.63451442416213,"Above"
570,0.56,1e+05,1.56,95,96.56,4.89559125488504e-08,1.78689080803304e-05,14158599.9416984,38790.6847717765,2.38559029498337e-08,8.70740457668932e-06,6899395.16044443,18902.4524943683,2.05215089329459,"Above"
570,0.56,1e+05,15.6,95,110.6,4.89620611233958e-07,0.000178711523100395,1415682.19281671,3878.58135018276,9.03621677847097e-08,3.2982191241419e-05,261271.909110873,715.813449618831,5.41842480362459,"Above"
570,0.56,1e+05,156,95,251,4.90236603457554e-06,0.00178936360262007,141390.335946214,387.370783414285,8.78431332234096e-07,0.000320627436265445,25335.0525632493,69.4111029130118,5.58081873298788,"Above"
570,0.56,1e+05,1555,95,1650,4.94898386528298e-05,0.0180637911082829,14005.8484615874,38.3721875659929,8.97870105272861e-06,0.00327722588424594,2541.01305943986,6.96167961490374,5.51191518262989,"Above"
570,0.76,3700,1.56,95,96.56,1.00759223497815e-06,0.000367771165767023,687924.297645049,1884.72410313712,4.77725608322779e-07,0.000174369847037814,326162.749338406,893.59657352988,2.10914428162151,"Above"
570,0.76,3700,15.6,95,110.6,1.01020584204982e-05,0.00368725132348186,68614.4498188082,187.984794024132,1.48103185678143e-06,0.000540576627725224,10059.3544193911,27.5598751216195,6.82095957237,"Above"
570,0.76,3700,156,95,251,0.000103737760047057,0.0378642824171758,6681.7249596051,18.30609577974,1.48642787744637e-05,0.00542546175267926,957.404733327673,2.62302666665116,6.97899720673125,"Above"
570,0.76,3700,1555,95,1650,0.00149015030177981,0.54390486014963,465.15252839399,1.27439048875066,0.000326389822325084,0.119132285148656,101.883045566105,0.27913163168796,4.56555382506879,"Above"
570,0.76,10000,1.56,95,96.56,3.64707073502692e-07,0.000133118081828483,1900558.64259191,5207.00997970387,1.72347651612899e-07,6.29068928387082e-05,898136.73109605,2460.64857834534,2.11611281087741,"Above"
570,0.76,10000,15.6,95,110.6,3.65048697210136e-06,0.001332427744817,189878.004183355,520.213710091384,5.15590686221697e-07,0.00018819060047092,26818.1563784483,73.4744010368446,7.08020348244168,"Above"
570,0.76,10000,156,95,251,3.6851255331037e-05,0.0134507081958285,18809.3234364301,51.5323929765209,4.97927374722106e-06,0.00181743491773569,2541.48113948038,6.96296202597364,7.40092977446836,"Above"
570,0.76,10000,1555,95,1650,0.000407330255312082,0.14867554318891,1701.68351483952,4.6621466159987,6.12689668389541e-05,0.0223631728962183,255.960340488867,0.701261206818814,6.64823117358503,"Above"
570,0.76,1e+05,1.56,95,96.56,3.60565210386189e-08,1.31606301790959e-05,19223906.2614371,52668.2363327045,1.7019849679056e-08,6.21224513285543e-06,9074308.48537726,24861.1191380199,2.11849820759514,"Above"
570,0.76,1e+05,15.6,95,110.6,3.60598561593746e-07,0.000131618474981717,1922212.82718496,5266.33651283551,5.02456581737523e-08,1.83396652334196e-05,267840.36027506,733.809206233041,7.17671087811759,"Above"
570,0.76,1e+05,156,95,251,3.60932526749156e-06,0.00131740372263442,192043.42340741,526.146365499754,4.7628987714823e-07,0.000173845805159104,25342.2265279545,69.4307576108343,7.57800121451724,"Above"
570,0.76,1e+05,1555,95,1650,3.63138341728323e-05,0.0132545494730838,19087.6892057439,52.2950389198463,4.8341403673576e-06,0.00176446123408552,2540.97566425786,6.96157716235031,7.5119527802793,"Above"
580,0.56,3700,1.56,95,96.56,1.36101006572187e-06,0.000496768673988482,509288.798090046,1395.31177558917,6.68578264815138e-07,0.000244031066657525,250181.412682082,685.428527896114,2.03567800113602,"Above"
580,0.56,3700,15.6,95,110.6,1.3658690021374e-05,0.0049854218578015,50747.705634674,139.034809958011,2.6684517787121e-06,0.000973984899229917,9914.40651735224,27.1627575817869,5.11858229192591,"Above"
580,0.56,3700,156,95,251,0.00014171507490174,0.051726002339135,4891.13230219544,13.4003624717683,2.79650044246636e-05,0.0102072266150022,965.179862250713,2.64432838972798,5.0675863572099,"Above"
580,0.56,3700,1555,95,1650,0.00266263880885277,0.97186316523126,260.323397321245,0.713214787181493,0.00120255177371926,0.438931397407529,117.57222276955,0.322115678820684,2.21415731700078,"Above"
580,0.56,10000,1.56,95,96.56,4.88653286100311e-07,0.000178358449426613,1418484.63987952,3886.25928734116,2.38674811958672e-07,8.71163063649154e-05,692835.931568895,1898.18063443533,2.04736009673666,"Above"
580,0.56,10000,15.6,95,110.6,4.89277628144105e-06,0.00178586334272598,141667.458450766,388.130023152785,9.18617659393266e-07,0.000335295445678542,26598.0338377349,72.8713255828353,5.32623799620036,"Above"
580,0.56,10000,156,95,251,4.95640390095348e-05,0.0180908742384802,13984.8808614367,38.3147420861279,9.15118991519662e-06,0.00334018431904677,2582.07973486152,7.07419105441511,5.4161305216962,"Above"
580,0.56,10000,1555,95,1650,0.000572312398726918,0.208894025535325,1211.13430724517,3.31817618423333,0.000123489182759505,0.0450735517072193,261.329277762282,0.715970624006251,4.63451442416213,"Above"
580,0.56,1e+05,1.56,95,96.56,4.81118450911116e-08,1.75608234582557e-05,14406996.4319036,39471.2231011059,2.34445942782849e-08,8.55727691157398e-06,7020437.1808031,19234.0744679537,2.05215089329459,"Above"
580,0.56,1e+05,15.6,95,110.6,4.8117887655751e-07,0.000175630289943491,1440518.72251524,3946.62663702807,8.88041993746285e-08,3.24135327717394e-05,265855.626814573,728.371580313899,5.41842480362459,"Above"
580,0.56,1e+05,156,95,251,4.81784248225527e-06,0.00175851250602317,143870.868155797,394.166762070676,8.63285964436956e-07,0.000315099377019489,25779.5271696221,70.6288415606085,5.58081873298788,"Above"
580,0.56,1e+05,1555,95,1650,4.86365655726086e-05,0.0177523464340021,14251.5651012644,39.0453838390805,8.82389586216432e-06,0.00322072198968998,2585.59223592127,7.08381434498977,5.51191518262989,"Above"
580,0.76,3700,1.56,95,96.56,9.90219955064729e-07,0.000361430283598626,699993.144972155,1917.78943827988,4.69488959903421e-07,0.000171363470364749,331884.902835571,909.273706398826,2.10914428162151,"Above"
580,0.76,3700,15.6,95,110.6,9.92788499945516e-06,0.00362367802480113,69818.2120963312,191.282772866661,1.45549682476796e-06,0.000531256341040306,10235.8343214857,28.0433817027005,6.82095957237,"Above"
580,0.76,3700,156,95,251,0.00010194917797728,0.0372114499617072,6798.94820451045,18.6272553548232,1.46079981059385e-05,0.00533191930866755,974.201307596579,2.66904467834679,6.97899720673125,"Above"
580,0.76,3700,1555,95,1650,0.0014644580551974,0.53452719014705,473.313099067569,1.29674821662348,0.000320762411595341,0.117078280232299,103.670467418142,0.284028677857924,4.56555382506879,"Above"
580,0.76,10000,1.56,95,96.56,3.58419020511267e-07,0.000130822942486612,1933901.77667247,5298.36103197937,1.69376140378194e-07,6.18222912380408e-05,913893.515852122,2503.81785164965,2.11611281087741,"Above"
580,0.76,10000,15.6,95,110.6,3.58754754154789e-06,0.00130945485266498,193209.197239203,529.340266408777,5.06701191631668e-07,0.000184945934945559,27288.65035,74.7634256164384,7.08020348244168,"Above"
580,0.76,10000,156,95,251,3.62158888598122e-05,0.0132187994338315,19139.3115668938,52.4364700462844,4.89342419985518e-06,0.00178609983294714,2586.06852789232,7.0851192544995,7.40092977446836,"Above"
580,0.76,10000,1555,95,1650,0.000400307319875667,0.146112171754618,1731.5376115911,4.74393866189341,6.02126053417308e-05,0.0219776009497317,260.450872778146,0.713564035008618,6.64823117358503,"Above"
580,0.76,1e+05,1.56,95,96.56,3.54348568827806e-08,1.29337227622149e-05,19561167.7747957,53592.2404788923,1.67264039949343e-08,6.10513745815102e-06,9233506.87985756,25297.2791228974,2.11849820759514,"Above"
580,0.76,1e+05,15.6,95,110.6,3.54381345014544e-07,0.000129349190930309,1955935.85924084,5358.72838148174,4.93793537224807e-08,1.80234641087055e-05,272539.313964096,746.683051956428,7.17671087811759,"Above"
580,0.76,1e+05,156,95,251,3.54709552150032e-06,0.00129468986534762,195412.606274207,535.377003490978,4.6807798271464e-07,0.000170848463690844,25786.8269933572,70.6488410776911,7.57800121451724,"Above"
580,0.76,1e+05,1555,95,1650,3.56877335836455e-05,0.0130260227580306,19422.5609461956,53.2124957430015,4.75079311964453e-06,0.00173403948867025,2585.55418468344,7.08371009502313,7.5119527802793,"Above"
590,0.56,3700,1.56,95,96.56,1.33794209850624e-06,0.000488348865954779,518069.639436426,1419.36887516829,6.57246429818272e-07,0.000239894946883669,254494.885314531,697.246261135702,2.03567800113602,"Above"
590,0.56,3700,15.6,95,110.6,1.34271868006727e-05,0.00490092318224554,51622.6660766511,141.431961853839,2.62322378246274e-06,0.000957476680598902,10085.3445607549,27.6310809883695,5.11858229192591,"Above"
590,0.56,3700,156,95,251,0.000139313124479676,0.0508492904350818,4975.46216947467,13.6314032040402,2.74910212988218e-05,0.01003422277407,981.820894358484,2.6899202585164,5.0675863572099,"Above"
590,0.56,3700,1555,95,1650,0.00261750933751628,0.955390908193442,264.811731757818,0.725511593857036,0.00118216954026639,0.431491882197232,119.59933005868,0.327669397421041,2.21415731700078,"Above"
590,0.56,10000,1.56,95,96.56,4.80371027013865e-07,0.000175335424860061,1442941.27160158,3953.26375781256,2.34629476162763e-07,8.56397587994083e-05,704781.37866491,1930.90788675318,2.04736009673666,"Above"
590,0.56,10000,15.6,95,110.6,4.8098478698912e-06,0.00175559447251029,144110.000837849,394.821920103695,9.03047868556092e-07,0.000329612472022973,27056.6206280406,74.1277277480566,5.32623799620036,"Above"
590,0.56,10000,156,95,251,4.87239705517461e-05,0.0177842492513873,14225.9994969787,38.9753410876129,8.99608500137973e-06,0.0032835710255036,2626.59835097982,7.19615986569814,5.4161305216962,"Above"
590,0.56,10000,1555,95,1650,0.000562612188579005,0.205353448831337,1232.01593323215,3.37538611844425,0.000121396145763581,0.0443095932037071,265.83495496508,0.728314945109807,4.63451442416213,"Above"
590,0.56,1e+05,1.56,95,96.56,4.72963900895673e-08,1.72631823826921e-05,14655392.9221089,40151.7614304353,2.30472282735682e-08,8.41223831985239e-06,7141479.20116178,19565.6964415391,2.05215089329459,"Above"
590,0.56,1e+05,15.6,95,110.6,4.73023302378569e-07,0.000172653505368178,1465355.25221378,4014.67192387338,8.72990434530246e-08,3.1864150860354e-05,270439.344518273,740.929711008966,5.41842480362459,"Above"
590,0.56,1e+05,156,95,251,4.7361841350984e-06,0.00172870720931092,146351.40036538,400.962740727067,8.48653998938024e-07,0.000309758709612379,26224.0017759949,71.8465802082052,5.58081873298788,"Above"
590,0.56,1e+05,1555,95,1650,4.78122170035813e-05,0.0174514592063072,14497.2817409414,39.7185801121681,8.67433830517849e-06,0.00316613348139015,2630.17141240267,7.2059490750758,5.51191518262989,"Above"
590,0.76,3700,1.56,95,96.56,9.73436565995835e-07,0.00035530434658848,712061.992299261,1950.85477342263,4.61531519905057e-07,0.000168459004765346,337607.056332736,924.95083926777,2.10914428162151,"Above"
590,0.76,3700,15.6,95,110.6,9.75961576217626e-06,0.00356225975319433,71021.9743738541,194.580751709189,1.43082738706003e-06,0.000522251996276911,10412.3142235803,28.5268882837816,6.82095957237,"Above"
590,0.76,3700,156,95,251,0.000100221225808174,0.0365807474199834,6916.17144941581,18.9484149299063,1.43604049177022e-05,0.00524154779496132,990.997881865486,2.71506269004243,6.97899720673125,"Above"
590,0.76,3700,1555,95,1650,0.00143963673222795,0.525467407263202,481.473669741147,1.31910594449629,0.000315325760551352,0.115093902601244,105.457889270179,0.288925724027888,4.56555382506879,"Above"
590,0.76,10000,1.56,95,96.56,3.52344121858533e-07,0.000128605604478365,1967244.91075303,5389.71208425488,1.66505358337886e-07,6.07744557933282e-05,929650.300608193,2546.98712495395,2.11611281087741,"Above"
590,0.76,10000,15.6,95,110.6,3.52674165101318e-06,0.00128726070261981,196540.390295052,538.466822726169,4.98113035841301e-07,0.000181811258082075,27759.1443215517,76.0524501960321,7.08020348244168,"Above"
590,0.76,10000,156,95,251,3.56020602350697e-05,0.0129947519858004,19469.2996973575,53.3405471160479,4.8104848066373e-06,0.00175582695442261,2630.65591630425,7.20727648302535,7.40092977446836,"Above"
590,0.76,10000,1555,95,1650,0.000393522450047266,0.143635694267252,1761.39170834267,4.82573070778813,5.91920527088201e-05,0.0216050992387193,264.941405067424,0.725866863198422,6.64823117358503,"Above"
590,0.76,1e+05,1.56,95,96.56,3.48342660881572e-08,1.27145071221774e-05,19898429.2881542,54516.2446250801,1.64429056221388e-08,6.00166055208067e-06,9392705.27433787,25733.439107775,2.11849820759514,"Above"
590,0.76,1e+05,15.6,95,110.6,3.48374881539721e-07,0.000127156831761998,1989658.89129671,5451.12025012798,4.85424155237946e-08,1.7717981666185e-05,277238.267653132,759.556897679815,7.17671087811759,"Above"
590,0.76,1e+05,156,95,251,3.48697525842405e-06,0.00127274596932478,198781.789141004,544.607641482202,4.60144457583884e-07,0.000167952727018118,26231.4274587599,71.8669245445478,7.57800121451724,"Above"
590,0.76,1e+05,1555,95,1650,3.50828567432448e-05,0.0128052427112843,19757.4326866472,54.1299525661567,4.67027120236242e-06,0.00170464898886228,2630.13270510902,7.20584302769594,7.5119527802793,"Above"
600,0.56,3700,1.56,95,96.56,1.31564306353114e-06,0.000480209718188866,526850.480782806,1443.42597474741,6.46292322654634e-07,0.000235896697768941,258808.357946981,709.06399437529,2.03567800113602,"Above"
600,0.56,3700,15.6,95,110.6,1.32034003539948e-05,0.00481924112920811,52497.6265186283,143.829113749667,2.57950338608836e-06,0.000941518735922253,10256.2826041575,28.099404394952,5.11858229192591,"Above"
600,0.56,3700,156,95,251,0.000136991239071682,0.0500018022611638,5059.79203675391,13.8624439363121,2.70328376105081e-05,0.00986698572783547,998.461926466255,2.73551212730481,5.0675863572099,"Above"
600,0.56,3700,1555,95,1650,0.00257388418189101,0.939467726390218,269.300066194391,0.737808400532579,0.00116246671459528,0.424300350827278,121.62643734781,0.333223116021398,2.21415731700079,"Above"
600,0.56,10000,1.56,95,96.56,4.723648432303e-07,0.00017241316777906,1467397.90332365,4020.26822828396,2.30718984893383e-07,8.42124294860849e-05,716726.825760926,1963.63513907103,2.04736009673666,"Above"
600,0.56,10000,15.6,95,110.6,4.72968373872635e-06,0.00172633456463512,146552.543224931,401.513817054605,8.87997070746823e-07,0.00032411893082259,27515.2074183464,75.3841299132778,5.32623799620036,"Above"
600,0.56,10000,156,95,251,4.79119043758837e-05,0.0174878450971975,14467.1181325207,39.6359400890978,8.84615025135673e-06,0.00322884484174521,2671.11696709812,7.31812867698115,5.4161305216962,"Above"
600,0.56,10000,1555,95,1650,0.000553235318769355,0.201930891350814,1252.89755921914,3.43259605265517,0.000119372876667521,0.0435710999836453,270.340632167877,0.740659266213363,4.63451442416213,"Above"
600,0.56,1e+05,1.56,95,96.56,4.65081169214078e-08,1.69754626763139e-05,14903789.4123141,40832.2997597647,2.26631078023421e-08,8.27203434785485e-06,7262521.22152045,19897.3184151245,2.05215089329459,"Above"
600,0.56,1e+05,15.6,95,110.6,4.6513958067226e-07,0.000169775946945375,1490191.78191232,4082.71721071869,8.58440593954742e-08,3.13330816793481e-05,275023.062221972,753.487841704033,5.41842480362459,"Above"
600,0.56,1e+05,156,95,251,4.65724773284676e-06,0.00169989542248907,148831.932574962,407.758719383458,8.34509765622391e-07,0.000304596064452173,26668.4763823677,73.0643188558019,5.58081873298788,"Above"
600,0.56,1e+05,1555,95,1650,4.70153467201883e-05,0.0171606015528687,14742.9983806183,40.3917763852557,8.52976600009218e-06,0.00311336459003365,2674.75058888407,7.32808380516183,5.51191518262989,"Above"
600,0.76,3700,1.56,95,96.56,9.57212623229238e-07,0.000349382607478672,724130.839626367,1983.92010856539,4.5383932790664e-07,0.000165651354685924,343329.209829901,940.627972136716,2.10914428162151,"Above"
600,0.76,3700,15.6,95,110.6,9.59695549947332e-06,0.00350288875730776,72225.7366513771,197.878730551718,1.40698026394236e-06,0.000513547796338962,10588.7941256749,29.0103948648626,6.82095957237,"Above"
600,0.76,3700,156,95,251,9.85508720447041e-05,0.035971068296317,7033.39469432116,19.2695745049895,1.41210648357405e-05,0.0051541886650453,1007.79445613439,2.76108070173806,6.97899720673125,"Above"
600,0.76,3700,1555,95,1650,0.00141564278669082,0.516709617142149,489.634240414726,1.34146367236911,0.00031007033120883,0.113175670891223,107.245311122216,0.293822770197852,4.56555382506879,"Above"
600,0.76,10000,1.56,95,96.56,3.46471719827558e-07,0.000126462177737059,2000588.04483359,5481.06313653039,1.63730269032254e-07,5.97615481967728e-05,945407.085364264,2590.15639825826,2.11611281087741,"Above"
600,0.76,10000,15.6,95,110.6,3.46796262349629e-06,0.00126580635757615,199871.5833509,547.593379043562,4.89811151910613e-07,0.000178781070447374,28229.6382931034,77.3414747756259,7.08020348244168,"Above"
600,0.76,10000,156,95,251,3.50086925644852e-05,0.0127781727860371,19799.2878278212,54.2446241858115,4.73031005986001e-06,0.0017265631718489,2675.24330471619,7.3294337115512,7.40092977446836,"Above"
600,0.76,10000,1555,95,1650,0.000386963742546478,0.141241766029465,1791.24580509424,4.90752275368284,5.82055184970064e-05,0.0212450142514073,269.431937356702,0.738169691388225,6.64823117358503,"Above"
600,0.76,1e+05,1.56,95,96.56,3.42536949866879e-08,1.25025986701411e-05,20235690.8015128,55440.2487712679,1.61688571951032e-08,5.90163287621265e-06,9551903.66881817,26169.5990926525,2.11849820759515,"Above"
600,0.76,1e+05,15.6,95,110.6,3.42568633514059e-07,0.000125037551232632,2023381.92335259,5543.51211877422,4.77333752650647e-08,1.74226819717486e-05,281937.221342169,772.430743403202,7.17671087811759,"Above"
600,0.76,1e+05,156,95,251,3.42885900411698e-06,0.0012515335365027,202150.9720078,553.838279473425,4.52475383290819e-07,0.000165153514901149,26676.0279241627,73.0850080114045,7.57800121451724,"Above"
600,0.76,1e+05,1555,95,1650,3.44981424641907e-05,0.0125918219994296,20092.3044270989,55.0474093893119,4.59243334898972e-06,0.00167623817238125,2674.71122553459,7.32797596036875,7.5119527802793,"Above"
610,0.56,3700,1.56,95,96.56,1.29407514445686e-06,0.000472337427726754,535631.322129186,1467.48307432654,6.35697366545541e-07,0.000232029538789123,263121.830579431,720.881727614879,2.03567800113602,"Above"
610,0.56,3700,15.6,95,110.6,1.29869511678638e-05,0.00474023717627028,53372.5869606054,146.226265645494,2.53721644533282e-06,0.000926084002546479,10427.2206475601,28.5677278015345,5.11858229192591,"Above"
610,0.56,3700,156,95,251,0.000134745481054113,0.0491821005847513,5144.12190403314,14.0934846685839,2.65896763382047e-05,0.00970523186344472,1015.10295857403,2.78110399609322,5.0675863572099,"Above"
610,0.56,3700,1555,95,1650,0.00253168935923706,0.924066616121526,273.788400630965,0.750105207208122,0.00114340988320847,0.417344607371093,123.65354463694,0.338776834621754,2.21415731700078,"Above"
610,0.56,10000,1.56,95,96.56,4.64621157275705e-07,0.000169586722405632,1491854.53504571,4087.27269875536,2.26936706452508e-07,8.28318978551654e-05,728672.272856941,1996.36239138888,2.04736009673666,"Above"
610,0.56,10000,15.6,95,110.6,4.65214793973084e-06,0.00169803399800176,148995.085612013,408.205714005515,8.73439741718187e-07,0.000318805505727138,27973.7942086522,76.6405320784991,5.32623799620036,"Above"
610,0.56,10000,156,95,251,4.71264633205413e-05,0.0172011591119976,14708.2367680627,40.2965390905828,8.70113139477711e-06,0.00317591295909365,2715.63558321642,7.44009748826417,5.4161305216962,"Above"
610,0.56,10000,1555,95,1650,0.000544165887314119,0.198620548869653,1273.77918520612,3.48980598686609,0.000117415944263136,0.0428568196560445,274.846309370675,0.753003587316919,4.63451442416213,"Above"
610,0.56,1e+05,1.56,95,96.56,4.57456887751553e-08,1.66971764029317e-05,15152185.9025194,41512.8380890941,2.22915814449266e-08,8.13642722739821e-06,7383563.24187913,20228.9403887099,2.05215089329459,"Above"
610,0.56,1e+05,15.6,95,110.6,4.57514341644846e-07,0.000166992734700369,1515028.31161086,4150.762497564,8.44367797332533e-08,3.08194246026375e-05,279606.779925672,766.0459723991,5.41842480362459,"Above"
610,0.56,1e+05,156,95,251,4.58089940935747e-06,0.00167202828441548,151312.464784545,414.554698039849,8.20829277661368e-07,0.000299602686346399,27112.9509887405,74.2820575033986,5.58081873298788,"Above"
610,0.56,1e+05,1555,95,1650,4.62446033313327e-05,0.0168792802159365,14988.7150202953,41.0649726583433,8.38993377058247e-06,0.0030623258262626,2719.32976536547,7.45021853524786,5.51191518262989,"Above"
610,0.76,3700,1.56,95,96.56,9.41520613012365e-07,0.000343655023749513,736199.686953473,2016.98544370815,4.46399338924564e-07,0.000162935758707466,349051.363327066,956.305105005661,2.10914428162151,"Above"
610,0.76,3700,15.6,95,110.6,9.43962836013769e-06,0.00344546435145026,73429.4989289,201.176709394247,1.3839150137138e-06,0.000505128980005537,10765.2740277694,29.4939014459437,6.82095957236999,"Above"
610,0.76,3700,156,95,251,9.69352839783975e-05,0.0353813786521151,7150.61793922651,19.5907340800726,1.38895719695809e-05,0.00506969376889702,1024.5910304033,2.8070987134337,6.97899720673125,"Above"
610,0.76,3700,1555,95,1650,0.00139243552789261,0.508238967680802,497.794811088305,1.36382140024193,0.000304987211025078,0.111320332024154,109.032732974253,0.298719816367817,4.56555382506879,"Above"
610,0.76,10000,1.56,95,96.56,3.4079185556809e-07,0.000124389027282353,2033931.17891415,5572.41418880589,1.61046166261234e-07,5.87818506853503e-05,961163.870120335,2633.32567156256,2.11611281087741,"Above"
610,0.76,10000,15.6,95,110.6,3.41111077720947e-06,0.00124505543368146,203202.776406748,556.719935360955,4.81781460895684e-07,0.000175850233226925,28700.1322646552,78.6304993552196,7.08020348244168,"Above"
610,0.76,10000,156,95,251,3.44347795716248e-05,0.012568694543643,20129.2759582849,55.148701255575,4.65276399330493e-06,0.0016982588575563,2719.83069312813,7.45159094007706,7.40092977446837,"Above"
610,0.76,10000,1555,95,1650,0.00038062007463588,0.138926327242096,1821.09990184581,4.98931479957755,5.72513296691867e-05,0.0208967353292531,273.922469645981,0.750472519578029,6.64823117358503,"Above"
610,0.76,1e+05,1.56,95,96.56,3.36921590032996e-08,1.22976380362043e-05,20572952.3148713,56364.2529174557,1.59037939623966e-08,5.80488479627474e-06,9711102.06329848,26605.7590775301,2.11849820759514,"Above"
610,0.76,1e+05,15.6,95,110.6,3.36952754276124e-07,0.000122987755310785,2057104.95540847,5635.90398742045,4.69508609164571e-08,1.71370642345068e-05,286636.175031205,785.304589126588,7.17671087811759,"Above"
610,0.76,1e+05,156,95,251,3.3726482007708e-06,0.00123101659328134,205520.154874597,563.068917464649,4.45057754056543e-07,0.000162446080230638,27120.6283895654,74.3030914782613,7.57800121451724,"Above"
610,0.76,1e+05,1555,95,1650,3.39325991451056e-05,0.0123853986879635,20427.1761675505,55.9648662124671,4.51714755638333e-06,0.00164875885807991,2719.28974596017,7.45010889304156,7.5119527802793,"Above"
620,0.56,3700,1.56,95,96.56,1.27320296470756e-06,0.000464719082118258,544412.163475566,1491.54017390566,6.25444183214162e-07,0.000228287126873169,267435.30321188,732.699460854467,2.03567800113602,"Above"
620,0.56,3700,15.6,95,110.6,1.27774842135434e-05,0.00466378173794334,54247.5474025826,148.623417541322,2.49629359944035e-06,0.000911147163795729,10598.1586909627,29.0360512081171,5.11858229192591,"Above"
620,0.56,3700,156,95,251,0.000132572166843563,0.0483888408979004,5228.45177131237,14.3245254008558,2.61608105908143e-05,0.00954869586564723,1031.7439906818,2.82669586488164,5.0675863572099,"Above"
620,0.56,3700,1555,95,1650,0.00249085565989452,0.909162315861501,278.276735067538,0.762402013883665,0.00112496778831802,0.410613242736076,125.68065192607,0.344330553222111,2.21415731700078,"Above"
620,0.56,10000,1.56,95,96.56,4.57127267642226e-07,0.000166851452689413,1516311.16676777,4154.27716922676,2.23276436993597e-07,8.14958995026628e-05,740617.719952956,2029.08964370673,2.04736009673666,"Above"
620,0.56,10000,15.6,95,110.6,4.57711329554163e-06,0.00167064635287269,151437.627999095,414.897610956425,8.59352003948539e-07,0.000313663481441217,28432.380998958,77.8969342437205,5.32623799620036,"Above"
620,0.56,10000,156,95,251,4.63663590734358e-05,0.0169237210618041,14949.3554036047,40.9571380920678,8.5607905658291e-06,0.00312468855652762,2760.15419933473,7.56206629954719,5.4161305216962,"Above"
620,0.56,10000,1555,95,1650,0.000535389018163891,0.19541699162982,1294.66081119311,3.54701592107701,0.000115522138710505,0.0421655806293341,279.351986573473,0.765347908420475,4.63451442416213,"Above"
620,0.56,1e+05,1.56,95,96.56,4.50078550852334e-08,1.64278671061102e-05,15400582.3927246,42193.3764184235,2.19320398087181e-08,8.00519453018211e-06,7504605.2622378,20560.5623622953,2.05215089329459,"Above"
620,0.56,1e+05,15.6,95,110.6,4.50135078069929e-07,0.000164299303495524,1539864.8413094,4218.80778440931,8.30748961891686e-08,3.03223371090465e-05,284190.497629371,778.604103094168,5.41842480362459,"Above"
620,0.56,1e+05,156,95,251,4.50701393501299e-06,0.00164506008627974,153792.996994128,421.35067669624,8.07590095763604e-07,0.000294770384953715,27557.4255951133,75.4997961509953,5.58081873298788,"Above"
620,0.56,1e+05,1555,95,1650,4.54987226324403e-05,0.0166070337608407,15234.4316599723,41.7381689314309,8.25461225815372e-06,0.00301293347422611,2763.90894184687,7.57235326533389,5.51191518262989,"Above"
620,0.76,3700,1.56,95,96.56,9.26334796673456e-07,0.000338112200785811,748268.534280579,2050.0507788509,4.39199349587071e-07,0.000160307762599281,354773.516824231,971.982237874607,2.10914428162151,"Above"
620,0.76,3700,15.6,95,110.6,9.28737628981289e-06,0.00338989234578171,74633.261206423,204.474688236775,1.36159380381519e-06,0.000496981738392544,10941.753929864,29.9774080270247,6.82095957237,"Above"
620,0.76,3700,156,95,251,9.53718116561653e-05,0.0348107112545003,7267.84118413186,19.9118936551558,1.36655466152328e-05,0.00498792451455997,1041.38760467221,2.85311672512933,6.97899720673125,"Above"
620,0.76,3700,1555,95,1650,0.00136997689034595,0.500041564976273,505.955381761884,1.38617912811475,0.000300068062460158,0.109524842797958,110.82015482629,0.303616862537781,4.56555382506879,"Above"
620,0.76,10000,1.56,95,96.56,3.35295212736346e-07,0.000122382752648766,2067274.31299471,5663.7652410814,1.58448647450569e-07,5.78337563194575e-05,976920.654876406,2676.49494486687,2.11611281087741,"Above"
620,0.76,10000,15.6,95,110.6,3.35609286144802e-06,0.00122497389442853,206533.969462597,565.846491678347,4.7401079217156e-07,0.00017301393914262,29170.6262362069,79.9195239348134,7.08020348244168,"Above"
620,0.76,10000,156,95,251,3.38793799011147e-05,0.0123659736639069,20459.2640887486,56.0527783253385,4.57771941276775e-06,0.00167086758566023,2764.41808154006,7.57374816860291,7.40092977446836,"Above"
620,0.76,10000,1555,95,1650,0.000374481041174011,0.136685580028514,1850.95399859738,5.07110684547227,5.63279211261353e-05,0.0205596912110394,278.413001935259,0.762775347767833,6.64823117358503,"Above"
620,0.76,1e+05,1.56,95,96.56,3.31487370838915e-08,1.20992890356204e-05,20910213.8282299,57288.2570636435,1.56472811565514e-08,5.71125762214128e-06,9870300.45777878,27041.9190624076,2.11849820759515,"Above"
620,0.76,1e+05,15.6,95,110.6,3.3151803243296e-07,0.000121004081838031,2090827.98746434,5728.29585606669,4.61935889661916e-08,1.686065997266e-05,291335.128720241,798.178434849975,7.17671087811759,"Above"
620,0.76,1e+05,156,95,251,3.31825064914546e-06,0.00121116148693809,208889.337741394,572.299555455873,4.37879403184664e-07,0.000159825982162402,27565.2288549681,75.521174945118,7.57800121451723,"Above"
620,0.76,1e+05,1555,95,1650,3.33852991588942e-05,0.0121856341929964,20762.0479080021,56.8823230356223,4.44429033773198e-06,0.00162216597327217,2763.86826638575,7.57224182571438,7.5119527802793,"Above"
630,0.56,3700,1.56,95,96.56,1.25299339383918e-06,0.000457342588751301,553193.004821946,1515.59727348478,6.15516497766318e-07,0.000224663521684706,271748.77584433,744.517194094055,2.03567800113602,"Above"
630,0.56,3700,15.6,95,110.6,1.25746670038046e-05,0.00458975345638868,55122.5078445597,151.02056943715,2.45666989151273e-06,0.000896684510402146,10769.0967343654,29.5043746146996,5.11858229192591,"Above"
630,0.56,3700,156,95,251,0.000130467846734935,0.0476207640582512,5312.7816385916,14.5555661331277,2.57455596290554e-05,0.00939712926460521,1048.38502278957,2.87228773367005,5.0675863572099,"Above"
630,0.56,3700,1555,95,1650,0.00245131826846763,0.894731167990684,282.765069504111,0.774698820559208,0.00110711115675741,0.404095572216455,127.707759215201,0.349884271822467,2.21415731700078,"Above"
630,0.56,10000,1.56,95,96.56,4.49871279266953e-07,0.000164203016932438,1540767.79848983,4221.28163969816,2.19732366565127e-07,8.02023137962713e-05,752563.167048972,2061.81689602458,2.04736009673666,"Above"
630,0.56,10000,15.6,95,110.6,4.5044607035489e-06,0.00164412815679535,153880.170386177,421.589507907335,8.45711495949356e-07,0.000308684696021515,28890.9677892637,79.1533364089418,5.32623799620036,"Above"
630,0.56,10000,156,95,251,4.56303851198892e-05,0.0166550905687596,15190.4740391467,41.6177370935527,8.42490500129212e-06,0.00307509032547163,2804.67281545303,7.68403511083021,5.4161305216962,"Above"
630,0.56,10000,1555,95,1650,0.000526890779780338,0.192315134619823,1315.54243718009,3.60422585528793,0.000113688453969068,0.0414962856987098,283.857663776271,0.777692229524031,4.63451442416213,"Above"
630,0.56,1e+05,1.56,95,96.56,4.42934446870551e-08,1.61671073107751e-05,15648978.8829298,42873.9147477529,2.15839121927067e-08,7.87812795033795e-06,7625647.28259648,20892.1843358808,2.05215089329459,"Above"
630,0.56,1e+05,15.6,95,110.6,4.42990076830724e-07,0.000161691378043214,1564701.37100794,4286.85307125463,8.17562470433088e-08,2.98410301708077e-05,288774.215333071,791.162233789235,5.41842480362459,"Above"
630,0.56,1e+05,156,95,251,4.43547403128263e-06,0.00161894802141816,156273.52920371,428.146655352631,7.94771205354658e-07,0.00029009148995445,28001.9002014861,76.717534798592,5.58081873298788,"Above"
630,0.56,1e+05,1555,95,1650,4.47765206858936e-05,0.0163434300503512,15480.1482996492,42.4113652045185,8.12358666675446e-06,0.00296510913336538,2808.48811832827,7.69448799541992,5.51191518262989,"Above"
630,0.76,3700,1.56,95,96.56,9.11631069742131e-07,0.000332745340455878,760337.381607685,2083.11611399366,4.32227931339657e-07,0.000157763194938975,360495.670321396,987.659370743552,2.10914428162151,"Above"
630,0.76,3700,15.6,95,110.6,9.13995761854602e-06,0.0033360845307693,75837.0234839459,207.772667079304,1.33998120375463e-06,0.00048909313937044,11118.2338319586,30.4609146081057,6.82095957237,"Above"
630,0.76,3700,156,95,251,9.38579733759087e-05,0.0342581602822067,7385.06442903722,20.233053230239,1.34486331768958e-05,0.00490875110956695,1058.18417894111,2.89913473682496,6.97899720673125,"Above"
630,0.76,3700,1555,95,1650,0.00134823122541983,0.492104397278237,514.115952435463,1.40853685598757,0.000295305077341743,0.107786353229736,112.607576678327,0.308513908707745,4.56555382506879,"Above"
630,0.76,10000,1.56,95,96.56,3.29973066502436e-07,0.000120440169273389,2100617.44707527,5755.1162933569,1.55933589554528e-07,5.69157601874026e-05,992677.439632477,2719.66421817117,2.11611281087741,"Above"
630,0.76,10000,15.6,95,110.6,3.30282154618694e-06,0.00120552986435823,209865.162518445,574.97304799574,4.66486811343441e-07,0.000170267686140356,29641.1202077586,81.2085485144072,7.08020348244168,"Above"
630,0.76,10000,156,95,251,3.33416119661764e-05,0.0121696883676544,20789.2522192122,56.956855395102,4.50505719986668e-06,0.00164434587795134,2809.005469952,7.69590539712876,7.40092977446836,"Above"
630,0.76,10000,1555,95,1650,0.000368536897663313,0.134515967647109,1880.80809534895,5.15289889136698,5.54338271400061e-05,0.0202333469061022,282.903534224537,0.775078175957637,6.64823117358503,"Above"
630,0.76,1e+05,1.56,95,96.56,3.26225666539885e-08,1.19072368287058e-05,21247475.3415884,58212.2612098313,1.5398911614384e-08,5.62060273925015e-06,10029498.8522591,27478.0790472852,2.11849820759514,"Above"
630,0.76,1e+05,15.6,95,110.6,3.26255841441961e-07,0.000119083382126316,2124551.01952022,5820.68772471293,4.54603573952997e-08,1.65930304492844e-05,296034.082409277,811.052280573362,7.1767108781176,"Above"
630,0.76,1e+05,156,95,251,3.26558000392093e-06,0.00119193670143114,212258.52060819,581.530193447097,4.30928936467447e-07,0.000157289061810618,28009.8293203708,76.7392584119748,7.57800121451724,"Above"
630,0.76,1e+05,1555,95,1650,3.28553737754197e-05,0.0119922114280282,21096.9196484538,57.7997798587775,4.37374604665687e-06,0.00159641730702976,2808.44678681132,7.69437475838719,7.5119527802793,"Above"
640,0.56,3700,1.56,95,96.56,1.23341537206044e-06,0.000450196610802062,561973.846168326,1539.65437306391,6.05899052488719e-07,0.000221153154158382,276062.24847678,756.334927333643,2.03567800113602,"Above"
640,0.56,3700,15.6,95,110.6,1.23781878318702e-05,0.00451803855863261,55997.4682865368,153.417721332978,2.41828442445784e-06,0.000882673814927112,10940.034777768,29.9726980212821,5.11858229192591,"Above"
640,0.56,3700,156,95,251,0.000128429286629702,0.0468766896198411,5397.11150587083,14.7866068653995,2.53432852598514e-05,0.00925029911984575,1065.02605489734,2.91787960245846,5.0675863572099,"Above"
640,0.56,3700,1555,95,1650,0.00241301642052282,0.88075099349083,287.253403940684,0.786995627234751,0.00108981254493308,0.397781578900573,129.734866504331,0.355437990422824,2.21415731700079,"Above"
640,0.56,10000,1.56,95,96.56,4.42842040528407e-07,0.000161637344792868,1565224.43021189,4288.28611016956,2.16299048337547e-07,7.89491526432046e-05,764508.614144987,2094.54414834243,2.04736009673666,"Above"
640,0.56,10000,15.6,95,110.6,4.43407850505595e-06,0.00161843865434542,156322.712773259,428.281404858245,8.32497253825147e-07,0.000303861497646179,29349.5545795695,80.4097385741631,5.32623799620036,"Above"
640,0.56,10000,156,95,251,4.4917410352391e-05,0.0163948547786227,15431.5926746888,42.2783360950377,8.29326586064694e-06,0.00302704203913613,2849.19143157133,7.80600392211323,5.4161305216962,"Above"
640,0.56,10000,1555,95,1650,0.00051865811134627,0.189310210641389,1336.42406316708,3.66143578949885,0.000111912071875801,0.0408479062346675,288.363340979069,0.790036550627587,4.63451442416213,"Above"
640,0.56,1e+05,1.56,95,96.56,4.36013596138199e-08,1.59144962590442e-05,15897375.3731351,43554.4530770824,2.12466635646957e-08,7.75503220111392e-06,7746689.30295515,21223.8063094662,2.05215089329459,"Above"
640,0.56,1e+05,15.6,95,110.6,4.36068356880244e-07,0.000159164950261289,1589537.90070648,4354.89835809994,8.04788056832571e-08,2.93747640743888e-05,293357.93303677,803.720364484302,5.41842480362459,"Above"
640,0.56,1e+05,156,95,251,4.36616974954384e-06,0.0015936519585835,158754.061413293,434.942634009022,7.82352905270991e-07,0.000285558810423912,28446.3748078589,77.9352734461886,5.58081873298788,"Above"
640,0.56,1e+05,1555,95,1650,4.40768875501765e-05,0.0160880639558144,15725.8649393262,43.0845614776061,7.99665562508642e-06,0.00291877930315654,2853.06729480967,7.81662272550595,5.51191518262989,"Above"
640,0.76,3700,1.56,95,96.56,8.9738683427741e-07,0.000327546194511255,772406.228934792,2116.18144913642,4.25474369912475e-07,0.000155298145018053,366217.823818561,1003.3365036125,2.10914428162151,"Above"
640,0.76,3700,15.6,95,110.6,8.99714578075624e-06,0.00328395820997603,77040.7857614689,211.070645921833,1.31904399744597e-06,0.000481451059067777,11294.7137340532,30.9444211891868,6.82095957237,"Above"
640,0.76,3700,156,95,251,9.23914425419101e-05,0.0337228765277972,7502.28767394257,20.5542128053221,1.32384982835068e-05,0.00483205187347997,1074.98075321002,2.9451527485206,6.97899720673125,"Above"
640,0.76,3700,1555,95,1650,0.00132716511252264,0.484415266070764,522.276523109041,1.43089458386039,0.000290690935508278,0.106102191460521,114.394998530364,0.313410954877709,4.56555382506879,"Above"
640,0.76,10000,1.56,95,96.56,3.24817237338335e-07,0.000118558291628492,2133960.58115583,5846.46734563241,1.53497127217738e-07,5.60264514344745e-05,1008434.22438855,2762.83349147547,2.11611281087741,"Above"
640,0.76,10000,15.6,95,110.6,3.25121495952777e-06,0.00118669346022764,213196.355574293,584.099604313133,4.59197954916199e-07,0.000167607253544413,30111.6141793103,82.497573094001,7.08020348244168,"Above"
640,0.76,10000,156,95,251,3.28206492792049e-05,0.0119795369869098,21119.2403496759,57.8609324648656,4.43466568111876e-06,0.00161865297360835,2853.59285836393,7.81806262565461,7.40092977446836,"Above"
640,0.76,10000,1555,95,1650,0.000362778508637323,0.132414155652623,1910.66219210052,5.2346909372617,5.45676735909435e-05,0.0199172008606944,287.394066513816,0.78738100414744,6.64823117358503,"Above"
640,0.76,1e+05,1.56,95,96.56,3.21128390500199e-08,1.17211862532573e-05,21584736.854947,59136.2653560191,1.51583036204092e-08,5.53278082144936e-06,10188697.2467394,27914.2390321627,2.11849820759515,"Above"
640,0.76,1e+05,15.6,95,110.6,3.2115809391943e-07,0.000117222704280592,2158274.0515761,5913.07959335916,4.47500393109982e-08,1.63337643485143e-05,300733.036098313,823.926126296748,7.17671087811759,"Above"
640,0.76,1e+05,156,95,251,3.21455531635967e-06,0.00117331269047128,215627.703474987,590.760831438321,4.24195671835143e-07,0.000154831420219827,28454.4297857735,77.9573418788315,7.57800121451724,"Above"
640,0.76,1e+05,1555,95,1650,3.23420085601788e-05,0.0118048331244652,21431.7913889054,58.7172366819327,4.30540626467786e-06,0.00157147328660742,2853.0253072369,7.81650769106,7.5119527802793,"Above"
650,0.56,3700,1.56,95,96.56,1.21443975095182e-06,0.000443270509097415,570754.687514707,1563.71147264303,5.96577528604277e-07,0.000217750797940561,280375.721109229,768.152660573231,2.03567800113602,"Above"
650,0.56,3700,15.6,95,110.6,1.21877541729183e-05,0.00444853027311518,56872.428728514,155.814873228805,2.38108004869695e-06,0.000869094217774388,11110.9728211706,30.4410214278647,5.11858229192591,"Above"
650,0.56,3700,156,95,251,0.000126453451450783,0.0461555097795358,5481.44137315007,15.0176475976714,2.4953388563546e-05,0.00910798682569428,1081.66708700511,2.96347147124688,5.0675863572099,"Above"
650,0.56,3700,1555,95,1650,0.00237589309097632,0.867200978206355,291.741738377257,0.799292433910294,0.00107304619808795,0.391661862302103,131.761973793461,0.360991709023181,2.21415731700078,"Above"
650,0.56,10000,1.56,95,96.56,4.36029086058739e-07,0.00015915061641144,1589681.06193395,4355.29058064096,2.12971370670815e-07,7.77345502948476e-05,776454.061241003,2127.27140066028,2.04736009673666,"Above"
650,0.56,10000,15.6,95,110.6,4.36586191267048e-06,0.00159353959812472,158765.255160342,434.973301809155,8.19689603766299e-07,0.000299186705374699,29808.1413698753,81.6661407393843,5.32623799620036,"Above"
650,0.56,10000,156,95,251,4.42263732700465e-05,0.016142626243567,15672.7113102308,42.9389350965227,8.16567715509852e-06,0.00298047216161096,2893.71004768963,7.92797273339625,5.4161305216962,"Above"
650,0.56,10000,1555,95,1650,0.000510678755787097,0.18639774586229,1357.30568915406,3.71864572370977,0.000110190347693097,0.0402194769079803,292.869018181867,0.802380871731143,4.63451442416213,"Above"
650,0.56,1e+05,1.56,95,96.56,4.29305694659149e-08,1.5669657855059e-05,16145771.8633403,44234.9914064118,2.09197918175465e-08,7.63572401340448e-06,7867731.32331382,21555.4282830516,2.05215089329459,"Above"
650,0.56,1e+05,15.6,95,110.6,4.2935961292824e-07,0.000156716258718808,1614374.43040502,4422.94364494525,7.9240670211207e-08,2.89228446270905e-05,297941.65074047,816.278495179369,5.41842480362459,"Above"
650,0.56,1e+05,156,95,251,4.29899790724316e-06,0.00156913423614375,161234.593622876,441.738612665413,7.70316706728361e-07,0.000281165597955852,28890.8494142317,79.1530120937854,5.58081873298788,"Above"
650,0.56,1e+05,1555,95,1650,4.33987815878661e-05,0.0158405552795711,15971.5815790032,43.7577577506937,7.87363015393124e-06,0.0028738750061849,2897.64647129107,7.93875745559198,5.51191518262989,"Above"
650,0.76,3700,1.56,95,96.56,8.83580882980835e-07,0.000322507022288005,784475.076261898,2149.24678427917,4.1892861037536e-07,0.000152908942787006,371939.977315726,1019.01363648144,2.10914428162151,"Above"
650,0.76,3700,15.6,95,110.6,8.85872815335999e-06,0.0032334357759764,78244.5480389918,214.368624764361,1.29875101286987e-06,0.000474044119697504,11471.1936361478,31.4279277702678,6.82095957237,"Above"
650,0.76,3700,156,95,251,9.0970035733573e-05,0.0332040630427542,7619.51091884792,20.8753723804053,1.30348290791451e-05,0.00475771261388797,1091.77732747892,2.99117076021623,6.97899720673125,"Above"
650,0.76,3700,1555,95,1650,0.0013067471877146,0.47696272351583,530.43709378262,1.45325231173321,0.000286218767269689,0.104469850053436,116.182420382401,0.318308001047674,4.56555382506879,"Above"
650,0.76,10000,1.56,95,96.56,3.19820049071592e-07,0.000116734317911131,2167303.71523639,5937.81839790792,1.5113563295285e-07,5.51645060277903e-05,1024191.00914462,2806.00276477978,2.11611281087741,"Above"
650,0.76,10000,15.6,95,110.6,3.20119626784273e-06,0.0011684366377626,216527.548630142,593.226160630525,4.52133370994412e-07,0.00016502868041296,30582.1081508621,83.7865976735947,7.08020348244168,"Above"
650,0.76,10000,156,95,251,3.23157162133709e-05,0.0117952364178804,21449.2284801396,58.7650095346291,4.36644005525539e-06,0.00159375062016822,2898.18024677587,7.94021985418047,7.40092977446836,"Above"
650,0.76,10000,1555,95,1650,0.000357197300812134,0.130377014796429,1940.51628885209,5.31648298315641,5.37281709203136e-05,0.0196107823859145,291.884598803094,0.799683832337245,6.64823117358503,"Above"
650,0.76,1e+05,1.56,95,96.56,3.16187953723273e-08,1.15408603108995e-05,21921998.3683055,60060.2695022069,1.4925098949326e-08,5.44766111650399e-06,10347895.6412197,28350.3990170402,2.11849820759514,"Above"
650,0.76,1e+05,15.6,95,110.6,3.16217200166824e-07,0.000115419278060891,2191997.08363197,6005.4714620054,4.4061577167752e-08,1.60824756662295e-05,305431.989787349,836.799972020135,7.17671087811759,"Above"
650,0.76,1e+05,156,95,251,3.1651006191849e-06,0.00115526172600249,218996.886341784,599.991469429544,4.17669584576141e-07,0.000152449398370291,28899.0302511762,79.1754253456883,7.57800121451724,"Above"
650,0.76,1e+05,1555,95,1650,3.18444391977145e-05,0.0116232203071658,21766.6631293571,59.6346935050879,4.23916924522128e-06,0.00154729677450577,2897.60382766248,7.93864062373282,7.5119527802793,"Above"
660,0.56,3700,1.56,95,96.56,1.19603914866467e-06,0.000436554289262606,579535.528861087,1587.76857222216,5.87538475140576e-07,0.00021445154342631,284689.193741679,779.97039381282,2.03567800113602,"Above"
660,0.56,3700,15.6,95,110.6,1.20030912309044e-05,0.0043811282992801,57747.3891704911,158.212025124633,2.34500307826215e-06,0.000855926123565685,11281.9108645732,30.9093448344472,5.11858229192591,"Above"
660,0.56,3700,156,95,251,0.000124537490065165,0.0454561838737853,5565.7712404293,15.2486883299433,2.45753069186438e-05,0.00896998702530497,1098.30811911288,3.00906334003529,5.0675863572099,"Above"
660,0.56,3700,1555,95,1650,0.00233989471081001,0.854061569445653,296.23007281383,0.811589240585837,0.00105678792235935,0.385727591661162,133.789081082591,0.366545427623537,2.21415731700078,"Above"
660,0.56,10000,1.56,95,96.56,4.29422584754818e-07,0.000156739243435509,1614137.69365601,4422.29505111236,2.09744531721257e-07,7.6556754078259e-05,788399.508337018,2159.99865297813,2.04736009673666,"Above"
660,0.56,10000,15.6,95,110.6,4.29971248975123e-06,0.0015693950587592,161207.797547424,441.665198760065,8.07270064315294e-07,0.000294653573475082,30266.7281601811,82.9225429046057,5.32623799620036,"Above"
660,0.56,10000,156,95,251,4.35562767053488e-05,0.0158980409974523,15913.8299457728,43.5995340980076,8.04195477396067e-06,0.00293531349249564,2938.22866380793,8.04994154467927,5.4161305216962,"Above"
660,0.56,10000,1555,95,1650,0.000502941198881231,0.183573537591649,1378.18731514105,3.77585565792069,0.000108520796970474,0.039610090894223,297.374695384665,0.814725192834699,4.63451442416213,"Above"
660,0.56,1e+05,1.56,95,96.56,4.2280106292189e-08,1.5432238796649e-05,16394168.3535455,44915.5297357412,2.06028252748564e-08,7.52003122532259e-06,7988773.3436725,21887.050256637,2.05215089329459,"Above"
660,0.56,1e+05,15.6,95,110.6,4.22854164247509e-07,0.000154341769950341,1639210.96010355,4490.98893179056,7.80400539958857e-08,2.84846197084983e-05,302525.368444169,828.836625874436,5.41842480362459,"Above"
660,0.56,1e+05,156,95,251,4.23386157531524e-06,0.00154535947499006,163715.125832459,448.534591321804,7.58645241474901e-07,0.000276905513138339,29335.3240206044,80.370750741382,5.58081873298788,"Above"
660,0.56,1e+05,1555,95,1650,4.27412242910803e-05,0.0156005468662443,16217.2982186802,44.4309540237813,7.75433272735652e-06,0.00283033144548513,2942.22564777247,8.06089218567801,5.51191518262989,"Above"
660,0.76,3700,1.56,95,96.56,8.70193293844762e-07,0.000317620552253338,796543.923589004,2182.31211942193,4.12581207187854e-07,0.000150592140623567,377662.130812891,1034.69076935039,2.10914428162151,"Above"
660,0.76,3700,15.6,95,110.6,8.7245049995212e-06,0.00318444432482524,79448.3103165148,217.66660360689,1.27907296722033e-06,0.00046686163303542,11647.6735382423,31.9114343513489,6.82095957236999,"Above"
660,0.76,3700,156,95,251,8.95917018588219e-05,0.03270097117847,7736.73416375328,21.1965319554884,1.2837331668855e-05,0.00468562605913209,1108.57390174783,3.03718877191187,6.97899720673125,"Above"
660,0.76,3700,1555,95,1650,0.00128694798790074,0.469736015583772,538.597664456199,1.47561003960602,0.000281882119280754,0.102886973537475,117.969842234438,0.323205047217638,4.56555382506879,"Above"
660,0.76,10000,1.56,95,96.56,3.14974290752325e-07,0.000114965616124599,2200646.84931695,6029.16945018342,1.48845699120231e-07,5.43286801788843e-05,1039947.79390069,2849.17203808408,2.11611281087741,"Above"
660,0.76,10000,15.6,95,110.6,3.15269329408754e-06,0.00115073305234195,219858.74168599,602.352716947918,4.45282865373284e-07,0.000162528245861249,31052.6021224138,85.0756222531885,7.08020348244168,"Above"
660,0.76,10000,156,95,251,3.1826084149532e-05,0.0116165207145792,21779.2166106033,59.6690866043926,4.30028187260001e-06,0.001569602883499,2942.76763518781,8.06237708270633,7.40092977446836,"Above"
660,0.76,10000,1555,95,1650,0.000351785220496798,0.128401605481331,1970.37038560366,5.39827502905112,5.29141077245513e-05,0.0193136493194612,296.375131092372,0.811986660527048,6.64823117358503,"Above"
660,0.76,1e+05,1.56,95,96.56,3.11397227151708e-08,1.13659987910374e-05,22259259.8816641,60984.2736483947,1.46989610864574e-08,5.36512079655696e-06,10507094.0357,28786.5590019178,2.11849820759514,"Above"
660,0.76,1e+05,15.6,95,110.6,3.11426030467327e-07,0.000113670501120574,2225720.11568785,6097.86333065164,4.33939775136952e-08,1.58388017924987e-05,310130.943476385,849.673817743522,7.17671087811759,"Above"
660,0.76,1e+05,156,95,251,3.11714454919725e-06,0.001137757760457,222366.06920858,609.222107420768,4.11341257537108e-07,0.000150139559001044,29343.6307165789,80.393508812545,7.57800121451724,"Above"
660,0.76,1e+05,1555,95,1650,3.13619476947188e-05,0.0114471109085724,22101.5348698087,60.5521503282431,4.17493940817247e-06,0.00152385288398295,2942.18234808805,8.06077355640563,7.5119527802793,"Above"
670,0.56,3700,1.56,95,96.56,1.17818781808759e-06,0.00043003855360197,588316.370207467,1611.82567180128,5.78769244168329e-07,0.00021125077412144,289002.666374129,791.788127052408,2.03567800113602,"Above"
670,0.56,3700,15.6,95,110.6,1.18239406155178e-05,0.00431573832466398,58622.3496124682,160.609177020461,2.31000303231794e-06,0.000843151106796048,11452.8489079759,31.3776682410298,5.11858229192591,"Above"
670,0.56,3700,156,95,251,0.00012267872155673,0.0447777333682064,5650.10110770853,15.4797290622151,2.42085112929924e-05,0.00883610662194221,1114.94915122065,3.0546552088237,5.0675863572099,"Above"
670,0.56,3700,1555,95,1650,0.00230497090915613,0.841314381841986,300.718407250404,0.82388604726138,0.00104101496829428,0.379970463427413,135.816188371721,0.372099146223894,2.21415731700078,"Above"
670,0.56,10000,1.56,95,96.56,4.23013292445045e-07,0.000154399851742441,1638594.32537807,4489.29952158376,2.06614016322433e-07,7.54141159576879e-05,800344.955433034,2192.72590529598,2.04736009673666,"Above"
670,0.56,10000,15.6,95,110.6,4.23553767647136e-06,0.00154597125191205,163650.339934506,448.357095710975,7.95221257385215e-07,0.000290255758945604,30725.3149504868,84.178945069827,5.32623799620036,"Above"
670,0.56,10000,156,95,251,4.29061830231794e-05,0.0156607568034605,16154.9485813148,44.2601330994926,7.92192559822991e-06,0.00289150284335392,2982.74727992623,8.17191035596229,5.4161305216962,"Above"
670,0.56,10000,1555,95,1650,0.000495434613823303,0.180833634045505,1399.06894112804,3.83306559213161,0.000106901083582855,0.039018895507742,301.880372587463,0.827069513938255,4.63451442416213,"Above"
670,0.56,1e+05,1.56,95,96.56,4.1649059929619e-08,1.52019068743109e-05,16642564.8437508,45596.0680650706,2.02953204200078e-08,7.40779195330285e-06,8109815.36403117,22218.6722302224,2.05215089329459,"Above"
670,0.56,1e+05,15.6,95,110.6,4.1654290806471e-07,0.000152038161443619,1664047.48980209,4559.03421863587,7.68752770705739e-08,2.80594761307595e-05,307109.086147869,841.394756569504,5.41842480362459,"Above"
670,0.56,1e+05,156,95,251,4.17066961150456e-06,0.00152229440819917,166195.658042041,455.330569978195,7.47322178169305e-07,0.000272772595031796,29779.7986269772,81.5884893889788,5.58081873298788,"Above"
670,0.56,1e+05,1555,95,1650,4.21032955703179e-05,0.015367702883166,16463.0148583571,45.1041502968689,7.638596417993e-06,0.00278808769256744,2986.80482425387,8.18302691576404,5.51191518262989,"Above"
670,0.76,3700,1.56,95,96.56,8.57205334235138e-07,0.000312879946995826,808612.77091611,2215.37745456468,4.06423278722364e-07,0.000148344496733663,383384.284310056,1050.36790221933,2.10914428162151,"Above"
670,0.76,3700,15.6,95,110.6,8.59428850699104e-06,0.00313691530505173,80652.0725940377,220.964582449418,1.25998232591853e-06,0.000459893548960265,11824.1534403369,32.3949409324299,6.82095957237,"Above"
670,0.76,3700,156,95,251,8.82545122788395e-05,0.0322128969817764,7853.95740865863,21.5176915305716,1.26457297036483e-05,0.00461569134183161,1125.37047601674,3.0832067836075,6.97899720673125,"Above"
670,0.76,3700,1555,95,1650,0.00126773980897685,0.462725030276551,546.758235129778,1.49796776747884,0.000277674923470594,0.101351347066767,119.757264086475,0.328102093387602,4.56555382506879,"Above"
670,0.76,10000,1.56,95,96.56,3.10273181935126e-07,0.000113249711406321,2233989.98339751,6120.52050245893,1.46624121521422e-07,5.35178043553189e-05,1055704.57865676,2892.34131138839,2.11611281087741,"Above"
670,0.76,10000,15.6,95,110.6,3.10563817029519e-06,0.00113355793215774,223189.934741838,611.479273265311,4.38636852457265e-07,0.000160102451146902,31523.0960939655,86.3646468327823,7.08020348244168,"Above"
670,0.76,10000,156,95,251,3.13510679681957e-05,0.0114431398083914,22109.204741067,60.5731636741561,4.23609856106866e-06,0.00154617597479006,2987.35502359974,8.18453431123217,7.40092977446837,"Above"
670,0.76,10000,1555,95,1650,0.000346534694817742,0.126485163608476,2000.22448235523,5.48006707494584,5.21243449226923e-05,0.0190253858967827,300.865663381651,0.824289488716852,6.64823117358503,"Above"
670,0.76,1e+05,1.56,95,96.56,3.06749507343474e-08,1.11963570180368e-05,22596521.3950226,61908.2777945825,1.44795736075551e-08,5.2850443667576e-06,10666292.4301803,29222.7189867953,2.11849820759515,"Above"
670,0.76,1e+05,15.6,95,110.6,3.06777880758859e-07,0.000111973926476984,2259443.14774372,6190.25519929788,4.27463062075206e-08,1.5602401765745e-05,314829.897165422,862.547663466908,7.17671087811759,"Above"
670,0.76,1e+05,156,95,251,3.07062000368685e-06,0.0011207763013457,225735.252075377,618.452745411992,4.05201835782823e-07,0.00014789867006073,29788.2311819816,81.6115922794018,7.57800121451723,"Above"
670,0.76,1e+05,1555,95,1650,3.08938589231558e-05,0.0112762585069519,22436.4066102604,61.4696071513983,4.11262687969228e-06,0.00150110881108768,2986.76086851363,8.18290648907844,7.5119527802793,"Above"
680,0.56,3700,1.56,95,96.56,1.16086152664512e-06,0.00042371445722547,597097.211553847,1635.8827713804,5.70257931754088e-07,0.000208144145090242,293316.139006579,803.605860291996,2.03567800113602,"Above"
680,0.56,3700,15.6,95,110.6,1.16500591358778e-05,0.0042522715845954,59497.3100544454,163.006328916289,2.27603239948973e-06,0.000830751825813753,11623.7869513785,31.8459916476123,5.11858229192591,"Above"
680,0.56,3700,156,95,251,0.000120874622710307,0.0441192372892622,5734.43097498776,15.710769794487,2.38525037739778e-05,0.00870616387750188,1131.59018332842,3.10024707761212,5.0675863572099,"Above"
680,0.56,3700,1555,95,1650,0.00227107427813913,0.828942111520781,305.206741686977,0.836182853936923,0.0010257059246429,0.374382662494657,137.843295660851,0.377652864824251,2.21415731700078,"Above"
680,0.56,10000,1.56,95,96.56,4.16792508732618e-07,0.000152129265687406,1663050.95710013,4556.30399205516,2.03575574905926e-07,7.43050848406631e-05,812290.402529049,2225.45315761383,2.04736009673666,"Above"
680,0.56,10000,15.6,95,110.6,4.17325035769972e-06,0.0015232363805604,166092.882321588,455.048992661885,7.8352682712955e-07,0.000285987291902286,31183.9017407926,85.4353472350482,5.32623799620036,"Above"
680,0.56,10000,156,95,251,4.22752097434268e-05,0.0154304515563508,16396.0672168568,44.9207321009775,7.80542669237359e-06,0.00284898074271636,3027.26589604454,8.29387916724531,5.4161305216962,"Above"
680,0.56,10000,1555,95,1650,0.000488148810678842,0.178174315897777,1419.95056711502,3.89027552634253,0.000105329008824284,0.0384450882208635,306.386049790261,0.839413835041811,4.63451442416213,"Above"
680,0.56,1e+05,1.56,95,96.56,4.10365737541834e-08,1.49783494202769e-05,16890961.333956,46276.6063944,1.99968598255959e-08,7.29885383634251e-06,8230857.38438985,22550.2942038078,2.05215089329459,"Above"
680,0.56,1e+05,15.6,95,110.6,4.10417277063759e-07,0.000149802306128272,1688884.01950063,4627.07950548118,7.57447582901243e-08,2.76468367758954e-05,311692.803851568,853.952887264571,5.41842480362459,"Above"
680,0.56,1e+05,156,95,251,4.10933623486479e-06,0.00149990772572565,168676.190251624,462.126548634586,7.36332146137404e-07,0.000268761233340152,30224.27323335,82.8062280365754,5.58081873298788,"Above"
680,0.56,1e+05,1555,95,1650,4.14841294589897e-05,0.0151417072525312,16708.7314980341,45.7773465699564,7.52626411772839e-06,0.00274708640297086,3031.38400073528,8.30516164585007,5.51191518262989,"Above"
680,0.76,3700,1.56,95,96.56,8.44599373437563e-07,0.00030827877130471,820681.618243216,2248.44278970744,4.00446465799976e-07,0.000146162960016991,389106.437807221,1066.04503508828,2.10914428162151,"Above"
680,0.76,3700,15.6,95,110.6,8.46790191129999e-06,0.0030907841976245,81855.8348715607,224.262561291947,1.24145317406679e-06,0.000453130408534379,12000.6333424315,32.878447513511,6.82095957237,"Above"
680,0.76,3700,156,95,251,8.69566518041507e-05,0.031739177908515,7971.18065356398,21.8388511056547,1.24597630903593e-05,0.00454781352798115,1142.16705028564,3.12922479530314,6.97899720673125,"Above"
680,0.76,3700,1555,95,1650,0.0012490965764919,0.455920250419543,554.918805803356,1.52032549535166,0.000273591468713673,0.0998608860804907,121.544685938512,0.332999139557566,4.56555382506879,"Above"
680,0.76,10000,1.56,95,96.56,3.05710341024316e-07,0.000111584274473875,2267333.11747807,6211.87155473444,1.44467884440224e-07,5.27307778206819e-05,1071461.36341283,2935.51058469269,2.11611281087741,"Above"
680,0.76,10000,15.6,95,110.6,3.05996702073202e-06,0.00111688796256719,226521.127797687,620.605829582704,4.32186310509364e-07,0.000157748003335918,31993.5900655172,87.653671412376,7.08020348244168,"Above"
680,0.76,10000,156,95,251,3.08900228510163e-05,0.011274858340621,22439.1928715307,61.4772407439197,4.17380299399413e-06,0.00152343809280786,3031.94241201168,8.30669153975803,7.40092977446836,"Above"
680,0.76,10000,1555,95,1650,0.00034143859636454,0.124625087673057,2030.0785791068,5.56185912084055,5.13578104385351e-05,0.0187456008100653,305.356195670929,0.836592316906655,6.64823117358503,"Above"
680,0.76,1e+05,1.56,95,96.56,3.02238485176658e-08,1.1031704708948e-05,22933782.9083812,62832.2819407703,1.42666387015616e-08,5.20732312606999e-06,10825490.8246606,29658.8789716729,2.11849820759514,"Above"
680,0.76,1e+05,15.6,95,110.6,3.02266441335935e-07,0.000110327251087616,2293166.1797996,6282.64706794411,4.211768405741e-08,1.53729546809547e-05,319528.850854458,875.421509190295,7.17671087811759,"Above"
680,0.76,1e+05,156,95,251,3.02546382716204e-06,0.00110429429691414,229104.434942174,627.683383403216,3.99242985256605e-07,0.000145723689618661,30232.8316473844,82.8296757462585,7.57800121451723,"Above"
680,0.76,1e+05,1555,95,1650,3.04395374684035e-05,0.0111104311759673,22771.278350712,62.3870639745535,4.05214707263798e-06,0.00147903368151286,3031.33938893921,8.30503942175125,7.5119527802793,"Above"
690,0.56,3700,1.56,95,96.56,1.14403744654882e-06,0.000417573667990319,605878.052900227,1659.93987095953,5.61993324047507e-07,0.00020512756327734,297629.611639028,815.423593531584,2.03567800113602,"Above"
690,0.56,3700,15.6,95,110.6,1.14812176991259e-05,0.00419064446018097,60372.2704964225,165.403480812116,2.24304642268553e-06,0.00081871194428022,11794.7249947811,32.3143150541948,5.11858229192591,"Above"
690,0.56,3700,156,95,251,0.000119122816584071,0.0434798280531859,5818.76084226699,15.9418105267589,2.35068153134853e-05,0.00857998758942215,1148.23121543619,3.14583894640053,5.0675863572099,"Above"
690,0.56,3700,1555,95,1650,0.00223816015816609,0.816928457730624,309.69507612355,0.848479660612466,0.0010108406213872,0.368956826806329,139.870402949982,0.383206583424607,2.21415731700078,"Above"
690,0.56,10000,1.56,95,96.56,4.10752037591565e-07,0.000149924493720921,1687507.58882219,4623.30846252656,2.00625204255116e-07,7.32281995531173e-05,824235.849625065,2258.18040993168,2.04736009673666,"Above"
690,0.56,10000,15.6,95,110.6,4.1127684684577e-06,0.00150116049098706,168535.42470867,461.740889612795,7.72171365866803e-07,0.000281842548541383,31642.4885310984,86.6917494002695,5.32623799620036,"Above"
690,0.56,10000,156,95,251,4.16625255442467e-05,0.01520682182365,16637.1858523988,45.5813311024625,7.69230456639716e-06,0.00280769116673496,3071.78451216284,8.41584797852833,5.4161305216962,"Above"
690,0.56,10000,1555,95,1650,0.000481074190234221,0.175592079435491,1440.83219310201,3.94748546055344,0.000103802501450019,0.0378879130292568,310.891726993059,0.851758156145368,4.63451442416213,"Above"
690,0.56,1e+05,1.56,95,96.56,4.04418408012242e-08,1.47612718924468e-05,17139357.8241612,46957.1447237294,1.97070502629061e-08,7.19307334596074e-06,8351899.40474852,22881.9161773932,2.05215089329459,"Above"
690,0.56,1e+05,15.6,95,110.6,4.04469200584574e-07,0.000147631258213369,1713720.54919917,4695.12479232649,7.46470081699776e-08,2.72461579820418e-05,316276.521555268,866.511017959638,5.41842480362459,"Above"
690,0.56,1e+05,156,95,251,4.04978063725805e-06,0.00147816993259919,171156.722461207,468.922527290977,7.25660665758601e-07,0.000264866143001889,30668.7478397228,84.0239666841722,5.58081873298788,"Above"
690,0.56,1e+05,1555,95,1650,4.08829101914681e-05,0.0149222622198859,16954.4481377111,46.450542843044,7.41718782616711e-06,0.002707273556551,3075.96317721668,8.4272963759361,5.51191518262989,"Above"
690,0.76,3700,1.56,95,96.56,8.32358802808033e-07,0.000303810963024932,832750.465570322,2281.5081248502,3.94642893831861e-07,0.000144044656248629,394828.591304386,1081.72216795722,2.10914428162151,"Above"
690,0.76,3700,15.6,95,110.6,8.3451786951942e-06,0.00304599022374588,83059.5971490836,227.560540134476,1.22346109908032e-06,0.000446563301164315,12177.1132445261,33.361954094592,6.82095957237,"Above"
690,0.76,3700,156,95,251,8.56964104736557e-05,0.0312791898228843,8088.40389846933,22.1600106807379,1.22791868136874e-05,0.00448190318699591,1158.96362455455,3.17524280699877,6.97899720673125,"Above"
690,0.76,3700,1555,95,1650,0.00123099372755723,0.44931271055839,563.079376476935,1.54268322322448,0.0002696263749642,0.0984136268619329,123.332107790549,0.33789618572753,4.56555382506879,"Above"
690,0.76,10000,1.56,95,96.56,3.01279756371789e-07,0.000109967111075703,2300676.25155863,6303.22260700994,1.42374146984569e-07,5.19665636493676e-05,1087218.1481689,2978.679857997,2.11611281087741,"Above"
690,0.76,10000,15.6,95,110.6,3.01561967260547e-06,0.001100701180501,229852.320853535,629.732385900096,4.25922740791837e-07,0.000155461800389021,32464.084037069,88.9426959919698,7.08020348244168,"Above"
690,0.76,10000,156,95,251,3.04423413604219e-05,0.011111454596554,22769.1810019944,62.3813178136832,4.11331309553044e-06,0.00150135927986861,3076.52980042362,8.42884876828388,7.40092977446836,"Above"
690,0.76,10000,1555,95,1650,0.000336490210909981,0.122818926982143,2059.93267585837,5.64365116673527,5.0613494345223e-05,0.0184739254360064,309.846727960208,0.848895145096459,6.64823117358503,"Above"
690,0.76,1e+05,1.56,95,96.56,2.97858217275547e-08,1.08718249305575e-05,23271044.4217397,63756.2860869581,1.40598758218288e-08,5.13185467496753e-06,10984689.2191409,30095.0389565504,2.11849820759515,"Above"
690,0.76,1e+05,15.6,95,110.6,2.97885768273095e-07,0.00010872830541968,2326889.21185548,6375.03893659035,4.15072828391867e-08,1.51501582363031e-05,324227.804543494,888.295354913682,7.1767108781176,"Above"
690,0.76,1e+05,156,95,251,2.98161652531911e-06,0.00108829003174148,232473.61780897,636.914021394439,3.93456855035495e-07,0.000143611752087956,30677.4321127871,84.0477592131152,7.57800121451724,"Above"
690,0.76,1e+05,1555,95,1650,2.99983847514702e-05,0.0109494104342866,23106.1500911637,63.3045207977087,3.99342030346932e-06,0.0014575984107663,3075.91790936478,8.42717235442406,7.5119527802793,"Above"
700,0.56,3700,1.56,95,96.56,1.12769405445526e-06,0.000411608329876171,614658.894246607,1683.99697053865,5.53964847989686e-07,0.000202197169516235,301943.084271478,827.241326771172,2.03567800113602,"Above"
700,0.56,3700,15.6,95,110.6,1.13172003034241e-05,0.00413077811074981,61247.2309383997,167.800632707944,2.21100290236146e-06,0.000807016059361931,11965.6630381837,32.7826384607773,5.11858229192591,"Above"
700,0.56,3700,156,95,251,0.000117421062061441,0.0428586876524261,5903.09070954622,16.1728512590308,2.31710036661498e-05,0.00845741633814469,1164.87224754396,3.19143081518894,5.0675863572099,"Above"
700,0.56,3700,1555,95,1650,0.00220618644162086,0.805258051191616,314.183410560123,0.860776467288009,0.000996400041081671,0.36368601499481,141.897510239112,0.388760302024964,2.21415731700078,"Above"
700,0.56,10000,1.56,95,96.56,4.04884151340257e-07,0.000147782715239194,1711964.22054425,4690.31293299795,1.97759129908614e-07,7.21820824166442e-05,836181.29672108,2290.90766224953,2.04736009673666,"Above"
700,0.56,10000,15.6,95,110.6,4.05401463319401e-06,0.00147971534111582,170977.967095752,468.432786563705,7.6114034635442e-07,0.000277816226419363,32101.0753214042,87.9481515654908,5.32623799620036,"Above"
700,0.56,10000,156,95,251,4.10673466079003e-05,0.0149895815118836,16878.3044879408,46.2419301039475,7.58241450116291e-06,0.00276758129292446,3116.30312828114,8.53781678981135,5.4161305216962,"Above"
700,0.56,10000,1555,95,1650,0.000474201701802304,0.173083621157841,1461.71381908899,4.00469539476436,0.000102319608572161,0.0373466571288388,315.397404195857,0.864102477248923,4.63451442416213,"Above"
700,0.56,1e+05,1.56,95,96.56,3.98641002183496e-08,1.45503965796976e-05,17387754.3143665,47637.6830530588,1.9425520973436e-08,7.09031515530416e-06,8472941.4251072,23213.5381509786,2.05215089329459,"Above"
700,0.56,1e+05,15.6,95,110.6,3.98691069147651e-07,0.000145522240238893,1738557.07889771,4763.17007917181,7.35806223389779e-08,2.68569271537269e-05,320860.239258967,879.069148654705,5.41842480362459,"Above"
700,0.56,1e+05,156,95,251,3.99192662815437e-06,0.00145705321927634,173637.254670789,475.718505947368,7.15294084819192e-07,0.000261082340959005,31113.2224460956,85.2417053317688,5.58081873298788,"Above"
700,0.56,1e+05,1555,95,1650,4.02988686173043e-05,0.0147090870453161,17200.164777388,47.1237391161316,7.31122800007901e-06,0.00266859822002884,3120.54235369808,8.54943110602213,5.51191518262989,"Above"
700,0.76,3700,1.56,95,96.56,8.20467962767918e-07,0.00029947080641029,844819.312897428,2314.57345999295,3.89005138205691e-07,0.000141986875445077,400550.744801552,1097.39930082617,2.10914428162151,"Above"
700,0.76,3700,15.6,95,110.6,8.22596185669142e-06,0.00300247607769237,84263.3594266066,230.858518977004,1.20598308337917e-06,0.000440183825433396,12353.5931466207,33.845460675673,6.82095957237,"Above"
700,0.76,3700,156,95,251,8.44721760383178e-05,0.030832344253986,8205.62714337469,22.4811702558211,1.21037698592062e-05,0.00441787599861026,1175.76019882346,3.2212608186944,6.97899720673125,"Above"
700,0.76,3700,1555,95,1650,0.00121340810287784,0.442893957550413,571.239947150514,1.5650409510973,0.000265774569607568,0.0970077179067625,125.119529642586,0.342793231897495,4.56555382506879,"Above"
700,0.76,10000,1.56,95,96.56,2.96975759852192e-07,0.00010839615234605,2334019.38563919,6394.57365928545,1.40340230599075e-07,5.12241841686624e-05,1102974.93292497,3021.8491313013,2.11611281087741,"Above"
700,0.76,10000,15.6,95,110.6,2.97253939156825e-06,0.00108497687792241,233183.513909384,638.858942217489,4.19838130209096e-07,0.00015324091752632,32934.5780086207,90.2317205715635,7.08020348244168,"Above"
700,0.76,10000,156,95,251,3.00074507695587e-05,0.0109527195308889,23099.169132458,63.2853948834467,4.05455147988001e-06,0.0014799112901562,3121.11718883555,8.55100599680974,7.40092977446836,"Above"
700,0.76,10000,1555,95,1650,0.000331683207896981,0.121064370882398,2089.78677260994,5.72544321262998,4.98904444260055e-05,0.018210012215492,314.337260249486,0.861197973286263,6.64823117358503,"Above"
700,0.76,1e+05,1.56,95,96.56,2.93603099885896e-08,1.07165131458352e-05,23608305.9350982,64680.2902331459,1.38590204529456e-08,5.05854246532513e-06,11143887.6136212,30531.198941428,2.11849820759514,"Above"
700,0.76,1e+05,15.6,95,110.6,2.93630257297765e-07,0.000107175043913684,2360612.24391135,6467.43080523659,4.09143216557697e-08,1.4933727404356e-05,328926.75823253,901.169200637069,7.1767108781176,"Above"
700,0.76,1e+05,156,95,251,2.93902200352884e-06,0.00107274303128803,235842.800675767,646.144659385663,3.87836042820702e-07,0.000141560155629556,31122.0325781898,85.265842679972,7.57800121451724,"Above"
700,0.76,1e+05,1555,95,1650,2.95698363978777e-05,0.0107929902852254,23441.0218316153,64.2219776208639,3.93637144199118e-06,0.00143677557632678,3120.49642979036,8.54930528709688,7.5119527802793,"Above"
710,0.56,3700,1.56,95,96.56,1.11181103960378e-06,0.00040581102945538,623439.735592987,1708.05407011777,5.46162526187014e-07,0.00019934932205826,306256.556903928,839.05906001076,2.03567800113602,"Above"
710,0.56,3700,15.6,95,110.6,1.1157803116052e-05,0.00407259813735897,62122.1913803768,170.197784603772,2.1798620164127e-06,0.000795649635990637,12136.6010815864,33.2509618673599,5.11858229192591,"Above"
710,0.56,3700,156,95,251,0.000115767244285928,0.0422550441643638,5987.42057682546,16.4038919913026,2.28446515018379e-05,0.00833829779817082,1181.51327965174,3.23702268397736,5.0675863572099,"Above"
710,0.56,3700,1555,95,1650,0.00217511339314733,0.793916388498776,318.671744996696,0.873073273963552,0.000982366237686155,0.358563676755446,143.924617528242,0.39431402062532,2.21415731700078,"Above"
710,0.56,10000,1.56,95,96.56,3.99181557659409e-07,0.000145701268545684,1736420.85226631,4757.31740346935,1.94973790050746e-07,7.11654333685224e-05,848126.743817095,2323.63491456738,2.04736009673666,"Above"
710,0.56,10000,15.6,95,110.6,3.99691583554339e-06,0.00145887427997334,173420.509482835,475.124683514616,7.50420059786048e-07,0.000273903321821908,32559.6621117099,89.2045537307121,5.32623799620036,"Above"
710,0.56,10000,156,95,251,4.04889332753947e-05,0.0147784606455191,17119.4231234828,46.9025291054324,7.475619930724e-06,0.00272860127471426,3160.82174439944,8.65978560109436,5.4161305216962,"Above"
710,0.56,10000,1555,95,1650,0.000467522804593821,0.170645823676745,1482.59544507598,4.06190532897528,0.000100878487324666,0.0368206478735031,319.903081398655,0.87644679835248,4.63451442416213,"Above"
710,0.56,1e+05,1.56,95,96.56,3.93026340180911e-08,1.43454614166033e-05,17636150.8045717,48318.2213823882,1.91519220864862e-08,6.99045156156748e-06,8593983.44546587,23545.160124564,2.05215089329459,"Above"
710,0.56,1e+05,15.6,95,110.6,3.93075701976558e-07,0.000143472631221444,1763393.60859625,4831.21536601712,7.25442755454712e-08,2.6478660574097e-05,325443.956962667,891.627279349772,5.41842480362459,"Above"
710,0.56,1e+05,156,95,251,3.93570230944797e-06,0.00143653134294851,176117.786880372,482.514484603759,7.05219520244274e-07,0.00025740512488916,31557.6970524684,86.4594439793655,5.58081873298788,"Above"
710,0.56,1e+05,1555,95,1650,3.9731278918469e-05,0.0145019168052412,17445.881417065,47.7969353892192,7.20825295782438e-06,0.0026310123296059,3165.12153017948,8.67156583610816,5.51191518262989,"Above"
710,0.76,3700,1.56,95,96.56,8.0891207596837e-07,0.000295252907728455,856888.160224534,2347.63879513571,3.8352619259716e-07,0.000139987060297964,406272.898298717,1113.07643369511,2.10914428162151,"Above"
710,0.76,3700,15.6,95,110.6,8.11010323899154e-06,0.00296018768223191,85467.1217041295,234.156497819533,1.18899740614848e-06,0.000433984053244194,12530.0730487152,34.3289672567541,6.82095957237,"Above"
710,0.76,3700,156,95,251,8.32824270800316e-05,0.0303980858842115,8322.85038828004,22.8023298309042,1.19332942273864e-05,0.00435565239299603,1192.55677309236,3.26727883039004,6.97899720673125,"Above"
710,0.76,3700,1555,95,1650,0.00119631784790773,0.436656014486323,579.400517824093,1.58739867897012,0.000262031265810279,0.0956414120207517,126.906951494622,0.347690278067459,4.56555382506879,"Above"
710,0.76,10000,1.56,95,96.56,2.92793002671176e-07,0.000106869445974979,2367362.51971975,6485.92471156096,1.38363607632891e-07,5.05027167860052e-05,1118731.71768105,3065.0184046056,2.11611281087741,"Above"
710,0.76,10000,15.6,95,110.6,2.93067263957433e-06,0.00106969551344463,236514.706965232,647.985498534882,4.1392491710756e-07,0.000151082594744259,33405.0719801724,91.5207451511573,7.08020348244168,"Above"
710,0.76,10000,156,95,251,2.95848106178748e-05,0.0107984558755243,23429.1572629217,64.1894719532102,3.99744512100846e-06,0.00145906746916809,3165.70457724749,8.67316322533559,7.40092977446836,"Above"
710,0.76,10000,1555,95,1650,0.000327011613419559,0.119359238898139,2119.64086936151,5.8072352585247,4.91877621101463e-05,0.0179535331702034,318.827792538764,0.873500801476067,6.64823117358503,"Above"
710,0.76,1e+05,1.56,95,96.56,2.89467844957926e-08,1.05655763409643e-05,23945567.4484568,65604.2943793337,1.36638229817773e-08,4.98729538834872e-06,11303086.0081015,30967.3589263055,2.11849820759515,"Above"
710,0.76,1e+05,15.6,95,110.6,2.89494619871036e-07,0.000105665536252928,2394335.27596723,6559.82267388282,4.033806360428e-08,1.47233932155622e-05,333625.711921566,914.043046360455,7.17671087811759,"Above"
710,0.76,1e+05,156,95,251,2.8976273274228e-06,0.00105763397450932,239211.983542564,655.375297376887,3.82373563344354e-07,0.000139566350620689,31566.6330435925,86.4839261468287,7.57800121451724,"Above"
710,0.76,1e+05,1555,95,1650,2.91533598288935e-05,0.0106409763375461,23775.893572067,65.1394344440191,3.88092959069553e-06,0.00141653930060387,3165.07495021594,8.67143821976969,7.5119527802793,"Above"
720,0.56,3700,1.56,95,96.56,1.09636921960928e-06,0.000400174765157389,632220.576939367,1732.1111696969,5.38576935545528e-07,0.000196580581474118,310570.029536377,850.876793250349,2.03567800113602,"Above"
720,0.56,3700,15.6,95,110.6,1.1002833628329e-05,0.0040160342743401,62997.1518223539,172.5949364996,2.14958615507364e-06,0.000784598946601878,12307.539124989,33.7192852739424,5.11858229192591,"Above"
720,0.56,3700,156,95,251,0.000114159365893068,0.0416681685509698,6071.75044410469,16.6349327235745,2.25273646754234e-05,0.00822248810652956,1198.15431175951,3.28261455276577,5.0675863572099,"Above"
720,0.56,3700,1555,95,1650,0.00214490348490917,0.782889771991848,323.16007943327,0.885370080639095,0.000968722262162736,0.353583625689398,145.951724817372,0.399867739225677,2.21415731700078,"Above"
720,0.56,10000,1.56,95,96.56,3.93637369358584e-07,0.000143677639815883,1760877.48398837,4824.32187394075,1.92265820744486e-07,7.01770245717374e-05,860072.190913111,2356.36216688523,2.04736009673666,"Above"
720,0.56,10000,15.6,95,110.6,3.94140311560529e-06,0.00143861213719593,175863.051869917,481.816580465526,7.39997558955686e-07,0.000270099109018825,33018.2489020157,90.4609558959334,5.32623799620036,"Above"
720,0.56,10000,156,95,251,3.99265869799031e-05,0.0145732042476646,17360.5417590249,47.5631281069174,7.37179187613061e-06,0.00269070403478767,3205.34036051774,8.78175441237738,5.4161305216962,"Above"
720,0.56,10000,1555,95,1650,0.000461029432307795,0.168275742792345,1503.47707106296,4.1191152631862,9.94773972229344e-05,0.0363092499863711,324.408758601453,0.888791119456036,4.63451442416213,"Above"
720,0.56,1e+05,1.56,95,96.56,3.87567641011732e-08,1.41462188969282e-05,17884547.2947769,48998.7597117176,1.88859231686184e-08,6.89336195654571e-06,8715025.46582454,23876.7820981494,2.05215089329459,"Above"
720,0.56,1e+05,15.6,95,110.6,3.87616317226883e-07,0.000141479955787812,1788230.13829479,4899.26065286243,7.15367161628952e-08,2.61109013994567e-05,330027.674666367,904.18541004484,5.41842480362459,"Above"
720,0.56,1e+05,156,95,251,3.8810397773723e-06,0.00141657951874089,178598.319089955,489.31046326015,6.95424804685326e-07,0.000253830053710144,32002.1716588412,87.6771826269622,5.58081873298788,"Above"
720,0.56,1e+05,1555,95,1650,3.91794556001569e-05,0.0143005012940573,17691.598056742,48.4701316623068,7.10813833341015e-06,0.0025944704916947,3209.70070666088,8.79370056619419,5.51191518262989,"Above"
720,0.76,3700,1.56,95,96.56,7.97677186024365e-07,0.000291152172898893,868957.00755164,2380.70413027847,3.781994399222e-07,0.000138042795571603,411995.051795882,1128.75356656406,2.10914428162151,"Above"
720,0.76,3700,15.6,95,110.6,7.99746291622777e-06,0.00291907396442314,86670.8839816525,237.454476662062,1.1724835532853e-06,0.000427956496949135,12706.5529508098,34.8124738378351,6.82095957237,"Above"
720,0.76,3700,156,95,251,8.21257267039201e-05,0.0299758902469308,8440.07363318539,23.1234894059874,1.17675540297838e-05,0.00429515722087108,1209.35334736127,3.31329684208567,6.97899720673125,"Above"
720,0.76,3700,1555,95,1650,0.00117970232224235,0.430591347618457,587.561088497671,1.60975640684294,0.000258391942674025,0.094313059076019,128.694373346659,0.352587324237423,4.56555382506879,"Above"
720,0.76,10000,1.56,95,96.56,2.88726433189631e-07,0.000105385148114215,2400705.65380031,6577.27576383646,1.36441890860212e-07,4.98012901639773e-05,1134488.50243712,3108.18767790991,2.11611281087741,"Above"
720,0.76,10000,15.6,95,110.6,2.88996885291358e-06,0.00105483863131346,239845.90002108,657.112054852274,4.0817595992551e-07,0.000148984225372811,33875.5659517241,92.8097697307511,7.08020348244168,"Above"
720,0.76,10000,156,95,251,2.91739104704043e-05,0.0106484773216976,23759.1453933854,65.0935490229738,3.94192504988334e-06,0.00143880264320742,3210.29196565943,8.79532045386144,7.40092977446836,"Above"
720,0.76,10000,1555,95,1650,0.000322469785455399,0.11770147169122,2149.49496611308,5.88902730441941,4.85045987475054e-05,0.0177041785428395,323.318324828043,0.88580362966587,6.64823117358503,"Above"
720,0.76,1e+05,1.56,95,96.56,2.85447458222399e-08,1.04188322251176e-05,24282828.9618153,66528.2985255215,1.3474047662586e-08,4.91802739684388e-06,11462284.4025818,31403.518911183,2.11849820759515,"Above"
720,0.76,1e+05,15.6,95,110.6,2.85473861261716e-07,0.000104197959360526,2428058.30802311,6652.21454252906,3.97778127208873e-08,1.45189016431238e-05,338324.665610602,926.916892083842,7.17671087811759,"Above"
720,0.76,1e+05,156,95,251,2.85738250343082e-06,0.00104294461375225,242581.16640936,664.60593536811,3.77062819409016e-07,0.000137627929084291,32011.2335089952,87.7020096136854,7.57800121451723,"Above"
720,0.76,1e+05,1555,95,1650,2.87484520534922e-05,0.0104931849995247,24110.7653125186,66.0568912671743,3.82702779082476e-06,0.00139686514365104,3209.65347064151,8.7935711524425,7.5119527802793,"Above"
730,0.56,3700,1.56,95,96.56,1.08135046317628e-06,0.000394692919059342,641001.418285747,1756.16826927602,5.31199169305178e-07,0.00019388769679639,314883.502168827,862.694526489937,2.03567800113602,"Above"
730,0.56,3700,15.6,95,110.6,1.08521098799958e-05,0.00396102010619845,63872.1122643311,174.992088395428,2.1201397693877e-06,0.00077385101582651,12478.4771683916,34.1876086805249,5.11858229192591,"Above"
730,0.56,3700,156,95,251,0.000112595538963026,0.0410973717215045,6156.08031138392,16.8659734558464,2.22187706387738e-05,0.00810985128315244,1214.79534386728,3.32820642155418,5.0675863572099,"Above"
730,0.56,3700,1555,95,1650,0.00211552124538987,0.772165254567302,327.648413869843,0.897666887314638,0.000955452094187904,0.348740014378585,147.978832106502,0.405421457826034,2.21415731700078,"Above"
730,0.56,10000,1.56,95,96.56,3.88245076627644e-07,0.00014170945296909,1785334.11571044,4891.32634441215,1.89632042378123e-07,6.9215695468015e-05,872017.638009126,2389.08941920309,2.04736009673666,"Above"
730,0.56,10000,15.6,95,110.6,3.88741129210385e-06,0.00141890512161791,178305.594256999,488.508477416436,7.2986060609328e-07,0.000266399121224047,33476.8356923215,91.7173580611547,5.32623799620036,"Above"
730,0.56,10000,156,95,251,3.93796474322332e-05,0.0143735713127651,17601.6603945669,48.2237271084024,7.27080842577266e-06,0.00265384507540702,3249.85897663605,8.9037232236604,5.4161305216962,"Above"
730,0.56,10000,1555,95,1650,0.000454713960632346,0.165970595630806,1524.35869704995,4.17632519739712,9.81146931513874e-05,0.0358118630002564,328.914435804251,0.901135440559592,4.63451442416213,"Above"
730,0.56,1e+05,1.56,95,96.56,3.82258495244448e-08,1.39524350764224e-05,18132943.7849822,49679.2980410471,1.86272118923359e-08,6.79893234070262e-06,8836067.48618322,24208.4040717349,2.05215089329459,"Above"
730,0.56,1e+05,15.6,95,110.6,3.82306504662131e-07,0.000139541874201678,1813066.66799333,4967.30593970774,7.05567611469651e-08,2.57532178186423e-05,334611.392370066,916.743540739907,5.41842480362459,"Above"
730,0.56,1e+05,156,95,251,3.82787484891515e-06,0.00139717431985403,181078.851299537,496.106441916541,6.85898437497855e-07,0.000250352929686717,32446.646265214,88.8949212745589,5.58081873298788,"Above"
730,0.56,1e+05,1555,95,1650,3.86427507289219e-05,0.0141046040160565,17937.314696419,49.1433279353944,7.01076657541823e-06,0.00255892980002765,3254.27988314228,8.91583529628023,5.51191518262989,"Above"
730,0.76,3700,1.56,95,96.56,7.86750101284305e-07,0.000287163786968771,881025.854878746,2413.76946542122,3.7301862567669e-07,0.000136151798371992,417717.205293047,1144.430699433,2.10914428162151,"Above"
730,0.76,3700,15.6,95,110.6,7.8879086297041e-06,0.002879086649842,87874.6462591755,240.75245550459,1.15642213474715e-06,0.000422094079182709,12883.0328529044,35.2959804189162,6.82095957237,"Above"
730,0.76,3700,156,95,251,8.10007167490719e-05,0.0295652616134112,8557.29687809074,23.4446489810705,1.16063546595128e-05,0.00423631945072216,1226.14992163018,3.35931485378131,6.97899720673125,"Above"
730,0.76,3700,1555,95,1650,0.00116354201645821,0.424692836007246,595.72165917125,1.63211413471575,0.000254852327020956,0.0930210993626489,130.481795198696,0.357484370407387,4.56555382506879,"Above"
730,0.76,10000,1.56,95,96.56,2.84771276570595e-07,0.000103941515948267,2434048.78788087,6668.62681611197,1.34572823862127e-07,4.91190807096763e-05,1150245.28719319,3151.35695121421,2.11611281087741,"Above"
730,0.76,10000,15.6,95,110.6,2.8503802384901e-06,0.00104038878704889,243177.093076928,666.238611169667,4.02584508419682e-07,0.000146943345573184,34346.0599232759,94.0987943103448,7.08020348244168,"Above"
730,0.76,10000,156,95,251,2.87742678612207e-05,0.0105026077693456,24089.1335238491,65.9976260927373,3.88792607659727e-06,0.001419093017958,3254.87935407136,8.9174776823873,7.40092977446836,"Above"
730,0.76,10000,1555,95,1650,0.000318052391134092,0.116089122763943,2179.34906286465,5.97081935031412,4.78401521893204e-05,0.0174616555491019,327.808857117321,0.898106457855674,6.64823117358503,"Above"
730,0.76,1e+05,1.56,95,96.56,2.81537219068668e-08,1.02761084960064e-05,24620090.4751739,67452.3026717093,1.32894716672081e-08,4.85065715853095e-06,11621482.7970621,31839.6788960606,2.11849820759515,"Above"
730,0.76,1e+05,15.6,95,110.6,2.81563260422514e-07,0.000102770590054218,2461781.34007898,6744.6064111753,3.92329111767655e-08,1.43200125795194e-05,343023.619299638,939.790737807229,7.17671087811759,"Above"
730,0.76,1e+05,156,95,251,2.81824027735642e-06,0.00102865770123509,245950.349276157,673.836573359334,3.71897575307522e-07,0.000135742614987246,32455.8339743979,88.9200930805422,7.57800121451723,"Above"
730,0.76,1e+05,1555,95,1650,2.83546376418006e-05,0.0103494427392572,24445.6370529703,66.9743480903295,3.77460275259429e-06,0.00137773000469691,3254.23199106709,8.91570408511531,7.5119527802793,"Above"
740,0.56,3700,1.56,95,96.56,1.0667376190793e-06,0.000389359230963946,649782.259632127,1780.22536885514,5.24020802152406e-07,0.000191267592785628,319196.974801277,874.512259729525,2.03567800113602,"Above"
740,0.56,3700,15.6,95,110.6,1.07054597464823e-05,0.00390749280746604,64747.0727063082,177.389240291255,2.09148923196354e-06,0.000763393569666692,12649.4152117942,34.6559320871075,5.11858229192591,"Above"
740,0.56,3700,156,95,251,0.000111073977625688,0.040542001833376,6240.41017866315,17.0970141881182,2.19185169814931e-05,0.00800025869824498,1231.43637597505,3.3737982903426,5.0675863572099,"Above"
740,0.56,3700,1555,95,1650,0.00208693312045217,0.761730588965042,332.136748306416,0.909963693990181,0.000942540579401581,0.344027311481577,150.005939395632,0.41097517642639,2.21415731700079,"Above"
740,0.56,10000,1.56,95,96.56,3.82998521538081e-07,0.0001397944603614,1809790.7474325,4958.33081488355,1.87069447210851e-07,6.82803482319607e-05,883963.085105142,2421.81667152094,2.04736009673666,"Above"
740,0.56,10000,15.6,95,110.6,3.83487870707542e-06,0.00139973072808253,180748.136644081,495.200374367346,7.19997624929857e-07,0.000262799133099398,33935.4224826272,92.973760226376,5.32623799620036,"Above"
740,0.56,10000,156,95,251,3.88474900345003e-05,0.0141793338625926,17842.7790301089,48.8843261098873,7.17255425785681e-06,0.00261798230411774,3294.37759275435,9.02569203494342,5.4161305216962,"Above"
740,0.56,10000,1555,95,1650,0.000448569177380558,0.163727749743904,1545.24032303694,4.23353513160804,9.67888189196119e-05,0.0353279189056583,333.420113007049,0.913479761663148,4.63451442416213,"Above"
740,0.56,1e+05,1.56,95,96.56,3.77092839903307e-08,1.37638886564707e-05,18381340.2751874,50359.8363703765,1.83754928127098e-08,6.70705487663907e-06,8957109.5065419,24540.0260453203,2.05215089329459,"Above"
740,0.56,1e+05,15.6,95,110.6,3.77140200545076e-07,0.000137656173198953,1837903.19769186,5035.35122655305,6.96032914017359e-08,2.54052013616336e-05,339195.110073766,929.301671434974,5.41842480362459,"Above"
740,0.56,1e+05,156,95,251,3.77614681041629e-06,0.00137829358580195,183559.38350912,502.902420572932,6.7662953969383e-07,0.000246969781988248,32891.1208715868,90.1126599221556,5.58081873298788,"Above"
740,0.56,1e+05,1555,95,1650,3.81205513947473e-05,0.0139140012590828,18183.0313360959,49.816524208482,6.91602648656123e-06,0.00252434966759485,3298.85905962368,9.03797002636625,5.51191518262989,"Above"
740,0.76,3700,1.56,95,96.56,7.76118343158842e-07,0.000283283195252977,893094.702205853,2446.83480056398,3.67977833437816e-07,0.000134311909204803,423439.358790212,1160.10783230195,2.10914428162151,"Above"
740,0.76,3700,15.6,95,110.6,7.78131526984324e-06,0.00284018007349278,89078.4085366984,244.050434347119,1.14079480860192e-06,0.000416390105139699,13059.512754999,35.7794869999972,6.82095957236999,"Above"
740,0.76,3700,156,95,251,7.9906112468679e-05,0.0291657310510678,8674.5201229961,23.7658085561537,1.14495120289788e-05,0.00417907189057727,1242.94649589908,3.40533286547694,6.97899720673125,"Above"
740,0.76,3700,1555,95,1650,0.00114781847569526,0.418953743628769,603.882229844829,1.65447186258857,0.000251408376655808,0.0917640574793699,132.269217050733,0.362381416577351,4.56555382506879,"Above"
740,0.76,10000,1.56,95,96.56,2.80923016076398e-07,0.000102536900867885,2467391.92196143,6759.97786838747,1.32754272188314e-07,4.84553093487347e-05,1166002.07194926,3194.52622451852,2.11611281087741,"Above"
740,0.76,10000,15.6,95,110.6,2.81186158661861e-06,0.00102632947911579,246508.286132777,675.36516748706,3.97144177224821e-07,0.00014495762468706,34816.5538948276,95.3878188899386,7.08020348244168,"Above"
740,0.76,10000,156,95,251,2.83854264036366e-05,0.0103606806373274,24419.1216543128,66.9017031625008,3.83538653502163e-06,0.00139991608528289,3299.4667424833,9.03963491091315,7.40092977446837,"Above"
740,0.76,10000,1555,95,1650,0.000313754385848496,0.114520350834701,2209.20315961623,6.05261139620884,4.71936636462214e-05,0.0172256872308708,332.299389406599,0.910409286045478,6.64823117358503,"Above"
740,0.76,1e+05,1.56,95,96.56,2.77732662054226e-08,1.01372421649793e-05,24957351.9885324,68376.3068178971,1.31098842122458e-08,4.78510773746972e-06,11780681.1915424,32275.8388809381,2.11849820759515,"Above"
740,0.76,1e+05,15.6,95,110.6,2.77758351497886e-07,0.000101381798296728,2495504.37213486,6836.99827982153,3.87027367014038e-08,1.41264988960124e-05,347722.572988675,952.664583530615,7.1767108781176,"Above"
740,0.76,1e+05,156,95,251,2.78015594928404e-06,0.00101475692148867,249319.532142954,683.067211350558,3.66871932397961e-07,0.000133908255325256,32900.4344398006,90.1381765473989,7.57800121451724,"Above"
740,0.76,1e+05,1555,95,1650,2.79714668628573e-05,0.0102095854049429,24780.5087934219,67.8918049134847,3.72359460728896e-06,0.00135911203166047,3298.81051149267,9.03783701778813,7.5119527802793,"Above"
750,0.56,3700,1.56,95,96.56,1.05251445082491e-06,0.000384167774551093,658563.100978508,1804.28246843427,5.17033858123707e-07,0.000188717358215153,323510.447433726,886.329992969113,2.03567800113602,"Above"
750,0.56,3700,15.6,95,110.6,1.05627202831959e-05,0.00385539290336649,65622.0331482854,179.786392187083,2.06360270887069e-06,0.000753214988737803,12820.3532551969,35.12425549369,5.11858229192591,"Above"
750,0.56,3700,156,95,251,0.000109592991257345,0.040001441808931,6324.74004594238,17.3280549203901,2.16262700884065e-05,0.00789358858226838,1248.07740808282,3.41939015913101,5.0675863572099,"Above"
750,0.56,3700,1555,95,1650,0.00205910734551281,0.751574181112175,336.625082742989,0.922260500665724,0.000929973371676226,0.339440280661823,152.033046684763,0.416528895026747,2.21415731700078,"Above"
750,0.56,10000,1.56,95,96.56,3.7789187458424e-07,0.000137930534223248,1834247.37915456,5025.33528535495,1.84575187914707e-07,6.73699435888679e-05,895908.532201157,2454.54392383879,2.04736009673666,"Above"
750,0.56,10000,15.6,95,110.6,3.78374699098108e-06,0.00138106765170809,183190.679031163,501.892271318256,7.10397656597459e-07,0.000259295144658072,34394.009272933,94.2301623915973,5.32623799620036,"Above"
750,0.56,10000,156,95,251,3.8329523500707e-05,0.013990276077758,18083.8976656509,49.5449251113723,7.07692020108539e-06,0.00258307587339617,3338.89620887265,9.14766084622644,5.4161305216962,"Above"
750,0.56,10000,1555,95,1650,0.000442588255015484,0.161544713080652,1566.12194902392,4.29074506581896,9.54983013340171e-05,0.0348568799869162,337.925790209847,0.925824082766704,4.63451442416213,"Above"
750,0.56,1e+05,1.56,95,96.56,3.72064935371263e-08,1.35803701410511e-05,18629736.7653926,51040.3746997059,1.81304862418736e-08,6.61762747828388e-06,9078151.52690057,24871.6480189057,2.05215089329459,"Above"
750,0.56,1e+05,15.6,95,110.6,3.72111664537808e-07,0.0001358207575563,1862739.7273904,5103.39651339836,6.86752475163794e-08,2.50664653434785e-05,343778.827777465,941.859802130041,5.41842480362459,"Above"
750,0.56,1e+05,156,95,251,3.72579818627741e-06,0.00135991633799125,186039.915718703,509.698399229323,6.67607812497913e-07,0.000243676851561738,33335.5954779596,91.3303985697523,5.58081873298788,"Above"
750,0.56,1e+05,1555,95,1650,3.76122773761506e-05,0.013728481242295,18428.7479757729,50.4897204815696,6.82381280007374e-06,0.00249069167202692,3343.43823610508,9.16010475645229,5.51191518262989,"Above"
750,0.76,3700,1.56,95,96.56,7.6577009858339e-07,0.000279506085982937,905163.549532959,2479.90013570674,3.63071462325312e-07,0.000132521083748739,429161.512287377,1175.78496517089,2.10914428162151,"Above"
750,0.76,3700,15.6,95,110.6,7.67756439957866e-06,0.00280231100584621,90282.1708142214,247.348413189648,1.12558421115389e-06,0.00041083823707117,13235.9926570936,36.2629935810783,6.82095957236999,"Above"
750,0.76,3700,156,95,251,7.88406976357633e-05,0.0287768546370536,8791.74336790145,24.0869681312368,1.12968518685924e-05,0.00412335093203624,1259.74307016799,3.45135087717258,6.97899720673125,"Above"
750,0.76,3700,1555,95,1650,0.00113251422935265,0.413367693713719,612.042800518408,1.67682959046139,0.000248056264967064,0.0905405367129783,134.05663890277,0.367278462747316,4.56555382506879,"Above"
750,0.76,10000,1.56,95,96.56,2.77177375862046e-07,0.000101169742189647,2500735.05604199,6851.32892066298,1.30984215225803e-07,4.78092385574182e-05,1181758.85670533,3237.69549782282,2.11611281087741,"Above"
750,0.76,10000,15.6,95,110.6,2.77437009879703e-06,0.00101264508606092,249839.479188625,684.491723804453,3.9184892152849e-07,0.000143024856357899,35287.0478663793,96.6768434695324,7.08020348244168,"Above"
750,0.76,10000,156,95,251,2.80069540515881e-05,0.0102225382288297,24749.1097847765,67.8057802322643,3.78424804788801e-06,0.00138125053747912,3344.05413089524,9.161792139439,7.40092977446836,"Above"
750,0.76,10000,1555,95,1650,0.000309570994037183,0.112993412823572,2239.0572563678,6.13440344210355,4.65644147976051e-05,0.0169960114011259,336.789921695878,0.922712114235282,6.64823117358503,"Above"
750,0.76,1e+05,1.56,95,96.56,2.74029559893503e-08,1.00020789361129e-05,25294613.501891,69300.3109640849,1.29350857560825e-08,4.72130630097012e-06,11939879.5860227,32711.9988658157,2.11849820759515,"Above"
750,0.76,1e+05,15.6,95,110.6,2.74054906811247e-07,0.000100030040986105,2529227.40419074,6929.39014846777,3.81867002120518e-08,1.39381455773989e-05,352421.526677711,965.538429254002,7.17671087811759,"Above"
750,0.76,1e+05,156,95,251,2.74308720329358e-06,0.00100122682920216,252688.71500975,692.297849341782,3.61980306632655e-07,0.000132122811920919,33345.0349052033,91.3562600142557,7.57800121451723,"Above"
750,0.76,1e+05,1555,95,1650,2.75985139713525e-05,0.0100734575995437,25115.3805338736,68.8092617366399,3.67394667919177e-06,0.001340990537905,3343.38903191824,9.15996995046094,7.5119527802793,"Above"
760,0.56,3700,1.56,95,96.56,1.03866557647195e-06,0.000379112935412263,667343.942324888,1828.33956801339,5.10230781043132e-07,0.000186234235080743,327823.920066176,898.147726208701,2.03567800113602,"Above"
760,0.56,3700,15.6,95,110.6,1.04237371215749e-05,0.00380466404937483,66496.9935902625,182.183544082911,2.03645004164871e-06,0.000743304265201779,12991.2912985995,35.5925789002725,5.11858229192591,"Above"
760,0.56,3700,156,95,251,0.000108150978214485,0.0394751070482872,6409.06991322162,17.559095652662,2.13417139030327e-05,0.00778972557460695,1264.71844019059,3.46498202791942,5.0675863572099,"Above"
760,0.56,3700,1555,95,1650,0.00203201382780869,0.741685047150172,341.113417179562,0.934557307341267,0.000917736879943644,0.33497396117943,154.060153973893,0.422082613627104,2.21415731700078,"Above"
760,0.56,10000,1.56,95,96.56,3.72919613076553e-07,0.000136115658772942,1858704.01087662,5092.33975582635,1.82146567021092e-07,6.64834969626986e-05,907853.979297173,2487.27117615664,2.04736009673666,"Above"
760,0.56,10000,15.6,95,110.6,3.73396084636291e-06,0.00136289570892246,185633.221418246,508.584168269166,7.0105031901065e-07,0.000255883366438887,34852.5960632388,95.4865645568186,5.32623799620036,"Above"
760,0.56,10000,156,95,251,3.78251876651713e-05,0.0138061934977875,18325.0163011929,50.2055241128573,6.98380283001847e-06,0.00254908803295674,3383.41482499095,9.26962965750946,5.4161305216962,"Above"
760,0.56,10000,1555,95,1650,0.000436764725344227,0.159419124750643,1587.00357501091,4.34795500002988,9.42417447375168e-05,0.0343982368291936,342.431467412645,0.93816840387026,4.63451442416213,"Above"
760,0.56,1e+05,1.56,95,96.56,3.67169344116378e-08,1.34016810602478e-05,18878133.2555979,51720.9130290353,1.78919272123753e-08,6.53055343251699e-06,9199193.54725924,25203.2699924911,2.05215089329459,"Above"
760,0.56,1e+05,15.6,95,110.6,3.67215458425468e-07,0.000134033642325296,1887576.25708894,5171.44180024368,6.77716258385323e-08,2.47366434310643e-05,348362.545481165,954.417932825109,5.41842480362459,"Above"
760,0.56,1e+05,156,95,251,3.67677452593165e-06,0.00134202270196505,188520.447928286,516.494377885714,6.58823499175572e-07,0.000240470577199084,33780.0700843324,92.548137217349,5.58081873298788,"Above"
760,0.56,1e+05,1555,95,1650,3.71173789896223e-05,0.0135478433312122,18674.4646154499,51.1629167546572,6.73402578954646e-06,0.00245791941318446,3388.01741258649,9.28223948653832,5.51191518262989,"Above"
760,0.76,3700,1.56,95,96.56,7.55694176233609e-07,0.000275828374325267,917232.396860065,2512.96547084949,3.58294206242084e-07,0.000130777385278361,434883.665784542,1191.46209803984,2.10914428162151,"Above"
760,0.76,3700,15.6,95,110.6,7.57654381537368e-06,0.00276543849261139,91485.9330917443,250.646392032176,1.11077389258608e-06,0.000405432470793918,13412.4725591882,36.7465001621593,6.82095957237,"Above"
760,0.76,3700,156,95,251,7.78033200352927e-05,0.0283982118128818,8908.9666128068,24.40812770632,1.11482090808478e-05,0.00406909631450945,1276.5396444369,3.49736888886821,6.97899720673125,"Above"
760,0.76,3700,1555,95,1650,0.00111761272633486,0.407928645112223,620.203371191987,1.69918731833421,0.000244792366743813,0.0893492138614917,135.844060754807,0.37217550891728,4.56555382506879,"Above"
760,0.76,10000,1.56,95,96.56,2.73530305127019e-07,9.9838561371362e-05,2534078.19012255,6942.67997293849,1.29260738709674e-07,4.71801696290311e-05,1197515.6414614,3280.86477112713,2.11611281087741,"Above"
760,0.76,10000,15.6,95,110.6,2.73786522907602e-06,0.000999320808612747,253170.672244474,693.618280121845,3.86693014666273e-07,0.00014114295035319,35757.541837931,97.9658680491261,7.08020348244168,"Above"
760,0.76,10000,156,95,251,2.76384414982778e-05,0.0100880311468714,25079.0979152402,68.7098573020279,3.7344553104158e-06,0.00136307618830177,3388.64151930717,9.28394936796486,7.40092977446836,"Above"
760,0.76,10000,1555,95,1650,0.000305497691484062,0.111506657391683,2268.91135311937,6.21619548799827,4.59517251292156e-05,0.0167723796721637,341.280453985156,0.935014942425086,6.64823117358503,"Above"
760,0.76,1e+05,1.56,95,96.56,2.70423907789641e-08,9.87047263432191e-06,25631875.0152495,70224.3151102727,1.2764887259292e-08,4.65918384964157e-06,12099077.980503,33148.1588506932,2.11849820759514,"Above"
760,0.76,1e+05,15.6,95,110.6,2.7044892119531e-07,9.87138562362881e-05,2562950.43624661,7021.78201711401,3.76842436303142e-08,1.37547489250647e-05,357120.480366747,978.412274977389,7.1767108781176,"Above"
760,0.76,1e+05,156,95,251,2.70699395061867e-06,0.000988052791975813,256057.897876547,701.528487333006,3.57217407861173e-07,0.000130384353869328,33789.635370606,92.5743434811124,7.57800121451723,"Above"
760,0.76,1e+05,1555,95,1650,2.72353756296242e-05,0.00994091210481284,25450.2522743252,69.7267185597951,3.6256052755182e-06,0.00132334592556414,3387.96755234382,9.28210288313375,7.5119527802793,"Above"
770,0.56,3700,1.56,95,96.56,1.02517641314115e-06,0.000374189390796519,676124.783671268,1852.39666759251,5.03604407263351e-07,0.000183815608651123,332137.392698626,909.96545944829,2.03567800113602,"Above"
770,0.56,3700,15.6,95,110.6,1.02883639122038e-05,0.00375525282795437,67371.9540322396,184.580695978739,2.01000263851041e-06,0.000733650963056301,13162.2293420021,36.0609023068551,5.11858229192591,"Above"
770,0.56,3700,156,95,251,0.000106746420055856,0.0389624433203874,6493.39978050085,17.7901363849338,2.10645487874089e-05,0.00768856030740426,1281.35947229836,3.51057389670784,5.0675863572099,"Above"
770,0.56,3700,1555,95,1650,0.00200562403783715,0.73205277381056,345.601751616136,0.94685411401681,0.000905818219165155,0.330623649995282,156.087261263023,0.42763633222746,2.21415731700078,"Above"
770,0.56,10000,1.56,95,96.56,3.68076501218416e-07,0.000134347922944722,1883160.64259868,5159.34422629775,1.79781027189649e-07,6.5620074924222e-05,919799.426393188,2519.99842847449,2.04736009673666,"Above"
770,0.56,10000,15.6,95,110.6,3.6854678483582e-06,0.00134519576465074,188075.763805328,515.276065220076,6.91945769413109e-07,0.000252560205835785,35311.1828535446,96.7429667220399,5.32623799620036,"Above"
770,0.56,10000,156,95,251,3.73339514617275e-05,0.0136268922835306,18566.1349367349,50.8661231143422,6.89310409196628e-06,0.00251598299356769,3427.93344110926,9.39159846879248,5.4161305216962,"Above"
770,0.56,10000,1555,95,1650,0.000431092456183913,0.157348746507128,1607.88520099789,4.4051649342408,9.30178259746919e-05,0.0339515064807626,346.937144615443,0.950512724973816,4.63451442416213,"Above"
770,0.56,1e+05,1.56,95,96.56,3.62400911075905e-08,1.32276332542705e-05,19126529.7458031,52401.4513583647,1.76595645213055e-08,6.44574105027651e-06,9320235.56761792,25534.8919660765,2.05215089329459,"Above"
770,0.56,1e+05,15.6,95,110.6,3.62446426497865e-07,0.000132292945671721,1912412.78678748,5239.48708708899,6.68914748536163e-08,2.44153883215699e-05,352946.263184864,966.976063520176,5.41842480362459,"Above"
770,0.56,1e+05,156,95,251,3.62902420741306e-06,0.00132459383570577,191000.980137868,523.290356542105,6.50267349835629e-07,0.000237347582690005,34224.5446907052,93.7658758649457,5.58081873298788,"Above"
770,0.56,1e+05,1555,95,1650,3.66353351066402e-05,0.0133718973139237,18920.1812551269,51.8361130277448,6.64657090916274e-06,0.0024259983818444,3432.59658906789,9.40437421662435,5.51191518262989,"Above"
770,0.76,3700,1.56,95,96.56,7.45879966152653e-07,0.000272246187645718,929301.244187171,2546.03080599225,3.53641034732447e-07,0.000129078977677343,440605.819281707,1207.13923090879,2.10914428162151,"Above"
770,0.76,3700,15.6,95,110.6,7.47814714244675e-06,0.00272952370699306,92689.6953692673,253.944370874705,1.09634825761743e-06,0.00040016711403036,13588.9524612827,37.2300067432404,6.82095957237,"Above"
770,0.76,3700,156,95,251,7.67928873075616e-05,0.02802940386726,9026.18985771216,24.7292872814032,1.10034271447329e-05,0.00401625090782751,1293.3362187058,3.54338690056385,6.97899720673125,"Above"
770,0.76,3700,1555,95,1650,0.0011030982753435,0.402630870500376,628.363941865565,1.72154504620703,0.000241613245097789,0.0881888344606931,137.631482606844,0.377072555087244,4.56555382506879,"Above"
770,0.76,10000,1.56,95,96.56,2.69977963501993e-07,9.85419566782275e-05,2567421.32420311,7034.03102521399,1.27582027817341e-07,4.65674401533294e-05,1213272.42621747,3324.03404443143,2.11611281087741,"Above"
770,0.76,10000,15.6,95,110.6,2.70230853778932e-06,0.000986342616293101,256501.865300322,702.744836439238,3.81671027462815e-07,0.000139309925023927,36228.0358094828,99.2548926287199,7.08020348244168,"Above"
770,0.76,10000,156,95,251,2.72795006995988e-05,0.00995701775535358,25409.0860457039,69.6139343717914,3.68595589080001e-06,0.001345373900142,3433.22890771911,9.40610659649071,7.40092977446836,"Above"
770,0.76,10000,1555,95,1650,0.000301530188997256,0.110058518983998,2298.76544987094,6.29798753389298,4.53549494781868e-05,0.0165545565595382,345.770986274435,0.947317770614889,6.64823117358503,"Above"
770,0.76,1e+05,1.56,95,96.56,2.66911908987179e-08,9.74228467803202e-06,25969136.5286081,71148.3192564605,1.25991095026778e-08,4.59867496847739e-06,12258276.3749833,33584.3188355707,2.11849820759515,"Above"
770,0.76,1e+05,15.6,95,110.6,2.66936597543423e-07,9.74318581033493e-05,2596673.46830249,7114.17388576025,3.71948378688816e-08,1.35761158221418e-05,361819.434055783,991.286120700776,7.17671087811759,"Above"
770,0.76,1e+05,156,95,251,2.67183818502622e-06,0.000975220937534569,259427.080743344,710.75912532423,3.52578220746093e-07,0.000128691050572324,34234.2358360087,93.7924269479692,7.57800121451724,"Above"
770,0.76,1e+05,1555,95,1650,2.68816694526161e-05,0.00981180935020488,25785.1240147769,70.6441753829503,3.57851949271926e-06,0.00130615961484253,3432.5460727694,9.40423581580657,7.5119527802793,"Above"
780,0.56,3700,1.56,95,96.56,1.01203312579319e-06,0.000369392090914513,684905.625017648,1876.45376717164,4.97147940503564e-07,0.000181458998283801,336450.865331075,921.783192687877,2.03567800113602,"Above"
780,0.56,3700,15.6,95,110.6,1.01564618107653e-05,0.00370710856092932,68246.9144742168,186.977847874566,1.98423337391413e-06,0.000724245181478656,13333.1673854047,36.5292257134376,5.11858229192591,"Above"
780,0.56,3700,156,95,251,0.000105377876208986,0.0384629248162798,6577.72964778008,18.0211771172057,2.07944904696216e-05,0.0075899890214119,1298.00050440613,3.55616576549625,5.0675863572099,"Above"
780,0.56,3700,1555,95,1650,0.00197991090914693,0.722667481838629,350.090086052709,0.959150920692353,0.000894205165073294,0.326384885251752,158.114368552153,0.433190050827817,2.21415731700079,"Above"
780,0.56,10000,1.56,95,96.56,3.63357571715616e-07,0.0001326255136762,1907617.27432074,5226.34869676915,1.77476142225679e-07,6.4778791912373e-05,931744.873489203,2552.72568079234,2.04736009673666,"Above"
780,0.56,10000,15.6,95,110.6,3.63821826055873e-06,0.00132794966510394,190518.30619241,521.967962170986,6.83074669805249e-07,0.000249322254478916,35769.7696438503,97.9993688872612,5.32623799620036,"Above"
780,0.56,10000,156,95,251,3.68553110583721e-05,0.0134521885363058,18807.2535722769,51.5267221158272,6.8047309625821e-06,0.00248372680134247,3472.45205722756,9.5135672800755,5.4161305216962,"Above"
780,0.56,10000,1555,95,1650,0.00042556562982258,0.155331454885242,1628.76682698488,4.46237486845172,9.18252897442472e-05,0.0335162307566502,351.442821818241,0.962857046077372,4.63451442416213,"Above"
780,0.56,1e+05,1.56,95,96.56,3.57754745549291e-08,1.30580482125491e-05,19374926.2360084,53081.9896876941,1.74331598479554e-08,6.36310334450373e-06,9441277.58797659,25866.5139396619,2.05215089329459,"Above"
780,0.56,1e+05,15.6,95,110.6,3.577996774402e-07,0.000130596882265673,1937249.31648602,5307.5323739343,6.60338918426725e-08,2.41023705225755e-05,357529.980888564,979.534194215243,5.41842480362459,"Above"
780,0.56,1e+05,156,95,251,3.58249825603597e-06,0.00130761186345313,193481.512347451,530.086335198496,6.41930588940301e-07,0.00023430466496321,34669.019297078,94.9836145125425,5.58081873298788,"Above"
780,0.56,1e+05,1555,95,1650,3.61656513232218e-05,0.0132004627329759,19165.8978948038,52.5093093008324,6.56135846160937e-06,0.00239489583848742,3477.17576554929,9.52650894671038,5.51191518262989,"Above"
780,0.76,3700,1.56,95,96.56,7.36317402484029e-07,0.000268755851906671,941370.091514277,2579.09614113501,3.491071753128e-07,0.000127424118989172,446327.972778872,1222.81636377773,2.10914428162151,"Above"
780,0.76,3700,15.6,95,110.6,7.38227346113333e-06,0.00269452981331366,93893.4576467902,257.242349717233,1.08229251072489e-06,0.000395036766414587,13765.4323633773,37.7135133243214,6.82095957237,"Above"
780,0.76,3700,156,95,251,7.58083631113109e-05,0.0276700525356285,9143.41310261751,25.0504468564863,1.08623575659543e-05,0.00396476051157331,1310.13279297471,3.58940491225948,6.97899720673125,"Above"
780,0.76,3700,1555,95,1650,0.00108895598976217,0.397468936263191,636.524512539144,1.74390277407985,0.000238515639391407,0.0870582083778637,139.418904458881,0.381969601257208,4.56555382506879,"Above"
780,0.76,10000,1.56,95,96.56,2.6651670755966e-07,9.72785982592758e-05,2600764.45828367,7125.3820774895,1.25946360794042e-07,4.59704216898252e-05,1229029.21097354,3367.20331773573,2.11611281087741,"Above"
780,0.76,10000,15.6,95,110.6,2.66766355653561e-06,0.000973697198135497,259833.05835617,711.871392756631,3.7677780916201e-07,0.000137523900344134,36698.5297810345,100.543917208314,7.08020348244168,"Above"
780,0.76,10000,156,95,251,2.69297635111424e-05,0.00982936368156699,25739.0741761675,70.5180114415549,3.63870004604616e-06,0.00132812551680685,3477.81629613105,9.52826382501656,7.40092977446836,"Above"
780,0.76,10000,1555,95,1650,0.000297664417343445,0.108647512330357,2328.61954662251,6.37977957978769,4.4773475766928e-05,0.0163423186549287,350.261518563713,0.959620598804693,6.64823117358503,"Above"
780,0.76,1e+05,1.56,95,96.56,2.63489961436061e-08,9.61738359241622e-06,26306398.0419666,72072.3234026483,1.24375824577717e-08,4.53971759708666e-06,12417474.7694636,34020.4788204483,2.11849820759514,"Above"
780,0.76,1e+05,15.6,95,110.6,2.63514333472353e-07,9.61827317174089e-05,2630396.50035837,7206.56575440648,3.67179809731267e-08,1.34020630551912e-05,366518.387744819,1004.15996642416,7.1767108781176,"Above"
780,0.76,1e+05,156,95,251,2.63758384932075e-06,0.000962718105002075,262796.26361014,719.989763315453,3.48057987146784e-07,0.000127041165308576,34678.8363014115,95.0105104148259,7.57800121451724,"Above"
780,0.76,1e+05,1555,95,1650,2.65370326647621e-05,0.00968601692263815,26119.9957552285,71.5616322061055,3.5326410376844e-06,0.0012894139787548,3477.12459319497,9.52636874847938,7.5119527802793,"Above"
790,0.56,3700,1.56,95,96.56,9.99222579897069e-07,0.00036471624166243,693686.466364028,1900.51086675076,4.90854928598456e-07,0.000179162048938436,340764.337963525,933.600925927466,2.03567800113602,"Above"
790,0.56,3700,15.6,95,110.6,1.00278990030341e-05,0.00366018313610743,69121.8749161939,189.374999770394,1.95911649576331e-06,0.00071507752095361,13504.1054288074,36.9975491200202,5.11858229192591,"Above"
790,0.56,3700,156,95,251,0.000104043979041784,0.037976052350251,6662.05951505931,18.2522178494776,2.0531269071272e-05,0.00749391321101428,1314.6415365139,3.60175763428466,5.0675863572099,"Above"
790,0.56,3700,1555,95,1650,0.00195484874574001,0.713519792195102,354.578420489282,0.971447727367896,0.000882886112350848,0.322253431008059,160.141475841283,0.438743769428173,2.21415731700079,"Above"
790,0.56,10000,1.56,95,96.56,3.58758108782507e-07,0.000130946709705615,1932073.9060428,5293.35316724055,1.75229608779785e-07,6.39588072046214e-05,943690.320585219,2585.45293311019,2.04736009673666,"Above"
790,0.56,10000,15.6,95,110.6,3.59216486485546e-06,0.00131114017567224,192960.848579492,528.659859121896,6.74428154997587e-07,0.000246166276574119,36228.3564341561,99.2557710524825,5.32623799620036,"Above"
790,0.56,10000,156,95,251,3.63887881335825e-05,0.0132819076687576,19048.3722078189,52.1873211173122,6.71859512761271e-06,0.00245228722157864,3516.97067334586,9.63553609135852,5.4161305216962,"Above"
790,0.56,10000,1555,95,1650,0.000420178723115965,0.153365233937327,1649.64845297186,4.51958480266264,9.06629443044466e-05,0.033091974671123,355.948499021039,0.975201367180928,4.63451442416213,"Above"
790,0.56,1e+05,1.56,95,96.56,3.53226204466389e-08,1.28927564630232e-05,19623322.7262136,53762.5280170235,1.72124869384876e-08,6.28255773254799e-06,9562319.60833526,26198.1359132473,2.05215089329459,"Above"
790,0.56,1e+05,15.6,95,110.6,3.53270567599185e-07,0.000128943757173702,1962085.84618456,5375.57766077961,6.5198019794031e-08,2.37972772248213e-05,362113.698592263,992.09232491031,5.41842480362459,"Above"
790,0.56,1e+05,156,95,251,3.53715017684564e-06,0.00129105981454866,195962.044557034,536.882313854887,6.33804885282828e-07,0.000231338783128232,35113.4939034508,96.2013531601391,5.58081873298788,"Above"
790,0.56,1e+05,1555,95,1650,3.57078582684974e-05,0.0130333682680016,19411.6145344808,53.18250557392,6.47830329120925e-06,0.00236458070129138,3521.75494203069,9.64864367679641,5.51191518262989,"Above"
790,0.76,3700,1.56,95,96.56,7.26996929034864e-07,0.000265353879097725,953438.938841383,2612.16147627776,3.44688097144283e-07,0.000125811155457663,452050.126276037,1238.49349664668,2.10914428162151,"Above"
790,0.76,3700,15.6,95,110.6,7.28882696162531e-06,0.00266042184099324,95097.2199243132,260.540328559762,1.06859260552585e-06,0.000390036301016934,13941.9122654719,38.1970199054024,6.82095957237,"Above"
790,0.76,3700,156,95,251,7.48487635782563e-05,0.0273197987060635,9260.63634752286,25.3716064315695,1.07248593689169e-05,0.00391457366965466,1326.92936724362,3.63542292395511,6.97899720673125,"Above"
790,0.76,3700,1555,95,1650,0.0010751717367272,0.392437683905429,644.685083212723,1.76626050195267,0.000235496454082655,0.0859562057401693,141.206326310918,0.386866647427172,4.56555382506879,"Above"
790,0.76,10000,1.56,95,96.56,2.63143078350044e-07,9.6047223597766e-05,2634107.59236423,7216.73312976501,1.24352103062472e-07,4.53885176178021e-05,1244785.99572961,3410.37259104004,2.11611281087741,"Above"
790,0.76,10000,15.6,95,110.6,2.6338956634149e-06,0.00096137191714644,263164.251412019,720.997949074023,3.72008469805529e-07,0.000135783091479018,37169.0237525862,101.832941787907,7.08020348244168,"Above"
790,0.76,10000,156,95,251,2.65888804287229e-05,0.00970494135648386,26069.0623066312,71.4220885113184,3.59264055179241e-06,0.00131131380140423,3522.40368454298,9.65042105354242,7.40092977446836,"Above"
790,0.76,10000,1555,95,1650,0.000293896513326439,0.10727222736415,2358.47364337408,6.46157162568241,4.42067229091188e-05,0.0161354538618284,354.752050852991,0.971923426994497,6.64823117358503,"Above"
790,0.76,1e+05,1.56,95,96.56,2.60154645468516e-08,9.49564455960083e-06,26643659.5553252,72996.3275488361,1.22801447051416e-08,4.4822528173767e-06,12576673.1639439,34456.6388053258,2.11849820759514,"Above"
790,0.76,1e+05,15.6,95,110.6,2.6017870899802e-07,9.49652287842772e-05,2664119.53241424,7298.95762305272,3.62531964038466e-08,1.3232416687404e-05,371217.341433855,1017.03381214755,7.17671087811759,"Above"
790,0.76,1e+05,156,95,251,2.60419671198758e-06,0.000950531799875466,266165.446476937,729.220401306677,3.43652189841128e-07,0.000125433049292012,35123.4367668142,96.2285938816826,7.57800121451724,"Above"
790,0.76,1e+05,1555,95,1650,2.6201120858879e-05,0.00956340911349083,26454.8674956802,72.4790890292607,3.48792406252383e-06,0.0012730922828212,3521.70311362055,9.64850168115219,7.5119527802793,"Above"
800,0.56,3700,1.56,95,96.56,9.86732297648355e-07,0.00036015728864165,702467.307710408,1924.56796632989,4.84719241990975e-07,0.000176922523326706,345077.810595975,945.418659167054,2.03567800113602,"Above"
800,0.56,3700,15.6,95,110.6,9.90255026549613e-06,0.00361443084690609,69996.835358171,191.772151666222,1.93462753956627e-06,0.00070613905194169,13675.04347221,37.4658725266027,5.11858229192591,"Above"
800,0.56,3700,156,95,251,0.000102743429303761,0.0375013516958728,6746.38938233854,18.4832585817494,2.02746282078811e-05,0.0074002392958766,1331.28256862167,3.64734950307308,5.0675863572099,"Above"
800,0.56,3700,1555,95,1650,0.00193041313641826,0.704600794792664,359.066754925855,0.983744534043438,0.000871850035946462,0.318225263120459,162.168583130413,0.44429748802853,2.21415731700079,"Above"
800,0.56,10000,1.56,95,96.56,3.54273632422725e-07,0.000129309875834295,1956530.53776486,5360.35763771195,1.73039238670037e-07,6.31593221145637e-05,955635.767681234,2618.18018542804,2.04736009673666,"Above"
800,0.56,10000,15.6,95,110.6,3.54726280404476e-06,0.00129475092347634,195403.390966574,535.351756072806,6.65997803060118e-07,0.000243089198116943,36686.9432244619,100.512173217704,5.32623799620036,"Above"
800,0.56,10000,156,95,251,3.59339282819128e-05,0.0131158838228982,19289.490843361,52.8479201187971,6.63461268851755e-06,0.00242163363130891,3561.48928946416,9.75750490264154,5.4161305216962,"Above"
800,0.56,10000,1555,95,1650,0.000414926489077016,0.151448168513111,1670.53007895885,4.57679473687356,8.9529657500641e-05,0.032678324987734,360.454176223837,0.987545688284484,4.63451442416213,"Above"
800,0.56,1e+05,1.56,95,96.56,3.48810876910559e-08,1.27315970072354e-05,19871719.2164188,54443.0663463529,1.69973308517565e-08,6.20402576089114e-06,9683361.62869394,26529.7578868327,2.05215089329459,"Above"
800,0.56,1e+05,15.6,95,110.6,3.48854685504195e-07,0.000127331960209031,1986922.3758831,5443.62294762492,6.43830445466057e-08,2.34998112595111e-05,366697.416295963,1004.65045560538,5.41842480362459,"Above"
800,0.56,1e+05,156,95,251,3.49293579963507e-06,0.0012749215668668,198442.576766616,543.678292511278,6.25882324216793e-07,0.000228447048339129,35557.9685098236,97.4190918077358,5.58081873298788,"Above"
800,0.56,1e+05,1555,95,1650,3.52615100401412e-05,0.0128704511646515,19657.3311741578,53.8557018470076,6.39732450006913e-06,0.00233502344252523,3566.33411851209,9.77077840688244,5.51191518262989,"Above"
800,0.76,3700,1.56,95,96.56,7.17909467421928e-07,0.000262036955609004,965507.786168489,2645.22681142052,3.4037949592998e-07,0.000124238516014443,457772.279773202,1254.17062951562,2.10914428162151,"Above"
800,0.76,3700,15.6,95,110.6,7.19771662460499e-06,0.00262716656798082,96300.9822018361,263.838307402291,1.05523519795677e-06,0.000385160847254222,14118.3921675665,38.6805264864835,6.82095957237,"Above"
800,0.76,3700,156,95,251,7.39131540335281e-05,0.0269783012222377,9377.85959242821,25.6927660066526,1.05907986268054e-05,0.00386564149878397,1343.72594151252,3.68144093565075,6.97899720673125,"Above"
800,0.76,3700,1555,95,1650,0.00106173209001811,0.387532212856612,652.845653886302,1.78861822982548,0.000232552748406622,0.0848817531684171,142.993748162955,0.391763693597137,4.56555382506879,"Above"
800,0.76,10000,1.56,95,96.56,2.59853789870668e-07,9.48466333027939e-05,2667450.72644479,7308.08418204051,1.22797701774191e-07,4.48211611475796e-05,1260542.78048568,3453.54186434434,2.11611281087741,"Above"
800,0.76,10000,15.6,95,110.6,2.60097196762222e-06,0.00094935476818211,266495.444467867,730.124505391416,3.67358363932959e-07,0.00013408580283553,37639.5177241379,103.121966367501,7.08020348244168,"Above"
800,0.76,10000,156,95,251,2.62565194233639e-05,0.00958362958952782,26399.0504370949,72.326165581082,3.54773254489501e-06,0.00129492237888668,3566.99107295492,9.77257828206827,7.40092977446836,"Above"
800,0.76,10000,1555,95,1650,0.000290222806909859,0.105931324522098,2388.32774012565,6.54336367157712,4.36541388727548e-05,0.0159337606885555,359.24258314227,0.984226255184301,6.64823117358503,"Above"
800,0.76,1e+05,1.56,95,96.56,2.56902712400159e-08,9.37694900260582e-06,26980921.0686837,73920.3316950239,1.21266428963274e-08,4.42622465715949e-06,12735871.5584242,34892.7987902034,2.11849820759515,"Above"
800,0.76,1e+05,15.6,95,110.6,2.56926475135544e-07,9.37781634244737e-05,2697842.56447012,7391.34949169896,3.58000314487985e-08,1.30670114788115e-05,375916.295122891,1029.90765787094,7.1767108781176,"Above"
800,0.76,1e+05,156,95,251,2.57164425308773e-06,0.000938650152377023,269534.629343734,738.451039297901,3.39356537468114e-07,0.000123865136175862,35568.0372322169,97.4466773485394,7.57800121451724,"Above"
800,0.76,1e+05,1555,95,1650,2.5873606848143e-05,0.0094438664995722,26789.7392361318,73.3965458524159,3.44432501174229e-06,0.00125717862928593,3566.28163404613,9.770634613825,7.5119527802793,"Above"
810,0.56,3700,1.56,95,96.56,9.74550417430474e-07,0.000355710902362123,711248.149056788,1948.62506590901,4.78735053818247e-07,0.00017473829464366,349391.283228424,957.236392406642,2.03567800113602,"Above"
810,0.56,3700,15.6,95,110.6,9.78029655851469e-06,0.00356980824385786,70871.7958001482,194.16930356205,1.91074324895434e-06,0.000697421285868336,13845.9815156126,37.9341959331852,5.11858229192591,"Above"
810,0.56,3700,156,95,251,0.000101474991904949,0.0370383720453065,6830.71924961777,18.7142993140213,2.0024324155932e-05,0.00730887831691516,1347.92360072944,3.69294137186149,5.0675863572099,"Above"
810,0.56,3700,1555,95,1650,0.00190658087547482,0.69590201954831,363.555089362428,0.996041340718982,0.000861086455255765,0.314296556168354,164.195690419544,0.449851206628887,2.21415731700078,"Above"
810,0.56,10000,1.56,95,96.56,3.49899883874297e-07,0.000127713457614118,1980987.16948692,5427.36210818335,1.70902951772876e-07,6.23795773970999e-05,967581.21477725,2650.90743774589,2.04736009673666,"Above"
810,0.56,10000,15.6,95,110.6,3.50346943609359e-06,0.00127876634417416,197845.933353656,542.043653023716,6.5777560796061e-07,0.000240088096905623,37145.5300147677,101.768575382925,5.32623799620036,"Above"
810,0.56,10000,156,95,251,3.54902995376916e-05,0.0129539593312574,19530.609478903,53.5085191202821,6.55270388989388e-06,0.00239173691981126,3606.00790558246,9.87947371392456,5.4161305216962,"Above"
810,0.56,10000,1555,95,1650,0.000409803939829151,0.14957843803764,1691.41170494583,4.63400467108448,8.84243530870528e-05,0.0322748888767743,364.959853426635,0.99989000938804,4.63451442416213,"Above"
810,0.56,1e+05,1.56,95,96.56,3.44504569788206e-08,1.25744167972695e-05,20120115.7066241,55123.6046756823,1.67874872609941e-08,6.12743285026285e-06,9804403.64905261,26861.3798604181,2.05215089329459,"Above"
810,0.56,1e+05,15.6,95,110.6,3.44547837535007e-07,0.000125759960700278,2011758.90558163,5511.66823447023,6.35881921447957e-08,2.32096901328504e-05,371281.133999662,1017.20858630044,5.41842480362459,"Above"
810,0.56,1e+05,156,95,251,3.44981313544204e-06,0.00125918179443635,200923.108976199,550.474271167669,6.18155381942512e-07,0.000225626714409017,36002.4431161964,98.6368304553325,5.58081873298788,"Above"
810,0.56,1e+05,1555,95,1650,3.4826182755695e-05,0.0127115567058287,19903.0478138347,54.5288981200952,6.31834518525347e-06,0.00230619599261751,3610.91329499349,9.89291313696847,5.51191518262989,"Above"
810,0.76,3700,1.56,95,96.56,7.09046387577213e-07,0.000258801931465683,977576.633495596,2678.29214656328,3.36177279930844e-07,0.000122704707174758,463494.433270367,1269.84776238457,2.10914428162151,"Above"
810,0.76,3700,15.6,95,110.6,7.1088559255358e-06,0.00259473241282057,97504.7444793591,267.136286244819,1.04220760292027e-06,0.000380405775065898,14294.8720696611,39.1640330675645,6.82095957237,"Above"
810,0.76,3700,156,95,251,7.30006459590401e-05,0.0266452357750496,9495.08283733357,26.0139255817358,1.04600480264745e-05,0.00381791752966318,1360.52251578143,3.72745894734638,6.97899720673125,"Above"
810,0.76,3700,1555,95,1650,0.00104862428643764,0.38274786454974,661.00622455988,1.8109759576983,0.000229681726821355,0.0838338302897947,144.781170014992,0.396660739767101,4.56555382506879,"Above"
810,0.76,10000,1.56,95,96.56,2.56645718390784e-07,9.3675687212636e-05,2700793.86052535,7399.43523431602,1.21281680764633e-07,4.4267813479091e-05,1276299.56524176,3496.71113764865,2.11611281087741,"Above"
810,0.76,10000,15.6,95,110.6,2.56886120258985e-06,0.000937634338945294,269826.637523715,739.251061708809,3.62823075489343e-07,0.00013243042255361,38110.0116956897,104.410990947095,7.08020348244168,"Above"
810,0.76,10000,156,95,251,2.59323648625816e-05,0.00946531317484229,26729.0385675586,73.2302426508455,3.50393337767408e-06,0.00127893568285104,3611.57846136686,9.89473551059413,7.40092977446836,"Above"
810,0.76,10000,1555,95,1650,0.000286639809293688,0.104623530392196,2418.18183687722,6.62515571747183,4.31151988866714e-05,0.0157370475936351,363.733115431548,0.996529083374104,6.64823117358503,"Above"
810,0.76,1e+05,1.56,95,96.56,2.53731073975466e-08,9.26118420010451e-06,27318182.5820423,74844.3358412117,1.1976931255632e-08,4.37157990830567e-06,12895069.9529045,35328.9587750809,2.11849820759515,"Above"
810,0.76,1e+05,15.6,95,110.6,2.53754543343748e-07,9.26204083204679e-05,2731565.596526,7483.74136034519,3.53580557518998e-08,1.29056903494434e-05,380615.248811928,1042.78150359432,7.1767108781176,"Above"
810,0.76,1e+05,156,95,251,2.53989555860517e-06,0.000927061878890886,272903.81221053,747.681677289125,3.35166950585792e-07,0.000122335936963814,36012.6376976196,98.6647608153961,7.57800121451724,"Above"
810,0.76,1e+05,1555,95,1650,2.55541796031042e-05,0.00932727555513303,27124.6109765835,74.3140026755711,3.40180248073312e-06,0.00124165790546759,3610.8601544717,9.89276754649781,7.5119527802793,"Above"
820,0.56,3700,1.56,95,96.56,9.62665656242298e-07,0.000351372964528439,720028.990403168,1972.68216548813,4.7289682145461e-07,0.000172607339830933,353704.755860874,969.05412564623,2.03567800113602,"Above"
820,0.56,3700,15.6,95,110.6,9.66102464926451e-06,0.00352627399698155,71746.7562421253,196.566455457878,1.88744150201588e-06,0.000688916148235795,14016.9195590152,38.4025193397677,5.11858229192591,"Above"
820,0.56,3700,156,95,251,0.000100237492003669,0.0365866845813394,6915.049116897,18.9453400462932,1.97801250808596e-05,0.00721974565451376,1364.56463283721,3.7385332406499,5.0675863572099,"Above"
820,0.56,3700,1555,95,1650,0.00188332988918854,0.687415409553818,368.043423799001,1.00833814739452,0.000850585400923378,0.310463671337033,166.222797708674,0.455404925229243,2.21415731700079,"Above"
820,0.56,10000,1.56,95,96.56,3.45632812119732e-07,0.000126155976423702,2005443.80120898,5494.36657865475,1.68818769434183e-07,6.16188508434767e-05,979526.661873265,2683.63469006374,2.04736009673666,"Above"
820,0.56,10000,15.6,95,110.6,3.46074419906806e-06,0.00126317163265984,200288.475740739,548.735549974626,6.49753954204993e-07,0.000237160193284822,37604.1168050734,103.024977548146,5.32623799620036,"Above"
820,0.56,10000,156,95,251,3.50574910067442e-05,0.0127959842174616,19771.728114445,54.169118121767,6.47279286684639e-06,0.00236256939639893,3650.52652170077,10.0014425252076,5.4161305216962,"Above"
820,0.56,10000,1555,95,1650,0.000404806330806845,0.147754310744498,1712.29333093282,4.6912146052954,8.73460073176985e-05,0.03188129267096,369.465530629433,1.0122343304916,4.63451442416213,"Above"
820,0.56,1e+05,1.56,95,96.56,3.40303294546887e-08,1.24210702509614e-05,20368512.1968293,55804.1430050118,1.65827618065917e-08,6.05270805940599e-06,9925445.66941129,27193.0018340035,2.05215089329459,"Above"
820,0.56,1e+05,15.6,95,110.6,3.40346034638239e-07,0.000124226302642957,2036595.43528017,5579.71352131554,6.28127263869323e-08,2.29266451312303e-05,375864.851703362,1029.76671699551,5.41842480362459,"Above"
820,0.56,1e+05,156,95,251,3.40774224354641e-06,0.00124382591889444,203403.641185782,557.27024982406,6.1061690167492e-07,0.000222875169111346,36446.9177225692,99.8545691029292,5.58081873298788,"Above"
820,0.56,1e+05,1555,95,1650,3.44014732098939e-05,0.0125565377216113,20148.7644535117,55.2020943931828,6.2412921951894e-06,0.00227807165124413,3655.49247147489,10.0150478670545,5.51191518262989,"Above"
820,0.76,3700,1.56,95,96.56,7.00399480411637e-07,0.000255645810350248,989645.480822702,2711.35748170603,3.32077557004858e-07,0.000121208308306773,469216.586767532,1285.52489525351,2.10914428162151,"Above"
820,0.76,3700,15.6,95,110.6,7.02216256059024e-06,0.00256308933461544,98708.506756882,270.434265087348,1.02949775410417e-06,0.000375766680248021,14471.3519717556,39.6475396486456,6.82095957236999,"Above"
820,0.76,3700,156,95,251,7.21103941790518e-05,0.0263202938753539,9612.30608223892,26.335085156819,1.0332486465176e-05,0.00377135755978924,1377.31909005034,3.77347695904202,6.97899720673125,"Above"
820,0.76,3700,1555,95,1650,0.00103583618538353,0.378080207664987,669.166795233459,1.83333368557112,0.000226880730152802,0.0828114665057728,146.568591867029,0.401557785937065,4.56555382506879,"Above"
820,0.76,10000,1.56,95,96.56,2.5351589255675e-07,9.25333007832136e-05,2734136.99460591,7490.78628659153,1.19802635877259e-07,4.37279620951996e-05,1292056.34999783,3539.88041095295,2.11611281087741,"Above"
820,0.76,10000,15.6,95,110.6,2.53753362694851e-06,0.000926199773836205,273157.830579564,748.377618026201,3.58398403837034e-07,0.000130815417400517,38580.5056672414,105.700015526689,7.08020348244168,"Above"
820,0.76,10000,156,95,251,2.56161165105989e-05,0.0093498825263686,27059.0266980223,74.134319720609,3.4612024828244e-06,0.0012633389062309,3656.16584977879,10.01689273912,7.40092977446836,"Above"
820,0.76,10000,1555,95,1650,0.000283144201863277,0.103347633680096,2448.03593362879,6.70694776336655,4.25894037782974e-05,0.0155451323790785,368.223647720826,1.00883191156391,6.64823117358503,"Above"
820,0.76,1e+05,1.56,95,96.56,2.50636792585521e-08,9.14824292937153e-06,27655444.0954008,75768.3399873995,1.18308711183682e-08,4.31826795820438e-06,13054268.3473848,35765.1187599585,2.11849820759515,"Above"
820,0.76,1e+05,15.6,95,110.6,2.50659975741995e-07,9.1490891145828e-05,2765288.62858187,7576.13322899143,3.49268599500473e-08,1.27483038817673e-05,385314.202500964,1055.65534931771,7.17671087811759,"Above"
820,0.76,1e+05,156,95,251,2.50892122252462e-06,0.000915756246221485,276272.995077327,756.912315280348,3.3107954874938e-07,0.000120844035293524,36457.2381630223,99.8828442822529,7.57800121451724,"Above"
820,0.76,1e+05,1555,95,1650,2.5242543266481e-05,0.00921352829226556,27459.4827170351,75.2314594987263,3.36031708462662e-06,0.00122651573588872,3655.43867489728,10.0149004791706,7.5119527802793,"Above"
830,0.56,3700,1.56,95,96.56,9.51067274841789e-07,0.000347139555317253,728809.831749548,1996.73926506726,4.67199269388892e-07,0.000170527733326945,358018.228493324,980.871858885818,2.03567800113602,"Above"
830,0.56,3700,15.6,95,110.6,9.54462676192398e-06,0.00348378876810225,72621.7166841025,198.963607353705,1.86470124295544e-06,0.000680615953678737,14187.8576024179,38.8708427463503,5.11858229192591,"Above"
830,0.56,3700,156,95,251,9.90298113771193e-05,0.0361458811526485,6999.37898417624,19.176380778565,1.95418103208493e-05,0.00713276076710998,1381.20566494499,3.78412510943832,5.0675863572099,"Above"
830,0.56,3700,1555,95,1650,0.00186063916763205,0.6791332961857,372.531758235575,1.02063495407007,0.000840337384044783,0.306723145176346,168.249904997804,0.4609586438296,2.21415731700079,"Above"
830,0.56,10000,1.56,95,96.56,3.41468561371301e-07,0.000124636024900525,2029900.43293104,5561.37104912615,1.66784808356663e-07,6.08764550501818e-05,991472.10896928,2716.36194238159,2.04736009673666,"Above"
830,0.56,10000,15.6,95,110.6,3.41904848582628e-06,0.00124795269732659,202731.018127821,555.427446925536,6.41925593310957e-07,0.000234302841558499,38062.7035953792,104.281379713368,5.32623799620036,"Above"
830,0.56,10000,156,95,251,3.46351115970244e-05,0.0126418157329139,20012.846749987,54.829717123252,6.39480741061932e-06,0.00233410470487605,3695.04513781907,10.1234113364906,5.4161305216962,"Above"
830,0.56,10000,1555,95,1650,0.000399929146098329,0.14597413832589,1733.17495691981,4.74842453950632,8.62936457837504e-05,0.0314971807110689,373.97120783223,1.02457865159515,4.63451442416213,"Above"
830,0.56,1e+05,1.56,95,96.56,3.36203254853551e-08,1.22714188021546e-05,20616908.6870345,56484.6813343412,1.6382969495669e-08,5.97978386591917e-06,10046487.68977,27524.6238075889,2.05215089329459,"Above"
830,0.56,1e+05,15.6,95,110.6,3.36245480004043e-07,0.000122729600201476,2061431.96497871,5647.75880816086,6.20559465509452e-08,2.2650420491095e-05,380448.569407061,1042.32484769058,5.41842480362459,"Above"
830,0.56,1e+05,156,95,251,3.366685108082e-06,0.00122884006444993,205884.173395365,564.066228480451,6.03260071534258e-07,0.000220189926110004,36891.392328942,101.072307750526,5.58081873298788,"Above"
830,0.56,1e+05,1555,95,1650,3.39869976290518e-05,0.0124052541346039,20394.4810931887,55.8752906662704,6.16609590368109e-06,0.0022506250048436,3700.07164795629,10.1371825971405,5.51191518262989,"Above"
830,0.76,3700,1.56,95,96.56,6.91960932454871e-07,0.000252565740346028,1001714.32814981,2744.42281684879,3.28076622583113e-07,0.000119747967242836,474938.740264697,1301.20202812246,2.10914428162151,"Above"
830,0.76,3700,15.6,95,110.6,6.93755819239035e-06,0.00253220874022248,99912.269034405,273.732243929877,1.01709416670532e-06,0.000371239370847443,14647.8318738502,40.1310462297266,6.82095957237,"Above"
830,0.76,3700,156,95,251,7.12415942491837e-05,0.026003181900952,9729.52932714427,26.6562447319021,1.02079986764389e-05,0.00372591951690022,1394.11566431924,3.81949497073765,6.97899720673125,"Above"
830,0.76,3700,1555,95,1650,0.00102335623134276,0.373525024440108,677.327365907038,1.85569141344394,0.000224147227379877,0.0818137379936551,148.356013719066,0.406454832107029,4.56555382506879,"Above"
830,0.76,10000,1.56,95,96.56,2.50461484212692e-07,9.14184417376327e-05,2767480.12868647,7582.13733886703,1.18359230625726e-07,4.320111917839e-05,1307813.1347539,3583.04968425725,2.11611281087741,"Above"
830,0.76,10000,15.6,95,110.6,2.50696093264792e-06,0.000915040740416491,276489.023635412,757.504174343594,3.54080350778756e-07,0.000129239328034246,39050.9996387931,106.989040106282,7.08020348244168,"Above"
830,0.76,10000,156,95,251,2.53074886008327e-05,0.00923723333930392,27389.014828486,75.0383967903725,3.41950124809157e-06,0.00124811795555342,3700.75323819073,10.1390499676458,7.40092977446836,"Above"
830,0.76,10000,1555,95,1650,0.000279732825937213,0.102102481467083,2477.89003038036,6.78873980926126,4.20762784315709e-05,0.0153578416275234,372.714180010105,1.02113473975371,6.64823117358503,"Above"
830,0.76,1e+05,1.56,95,96.56,2.47617072192925e-08,9.03802313504175e-06,27992705.6087594,76692.3441335873,1.16883305024842e-08,4.26624063340674e-06,13213466.7418651,36201.278744836,2.11849820759515,"Above"
830,0.76,1e+05,15.6,95,110.6,2.4763997603426e-07,9.03885912525048e-05,2799011.66063775,7668.52509763767,3.45060544084805e-08,1.25947098590954e-05,390013.15619,1068.5291950411,7.1767108781176,"Above"
830,0.76,1e+05,156,95,251,2.47869325598818e-06,0.000904723038435685,279642.177944124,766.142953271572,3.27090638523484e-07,0.000119388083061072,36901.838628425,101.10092774911,7.57800121451724,"Above"
830,0.76,1e+05,1555,95,1650,2.4938416239174e-05,0.0091025219272985,27794.3544574867,76.1489163218815,3.31983133661907e-06,0.00121173843786596,3700.01719532285,10.1370334118434,7.5119527802793,"Above"
840,0.56,3700,1.56,95,96.56,9.39745045379386e-07,0.000343006941563476,737590.673095929,2020.79636464638,4.61637373324738e-07,0.000168497641263529,362331.701125773,992.689592125407,2.03567800113602,"Above"
840,0.56,3700,15.6,95,110.6,9.43100025285345e-06,0.00344231509229151,73496.6771260796,201.360759249533,1.84250241863455e-06,0.00067251338280161,14358.7956458205,39.3391661529328,5.11858229192591,"Above"
840,0.56,3700,156,95,251,9.78508850512012e-05,0.0357155730436884,7083.70885145547,19.4074215108369,1.93091697217915e-05,0.00704784694845391,1397.84669705276,3.82971697822673,5.0675863572099,"Above"
840,0.56,3700,1555,95,1650,0.00183848870135072,0.671048375993013,377.020092672148,1.03293176074561,0.000830333367568059,0.303071679162342,170.277012286934,0.466512362429956,2.21415731700079,"Above"
840,0.56,10000,1.56,95,96.56,3.37403459450215e-07,0.000123152262699328,2054357.0646531,5628.37551959755,1.64799274923845e-07,6.01517353472035e-05,1003417.5560653,2749.08919469944,2.04736009673666,"Above"
840,0.56,10000,15.6,95,110.6,3.37834552766168e-06,0.00123309611759651,205173.560514903,562.119343876447,6.34283621962017e-07,0.000231513522016136,38521.290385685,105.537781878589,5.32623799620036,"Above"
840,0.56,10000,156,95,251,3.42227888399169e-05,0.0124913179265697,20253.965385529,55.490316124737,6.31867875096909e-06,0.00230631774410372,3739.56375393737,10.2453801477736,5.4161305216962,"Above"
840,0.56,10000,1555,95,1650,0.000395168084835253,0.144236350964867,1754.05658290679,4.80563447371724,8.5266340476801e-05,0.0311222142740324,378.476885035028,1.03692297269871,4.63451442416213,"Above"
840,0.56,1e+05,1.56,95,96.56,3.32200835152913e-08,1.21253304830813e-05,20865305.1772398,57165.2196636706,1.618793414453e-08,5.90859596275346e-06,10167529.7101286,27856.2457811743,2.05215089329459,"Above"
840,0.56,1e+05,15.6,95,110.6,3.32242557623043e-07,0.000121268533532411,2086268.49467725,5715.80409500617,6.13171852824816e-08,2.23807726281058e-05,385032.287110761,1054.88297838565,5.41842480362459,"Above"
840,0.56,1e+05,156,95,251,3.32660552346197e-06,0.00121421101606362,208364.705604947,570.862207136842,5.96078404015993e-07,0.000217568617465838,37335.8669353147,102.290046398123,5.58081873298788,"Above"
840,0.56,1e+05,1555,95,1650,3.35823905144202e-05,0.0122575725377634,20640.1977328657,56.548486939358,6.09269000006584e-06,0.00222383185002403,3744.65082443769,10.2593173272266,5.51191518262989,"Above"
840,0.76,3700,1.56,95,96.56,6.83723302306599e-07,0.000249559005341908,1013783.17547691,2777.48815199154,3.24170948504743e-07,0.000118322396204231,480660.893761862,1316.8791609914,2.10914428162151,"Above"
840,0.76,3700,15.6,95,110.6,6.85496821390952e-06,0.00250206339807697,101116.031311928,277.030222772405,1.00498590281597e-06,0.00036681985452783,14824.3117759448,40.6145528108077,6.82095957237,"Above"
840,0.76,3700,156,95,251,7.03934800319315e-05,0.025693620211655,9846.75257204962,26.9774043069853,1.00864748826718e-05,0.00368156333217521,1410.91223858815,3.86551298243328,6.97899720673125,"Above"
840,0.76,3700,1555,95,1650,0.00101117341906487,0.369078297958678,685.487936580617,1.87804914131676,0.000221478808006307,0.080839764922302,150.143435571103,0.411351878276993,4.56555382506879,"Above"
840,0.76,10000,1.56,95,96.56,2.47479799876827e-07,9.03301269550418e-05,2800823.26276703,7673.48839114254,1.16950192165896e-07,4.2686820140552e-05,1323569.91950997,3626.21895756156,2.11611281087741,"Above"
840,0.76,10000,15.6,95,110.6,2.47711615964021e-06,0.000904147398268676,279820.21669126,766.630730660987,3.4986510850758e-07,0.000127700764605267,39521.4936103448,108.278064685876,7.08020348244168,"Above"
840,0.76,10000,156,95,251,2.50062089746323e-05,0.00912726627574078,27719.0029589497,75.942473860136,3.37879289990001e-06,0.0012332594084635,3745.34062660266,10.2612071961717,7.40092977446836,"Above"
840,0.76,10000,1555,95,1650,0.000276402673247484,0.100886975735332,2507.74412713193,6.87053185515598,4.15753703550046e-05,0.0151750101795767,377.204712299383,1.03343756794352,6.64823117358503,"Above"
840,0.76,1e+05,1.56,95,96.56,2.44669249904914e-08,8.93042762152935e-06,28329967.1221179,77616.3482797751,1.1549183710788e-08,4.21545205443761e-06,13372665.1363454,36637.4387297135,2.11849820759515,"Above"
840,0.76,1e+05,15.6,95,110.6,2.44691881081471e-07,8.93125365947369e-05,2832734.69269362,7760.9169662839,3.40952680464748e-08,1.24447728369633e-05,394712.109879036,1081.40304076448,7.1767108781176,"Above"
840,0.76,1e+05,156,95,251,2.4491850029407e-06,0.000893952526073355,283011.36081092,775.373591262796,3.23196702350585e-07,0.000117966796357964,37346.4390938277,102.319011215966,7.57800121451724,"Above"
840,0.76,1e+05,1555,95,1650,2.46415303315648e-05,0.00899415857102114,28129.2261979384,77.0663731450367,3.28030953499265e-06,0.00119731298027232,3744.59571574843,10.2591663445163,7.5119527802793,"Above"
850,0.56,3700,1.56,95,96.56,9.28689221316099e-07,0.000338971565780376,746371.514442309,2044.8534642255,4.56206345403271e-07,0.000166515316072194,366645.173758223,1004.507325365,2.03567800113602,"Above"
850,0.56,3700,15.6,95,110.6,9.32004730870223e-06,0.00340181726767632,74371.6375680567,203.757911145361,1.82082591959179e-06,0.000664601460651002,14529.7336892231,39.8074895595154,5.11858229192591,"Above"
850,0.56,3700,156,95,251,9.66996981682458e-05,0.0352953898314097,7168.0387187347,19.6384622431088,1.90820030191822e-05,0.00696493110200151,1414.48772916053,3.87530884701515,5.0675863572099,"Above"
850,0.56,3700,1555,95,1650,0.0018168594225113,0.663153689216624,381.508427108721,1.04522856742115,0.000820564739714317,0.299506129995726,172.304119576064,0.472066081030313,2.21415731700078,"Above"
850,0.56,10000,1.56,95,96.56,3.33434006986094e-07,0.000121703412549924,2078813.69637517,5695.37999006895,1.62860459924741e-07,5.94440678725305e-05,1015363.00316131,2781.81644701729,2.04736009673666,"Above"
850,0.56,10000,15.6,95,110.6,3.33860028615978e-06,0.00121858910444832,207616.102901985,568.811240827357,6.2682146170364e-07,0.000228789833521829,38979.8771759908,106.79418404381,5.32623799620036,"Above"
850,0.56,10000,156,95,251,3.38201677947414e-05,0.0123443612450806,20495.084021071,56.1509151262219,6.24434135389887e-06,0.00227918459417309,3784.08237005567,10.3673489590566,5.4161305216962,"Above"
850,0.56,10000,1555,95,1650,0.000390519048543074,0.142539452718222,1774.93820889378,4.86284440792816,8.42632070594268e-05,0.0307560705766908,382.982562237827,1.04926729380226,4.63451442416213,"Above"
850,0.56,1e+05,1.56,95,96.56,3.28292590033467e-08,1.19826795362215e-05,21113701.667445,57845.757993,1.59974878604767e-08,5.83908306907401e-06,10288571.7304873,28187.8677547598,2.05215089329459,"Above"
850,0.56,1e+05,15.6,95,110.6,3.28333821651007e-07,0.000119841844902618,2111105.02437579,5783.84938185148,6.05958066320995e-08,2.21174694207163e-05,389616.00481446,1067.44110908071,5.41842480362459,"Above"
850,0.56,1e+05,156,95,251,3.28746898789183e-06,0.00119992618058052,210845.23781453,577.658185793233,5.89065716909923e-07,0.000215008986672122,37780.3415416876,103.507785045719,5.58081873298788,"Above"
850,0.56,1e+05,1555,95,1650,3.31873035671917e-05,0.012113365802025,20885.9143725426,57.2216832124456,6.02101129418271e-06,0.00219766912237669,3789.2300009191,10.3814520573126,5.51191518262989,"Above"
850,0.76,3700,1.56,95,96.56,6.7567949875005e-07,0.000246623017043768,1025852.02280402,2810.5534871343,3.20357172639981e-07,0.000116930368013593,486383.047259027,1332.55629386035,2.10914428162151,"Above"
850,0.76,3700,15.6,95,110.6,6.77432152903999e-06,0.0024726273580996,102319.793589451,280.328201614934,9.93162539253433e-07,0.000362504326827503,15000.7916780394,41.0980593918887,6.82095957236999,"Above"
850,0.76,3700,156,95,251,6.95653214433205e-05,0.025391342326812,9963.97581695498,27.2985638820684,9.96781047228744e-06,0.00363825082238492,1427.70881285706,3.91153099412892,6.97899720673125,"Above"
850,0.76,3700,1555,95,1650,0.000999277261193519,0.364736200335634,693.648507254196,1.90040686918958,0.000218873174970939,0.0798887088643926,151.93085742314,0.416248924446958,4.56555382506879,"Above"
850,0.76,10000,1.56,95,96.56,2.44568272819452e-07,8.92674195791002e-05,2834166.39684759,7764.83944341805,1.15574307552179e-07,4.21846222565455e-05,1339326.70426604,3669.38823086586,2.11611281087741,"Above"
850,0.76,10000,15.6,95,110.6,2.44797361658562e-06,0.00089351037005375,283151.409747109,775.75728697838,3.45749048407491e-07,0.000126198402668734,39991.9875818966,109.56708926547,7.08020348244168,"Above"
850,0.76,10000,156,95,251,2.47120182808131e-05,0.00901988667249677,28048.9910894133,76.8465509298996,3.3390423951953e-06,0.00121875047424628,3789.9280150146,10.3833644246975,7.40092977446836,"Above"
850,0.76,10000,1555,95,1650,0.000273150877091632,0.0997000701384455,2537.5982238835,6.95232390105069,4.10862483508281e-05,0.0149964806480522,381.695244588662,1.04574039613332,6.64823117358503,"Above"
850,0.76,1e+05,1.56,95,96.56,2.41790788141326e-08,8.82536376715842e-06,28667228.6354764,78540.3524259629,1.14133109612493e-08,4.16585850085599e-06,13531863.5308257,37073.5987145911,2.11849820759514,"Above"
850,0.76,1e+05,15.6,95,110.6,2.41813153068748e-07,8.82618008700929e-05,2866457.7247495,7853.30883493014,3.3694147245928e-08,1.22983637447637e-05,399411.063568072,1094.27688648787,7.17671087811759,"Above"
850,0.76,1e+05,156,95,251,2.42037106172963e-06,0.000883435437531315,286380.543677717,784.60422925402,3.19394388205284e-07,0.000116578951694929,37791.0395592305,103.537094682823,7.57800121451723,"Above"
850,0.76,1e+05,1555,95,1650,2.43516299747228e-05,0.00888834494077383,28464.09793839,77.9838299681919,3.24171765811039e-06,0.00118322694521029,3789.17423617401,10.3812992771891,7.5119527802793,"Above"
860,0.56,3700,1.56,95,96.56,9.17890509440331e-07,0.000335030035945721,755152.355788689,2068.91056380463,4.50901620456721e-07,0.000164579091466703,370958.646390673,1016.32505860458,2.03567800113602,"Above"
860,0.56,3700,15.6,95,110.6,9.21167466557779e-06,0.00336226125293589,75246.5980100339,206.155063041189,1.79965352517793e-06,0.000656873536689944,14700.6717326257,40.2758129660979,5.11858229192591,"Above"
860,0.56,3700,156,95,251,9.55752830732662e-05,0.0348849783217422,7252.36858601393,19.8695029753806,1.88601192631452e-05,0.006883943531048,1431.1287612683,3.92090071580356,5.0675863572099,"Above"
860,0.56,3700,1555,95,1650,0.00179573315015652,0.655442599807129,385.996761545294,1.0575253740967,0.000811023289252523,0.296023500577171,174.331226865195,0.47761979963067,2.21415731700078,"Above"
860,0.56,10000,1.56,95,96.56,3.29556867369977e-07,0.000120288256590042,2103270.32809723,5762.38446054034,1.60966733646546e-07,5.87528577809894e-05,1027308.45025733,2814.54369933514,2.04736009673666,"Above"
860,0.56,10000,15.6,95,110.6,3.29977935259978e-06,0.00120441946369892,210058.645289067,575.503137778267,6.19532840055923e-07,0.000226129486620412,39438.4639662965,108.050586209032,5.32623799620036,"Above"
860,0.56,10000,156,95,251,3.34269100296863e-05,0.0122008221608355,20736.202656613,56.8115141277069,6.1717327335047e-06,0.00225268244772921,3828.60098617397,10.4893177703397,5.4161305216962,"Above"
860,0.56,10000,1555,95,1650,0.000385978129373968,0.140882017221498,1795.81983488076,4.92005434213908,8.32834023261777e-05,0.0303984418490548,387.488239440624,1.06161161490582,4.63451442416213,"Above"
860,0.56,1e+05,1.56,95,96.56,3.24475234335404e-08,1.18433460532422e-05,21362098.1576502,58526.2963223294,1.58114705597735e-08,5.77118675431734e-06,10409613.750846,28519.4897283452,2.05215089329459,"Above"
860,0.56,1e+05,15.6,95,110.6,3.2451598651553e-07,0.000118448335078169,2135941.55407433,5851.89466869679,5.98912042294006e-08,2.18602895437312e-05,394199.72251816,1079.99923977578,5.41842480362459,"Above"
860,0.56,1e+05,156,95,251,3.24924260431169e-06,0.00118597355057377,213325.770024113,584.454164449624,5.82216115550505e-07,0.000212508882175934,38224.8161480604,104.725523693316,5.58081873298788,"Above"
860,0.56,1e+05,1555,95,1650,3.28014046885035e-05,0.0119725127113038,21131.6310122196,57.8948794855332,5.95099953494803e-06,0.00217211483025603,3833.8091774005,10.5035867873986,5.51191518262989,"Above"
860,0.76,3700,1.56,95,96.56,6.67822760392492e-07,0.000243755307543259,1037920.87013113,2843.61882227706,3.16632089237191e-07,0.000115570712571575,492105.200756192,1348.23342672929,2.10914428162151,"Above"
860,0.76,3700,15.6,95,110.6,6.69555034846976e-06,0.00244387587719146,103523.555866974,283.626180457463,9.81614137634207e-07,0.000358289160236485,15177.271580134,41.5815659729698,6.82095957237,"Above"
860,0.76,3700,156,95,251,6.87564223567703e-05,0.0250960941602212,10081.1990618603,27.6197234571516,9.85190569935387e-06,0.00359594558026416,1444.50538712596,3.95754900582455,6.97899720673125,"Above"
860,0.76,3700,1555,95,1650,0.000987657758156385,0.36049508172708,701.809077927774,1.9227645970624,0.000216328138052672,0.0789597703892252,153.718279275176,0.421145970616922,4.56555382506879,"Above"
860,0.76,10000,1.56,95,96.56,2.41724455693645e-07,8.82294263281804e-05,2867509.53092815,7856.19049569355,1.14230420255061e-07,4.16941033930973e-05,1355083.48902211,3712.55750417017,2.11611281087741,"Above"
860,0.76,10000,15.6,95,110.6,2.41950880709044e-06,0.000883120714588009,286482.602802957,784.883843295772,3.41728710635311e-07,0.000124730979381889,40462.4815534483,110.856113845064,7.08020348244168,"Above"
860,0.76,10000,156,95,251,2.44246692310362e-05,0.0089150042693282,28378.979219877,77.7506279996631,3.30021632083256e-06,0.00120457895710389,3834.51540342654,10.5055216532234,7.40092977446837,"Above"
860,0.76,10000,1555,95,1650,0.000269974704102194,0.0985407669973008,2567.45232063507,7.03411594694541,4.06085012769812e-05,0.0148221029660981,386.18577687794,1.05804322432312,6.64823117358503,"Above"
860,0.76,1e+05,1.56,95,96.56,2.38979267348985e-08,8.72274325823797e-06,29004490.148835,79464.3565721507,1.12805980430952e-08,4.11741828572976e-06,13691061.925306,37509.7586994686,2.11849820759515,"Above"
860,0.76,1e+05,15.6,95,110.6,2.39001372219111e-07,8.72355008599755e-05,2900180.75680538,7945.70070357638,3.33023548360917e-08,1.21553595151735e-05,404110.017257108,1107.15073221126,7.17671087811759,"Above"
860,0.76,1e+05,156,95,251,2.39222721217464e-06,0.000873162932443742,289749.726544514,793.834867245243,3.15680499970339e-07,0.000115223382489174,38235.6400246332,104.75517814968,7.57800121451723,"Above"
860,0.76,1e+05,1555,95,1650,2.40684714866447e-05,0.0087849920926253,28798.9696788417,78.9012867913471,3.20402326673701e-06,0.00116946849235901,3833.75275659959,10.5034322098619,7.5119527802793,"Above"
870,0.56,3700,1.56,95,96.56,9.0734004381458e-07,0.000331179115992322,763933.197135069,2092.96766338375,4.45718843210092e-07,0.000162687377771684,375272.119023123,1028.14279184417,2.03567800113602,"Above"
870,0.56,3700,15.6,95,110.6,9.10579334758264e-06,0.00332361457186767,76121.558452011,208.552214937016,1.77896785247473e-06,0.000649323266153278,14871.6097760284,40.7441363726804,5.11858229192591,"Above"
870,0.56,3700,156,95,251,9.44767166011597e-05,0.0344840015594233,7336.69845329316,20.1005437076525,1.86433362831091e-05,0.00680481774333481,1447.76979337607,3.96649258459197,5.0675863572099,"Above"
870,0.56,3700,1555,95,1650,0.00177509253923518,0.64790877682084,390.485095981867,1.06982218077224,0.000801701182479505,0.292620931605019,176.358334154325,0.483173518231026,2.21415731700078,"Above"
870,0.56,10000,1.56,95,96.56,3.25768857400207e-07,0.000118905632951076,2127726.95981929,5829.38893101174,1.59116541305782e-07,5.80775375766103e-05,1039253.89735334,2847.27095165299,2.04736009673666,"Above"
870,0.56,10000,15.6,95,110.6,3.26185085429403e-06,0.00119057556181732,212501.18767615,582.195034729177,6.12411772928844e-07,0.000223530297119028,39897.0507566023,109.306988374253,5.32623799620036,"Above"
870,0.56,10000,156,95,251,3.30426926730232e-05,0.0120605828256535,20977.321292155,57.4721131291919,6.10079327679775e-06,0.00222678954603118,3873.11960229228,10.6112865816227,5.4161305216962,"Above"
870,0.56,10000,1555,95,1650,0.000381541599151279,0.139262683690217,1816.70146086775,4.97726427635,8.23261218396699e-05,0.0300490344714795,391.993916643422,1.07395593600938,4.63451442416213,"Above"
870,0.56,1e+05,1.56,95,96.56,3.20745633940744e-08,1.17072156388371e-05,21610494.6478555,59206.8346516588,1.56297295188566e-08,5.70485127438266e-06,10530655.7712047,28851.1117019306,2.05215089329459,"Above"
870,0.56,1e+05,15.6,95,110.6,3.20785917705007e-07,0.000117086859962327,2160778.08377287,5919.9399555421,5.92027995830857e-08,2.16090218478263e-05,398783.44022186,1092.55737047085,5.41842480362459,"Above"
870,0.56,1e+05,156,95,251,3.21189498817018e-06,0.00117234167068212,215806.302233695,591.250143106015,5.75523976291304e-07,0.000210066251346326,38669.2907544332,105.943262340913,5.58081873298788,"Above"
870,0.56,1e+05,1555,95,1650,3.24243770484057e-05,0.0118348976226681,21377.3476518966,58.5680757586208,5.88259724144288e-06,0.00214714799312665,3878.3883538819,10.6257215174847,5.51191518262989,"Above"
870,0.76,3700,1.56,95,96.56,6.60146636709819e-07,0.000240953522399084,1049989.71745823,2876.68415741981,3.12992639935614e-07,0.000114242313576499,497827.354253357,1363.91055959824,2.10914428162151,"Above"
870,0.76,3700,15.6,95,110.6,6.61858999963677e-06,0.00241578534986742,104727.318144497,286.924159299991,9.70331216511974e-07,0.000354170894026871,15353.7514822285,42.0650725540508,6.82095957237,"Above"
870,0.76,3700,156,95,251,6.79661186515201e-05,0.0248076333078048,10198.4223067657,27.9408830322347,9.738665403959e-06,0.00355461287244503,1461.30196139487,4.00356701752019,6.97899720673125,"Above"
870,0.76,3700,1555,95,1650,0.000976305370131599,0.356351460098034,709.969648601353,1.94512232493521,0.000213841607730227,0.078052186821533,155.505701127213,0.426043016786886,4.56555382506879,"Above"
870,0.76,10000,1.56,95,96.56,2.38946013674178e-07,8.72152949910749e-05,2900852.66500871,7947.54154796906,1.12917426918796e-07,4.12148608253605e-05,1370840.27377818,3755.72677747447,2.11611281087741,"Above"
870,0.76,10000,15.6,95,110.6,2.39169836103192e-06,0.000872969901776653,289813.795858805,794.010399613165,3.37800794421112e-07,0.000123297289963706,40932.975525,112.145138424658,7.08020348244168,"Above"
870,0.76,10000,156,95,251,2.41439259065415e-05,0.00881253295588765,28708.9673503407,78.6547050694266,3.26228279990345e-06,0.00119073322196476,3879.10279183847,10.6276788817492,7.40092977446836,"Above"
870,0.76,10000,1555,95,1650,0.000266871546583778,0.097408114503079,2597.30641738664,7.11590799284012,4.01417368944872e-05,0.0146517339664878,390.676309167218,1.07034605251293,6.64823117358503,"Above"
870,0.76,1e+05,1.56,95,96.56,2.36232379218537e-08,8.62248184147661e-06,29341751.6621935,80388.3607183385,1.11509359966229e-08,4.07009163876735e-06,13850260.3197863,37945.9186843462,2.11849820759514,"Above"
870,0.76,1e+05,15.6,95,110.6,2.36254230009696e-07,8.6232793953539e-05,2933903.78886125,8038.09257222262,3.29195691483205e-08,1.2015642739137e-05,408808.970946144,1120.02457793464,7.1767108781176,"Above"
870,0.76,1e+05,156,95,251,2.36473034766688e-06,0.000863126576898412,293118.90941131,803.065505236467,3.12051988476427e-07,0.000113898975793896,38680.2404900359,105.973261616537,7.57800121451723,"Above"
870,0.76,1e+05,1555,95,1650,2.3791822389097e-05,0.00868401517202041,29133.8414192933,79.8187436145023,3.16719541309636e-06,0.00115602632578017,3878.33127702516,10.6255651425347,7.5119527802793,"Above"
880,0.56,3700,1.56,95,96.56,8.97029361498505e-07,0.000327415716946954,772714.038481449,2117.02476296287,4.40653856355432e-07,0.000160838657569733,379585.591655572,1039.96052508376,2.03567800113602,"Above"
880,0.56,3700,15.6,95,110.6,9.0023184231783e-06,0.00328584622446008,76996.5188939882,210.949366832844,1.75875230869661e-06,0.000641944592674263,15042.547819431,41.212459779263,5.11858229192591,"Above"
880,0.56,3700,156,95,251,9.34031175488738e-05,0.034092137905339,7421.0283205724,20.3315844399244,1.84314801889828e-05,0.00672749026897873,1464.41082548384,4.01208445338039,5.0675863572099,"Above"
880,0.56,3700,1555,95,1650,0.00175492103310751,0.64054617708424,394.973430418441,1.08211898744778,0.000792590941769511,0.289295693745871,178.385441443455,0.488727236831383,2.21415731700078,"Above"
880,0.56,10000,1.56,95,96.56,3.22066938566114e-07,0.000117554432576632,2152183.59154135,5896.39340148314,1.57308398790943e-07,5.74175655586942e-05,1051199.34444936,2879.99820397084,2.04736009673666,"Above"
880,0.56,10000,15.6,95,110.6,3.22478436731342e-06,0.0011770462940694,214943.730063232,588.886931680087,6.0545254823647e-07,0.000220990180106312,40355.6375469081,110.563390539474,5.32623799620036,"Above"
880,0.56,10000,156,95,251,3.26672075290116e-05,0.0119235307480892,21218.439927697,58.1327121306768,6.0314660804705e-06,0.00220148511937173,3917.63821841058,10.7332553929057,5.4161305216962,"Above"
880,0.56,10000,1555,95,1650,0.000377205899160923,0.137680153193737,1837.58308685473,5.03447421056091,8.13905977278555e-05,0.0297075681706672,396.49959384622,1.08630025711293,4.63451442416213,"Above"
880,0.56,1e+05,1.56,95,96.56,3.17100797191417e-08,1.15741790974867e-05,21858891.1380607,59887.3729809882,1.54521189561423e-08,5.64002341899194e-06,10651697.7915633,29182.733675516,2.05215089329459,"Above"
880,0.56,1e+05,15.6,95,110.6,3.17140623185632e-07,0.000115756327462756,2185614.61347141,5987.98524238741,5.85300404969142e-08,2.13634647813737e-05,403367.157925559,1105.11550116592,5.41842480362459,"Above"
880,0.56,1e+05,156,95,251,3.17539618148643e-06,0.00115901960624255,218286.834443278,598.046121762406,5.68983931106175e-07,0.000207679134853754,39113.765360806,107.161000988509,5.58081873298788,"Above"
880,0.56,1e+05,1555,95,1650,3.20559182183102e-05,0.0117004101496832,21623.0642915735,59.2412720317083,5.8157495455174e-06,0.00212274858411385,3922.9675303633,10.7478562475707,5.51191518262989,"Above"
880,0.76,3700,1.56,95,96.56,6.52644970383571e-07,0.000238215414190003,1062058.56478534,2909.74949256257,3.09435905390891e-07,0.000112944105467675,503549.507750522,1379.58769246718,2.10914428162151,"Above"
880,0.76,3700,15.6,95,110.6,6.5433787496409e-06,0.00238833324361893,105931.08042202,290.22213814252,9.59304725415247e-07,0.000350146224776565,15530.2313843231,42.5485791351318,6.82095957237,"Above"
880,0.76,3700,156,95,251,6.71937763941164e-05,0.0245257283838525,10315.645551671,28.2620426073179,9.62799875164128e-06,0.00351421954434907,1478.09853566378,4.04958502921582,6.97899720673125,"Above"
880,0.76,3700,1555,95,1650,0.000965210990925558,0.352302011687829,718.130219274932,1.96748005280803,0.000211411589460566,0.0771652301531065,157.29312297925,0.43094006295685,4.56555382506879,"Above"
880,0.76,10000,1.56,95,96.56,2.36230718064244e-07,8.6224212093449e-05,2934195.79908927,8038.89260024456,1.11634274340173e-07,4.07465101341633e-05,1386597.05853425,3798.89605077878,2.11611281087741,"Above"
880,0.76,10000,15.6,95,110.6,2.36451997056565e-06,0.000863049789256463,293144.988914654,803.136955930558,3.33962149029963e-07,0.000121896184395937,41403.4694965517,113.434163004251,7.08020348244168,"Above"
880,0.76,10000,156,95,251,2.3869563112149e-05,0.00871239053593438,29038.9554808044,79.5587821391902,3.22521140445001e-06,0.00117720216262425,3923.69018025041,10.7498361102751,7.40092977446836,"Above"
880,0.76,10000,1555,95,1650,0.000263838915372599,0.0963012041109985,2627.16051413821,7.19770003873483,3.96855807934135e-05,0.0144852369895959,395.166841456497,1.08264888070273,6.64823117358503,"Above"
880,0.76,1e+05,1.56,95,96.56,2.33547920363781e-08,8.52449909327801e-06,29679013.1755521,81312.3648645263,1.10242208148431e-08,4.02384059741772e-06,14009458.7142667,38382.0786692237,2.11849820759514,"Above"
880,0.76,1e+05,15.6,95,110.6,2.33569522850495e-07,8.52528758404306e-05,2967626.82091713,8130.48444086885,3.25454831352714e-08,1.18791013443741e-05,413507.924635181,1132.89842365803,7.17671087811759,"Above"
880,0.76,1e+05,156,95,251,2.33785841189794e-06,0.000853318320342748,296488.092278107,812.296143227691,3.08505943152831e-07,0.000112604669250783,39124.8409554386,107.191345083393,7.57800121451724,"Above"
880,0.76,1e+05,1555,95,1650,2.35214607710391e-05,0.00858533318142927,29468.713159745,80.7362004376575,3.13120455612935e-06,0.00114288966298721,3922.90979745074,10.7476980752075,7.5119527802793,"Above"
890,0.56,3700,1.56,95,96.56,8.86950379908634e-07,0.000323736888666651,781494.879827829,2141.081862542,4.3570268943009e-07,0.000159031481641983,383899.064288022,1051.77825832335,2.03567800113602,"Above"
890,0.56,3700,15.6,95,110.6,8.90116877797405e-06,0.00324892660396053,77871.4793359653,213.346518728672,1.73899104680114e-06,0.000634731732082418,15213.4858628336,41.6807831858455,5.11858229192591,"Above"
890,0.56,3700,156,95,251,9.23536443179876e-05,0.0337090801760655,7505.35818785163,20.5626251721962,1.82243849059605e-05,0.0066519004906756,1481.05185759161,4.0576763221688,5.0675863572099,"Above"
890,0.56,3700,1555,95,1650,0.00173520281925237,0.633349029027113,399.461764855014,1.09441579412333,0.000783685425569854,0.286045180332997,180.412548732585,0.49428095543174,2.21415731700079,"Above"
890,0.56,10000,1.56,95,96.56,3.18448208919304e-07,0.000116233596255546,2176640.22326341,5963.39787195454,1.55540888692168e-07,5.67724243726415e-05,1063144.79154537,2912.72545628869,2.04736009673666,"Above"
890,0.56,10000,15.6,95,110.6,3.18855083509642e-06,0.00116382105481019,217386.272450314,595.578828630997,5.98649710615836e-07,0.00021850714437478,40814.2243372138,111.819792704695,5.32623799620036,"Above"
890,0.56,10000,156,95,251,3.23001602534047e-05,0.0117895584924927,21459.5585632391,58.7933111321618,5.96369679866746e-06,0.00217674933151362,3962.15683452888,10.8552242041887,5.4161305216962,"Above"
890,0.56,10000,1555,95,1650,0.000372967630631026,0.136133185180324,1858.46471284172,5.09168414477183,8.04760966297897e-05,0.0293737752698732,401.005271049018,1.09864457821649,4.63451442416213,"Above"
890,0.56,1e+05,1.56,95,96.56,3.13537866885896e-08,1.14441321413352e-05,22107287.6282659,60567.9113103176,1.52784996420283e-08,5.57665236934035e-06,10772739.811922,29514.3556491014,2.05215089329459,"Above"
890,0.56,1e+05,15.6,95,110.6,3.13577245397029e-07,0.000114455694569916,2210451.14316994,6056.03052923272,5.78723995924545e-08,2.11234258512459e-05,407950.875629258,1117.67363186098,5.41842480362459,"Above"
890,0.56,1e+05,156,95,251,3.13971757270568e-06,0.00114599691403757,220767.366652861,604.842100418797,5.62590853228578e-07,0.000205345661428431,39558.2399671787,108.378739636106,5.58081873298788,"Above"
890,0.56,1e+05,1555,95,1650,3.16957393619247e-05,0.0115689448671025,21868.7809312505,59.9144683047959,5.75040404500596e-06,0.00209889747642718,3967.5467068447,10.8699909776567,5.51191518262989,"Above"
890,0.76,3700,1.56,95,96.56,6.453118808287e-07,0.000235538836502475,1074127.41211244,2942.81482770533,3.0595909746515e-07,0.00011167507057478,509271.661247687,1395.26482533613,2.10914428162151,"Above"
890,0.76,3700,15.6,95,110.6,6.46985764009438e-06,0.00236149803863445,107134.842699543,293.520116985048,9.48526020635301e-07,0.000346211997531885,15706.7112864177,43.0320857162129,6.82095957237,"Above"
890,0.76,3700,156,95,251,6.64387901424972e-05,0.0242501584020115,10432.8687965764,28.5832021824011,9.51981899038688e-06,0.00347473393149121,1494.89510993268,4.09560304091146,6.97899720673125,"Above"
890,0.76,3700,1555,95,1650,0.000954365923611788,0.348343562118303,726.290789948511,1.98983778068085,0.000209036178343031,0.0762982050952064,159.080544831287,0.435837109126815,4.56555382506879,"Above"
890,0.76,10000,1.56,95,96.56,2.33576440333185e-07,8.52554007216125e-05,2967538.93316983,8130.24365252007,1.10379956650958e-07,4.02886841775996e-05,1402353.84329032,3842.06532408308,2.11611281087741,"Above"
890,0.76,10000,15.6,95,110.6,2.33795233044694e-06,0.000853352600613132,296476.181970502,812.26351224795,3.30209765332997e-07,0.000120526564346544,41873.9634681034,114.723187583845,7.08020348244168,"Above"
890,0.76,10000,156,95,251,2.36013657738102e-05,0.00861449850744073,29368.9436112681,80.4628592089537,3.18897307406293e-06,0.00116397517203297,3968.27756866235,10.8719933388009,7.40092977446836,"Above"
890,0.76,10000,1555,95,1650,0.000260874433177401,0.0952191681097514,2657.01461088978,7.27949208462955,3.92396753912403e-05,0.0143224815178027,399.657373745775,1.09495170889253,6.64823117358503,"Above"
890,0.76,1e+05,1.56,95,96.56,2.3092378642711e-08,8.4287182045895e-06,30016274.6889106,82236.3690107141,1.09003531652381e-08,3.9786289053119e-06,14168657.108747,38818.2386541012,2.11849820759515,"Above"
890,0.76,1e+05,15.6,95,110.6,2.30945146189253e-07,8.42949783590775e-05,3001349.85297301,8222.87630951509,3.21798035494818e-08,1.17456282955609e-05,418206.878324217,1145.77226938142,7.1767108781176,"Above"
890,0.76,1e+05,156,95,251,2.31159033985414e-06,0.000843730474046762,299857.275144904,821.526781218914,3.05039584241002e-07,0.000111339448247966,39569.4414208413,108.40942855025,7.57800121451724,"Above"
890,0.76,1e+05,1555,95,1650,2.325717469496e-05,0.0084888687636604,29803.5849001966,81.6536572608127,3.09602248246498e-06,0.00113004820609972,3967.48831787632,10.8698310078803,7.5119527802793,"Above"
900,0.56,3700,1.56,95,96.56,8.77095375687427e-07,0.000320139812125911,790275.721174209,2165.13896212112,4.30861548436422e-07,0.000157264465179294,388212.536920472,1063.59599156294,2.03567800113602,"Above"
900,0.56,3700,15.6,95,110.6,8.80226690266322e-06,0.00321282741947208,78746.4397779424,215.7436706245,1.71966892405891e-06,0.000627679157281502,15384.4239062362,42.149106592428,5.11858229192591,"Above"
900,0.56,3700,156,95,251,9.13274927144544e-05,0.0333345348407759,7589.68805513086,20.7936659044681,1.80218917403388e-05,0.00657799048522365,1497.69288969938,4.10326819095721,5.0675863572099,"Above"
900,0.56,3700,1555,95,1650,0.00171592278792734,0.626311817593479,403.950099291587,1.10671260079887,0.000774977809730189,0.282866900551519,182.439656021715,0.499834674032096,2.21415731700078,"Above"
900,0.56,10000,1.56,95,96.56,3.14909895486867e-07,0.000114942111852706,2201096.85498547,6030.40234242594,1.53812656595589e-07,5.61416196573899e-05,1075090.23864139,2945.45270860654,2.04736009673666,"Above"
900,0.56,10000,15.6,95,110.6,3.15312249248423e-06,0.00115088970975675,219828.814837396,602.270725581907,5.91998047164549e-07,0.00021607928721506,41272.8111275196,113.076194869917,5.32623799620036,"Above"
900,0.56,10000,156,95,251,3.19412695839225e-05,0.0116585633981317,21700.6771987811,59.4539101336468,5.89743350090449e-06,0.00215256322783014,4006.67545064718,10.9771930154717,5.4161305216962,"Above"
900,0.56,10000,1555,95,1650,0.000368823545846236,0.134620594233876,1879.3463388287,5.14889407898275,7.95819177783476e-05,0.0290473999890969,405.510948251816,1.11098889932004,4.63451442416213,"Above"
900,0.56,1e+05,1.56,95,96.56,3.10054112809386e-08,1.13169751175426e-05,22355684.1184712,61248.4496396471,1.51087385348947e-08,5.51468956523657e-06,10893781.8322807,29845.9776226868,2.05215089329459,"Above"
900,0.56,1e+05,15.6,95,110.6,3.10093053781507e-07,0.00011318396463025,2235287.67286848,6124.07581607804,5.72293729303161e-08,2.08887211195654e-05,412534.593332958,1130.23176255605,5.41842480362459,"Above"
900,0.56,1e+05,156,95,251,3.10483182189784e-06,0.00113326361499271,223247.898862443,611.638079075188,5.5633984374826e-07,0.000203064042968115,40002.7145735515,109.596478283703,5.58081873298788,"Above"
900,0.56,1e+05,1555,95,1650,3.13435644801255e-05,0.0114404010352458,22114.4975709275,60.5876645778835,5.68651066672812e-06,0.00207557639335576,4012.1258833261,10.9921257077427,5.51191518262989,"Above"
900,0.76,3700,1.56,95,96.56,6.38141748819492e-07,0.000232921738319115,1086196.25943955,2975.88016284808,3.0255955193776e-07,0.000110434236457282,514993.814744852,1410.94195820507,2.10914428162151,"Above"
900,0.76,3700,15.6,95,110.6,6.39797033298222e-06,0.00233525917153851,108338.604977066,296.818095827577,9.37986842628242e-07,0.000342365197559308,15883.1911885123,43.5155922972939,6.82095957236999,"Above"
900,0.76,3700,156,95,251,6.57005813631361e-05,0.0239807121975447,10550.0920414817,28.9043617574842,9.41404322382703e-06,0.00343612577669687,1511.69168420159,4.14162105260709,6.97899720673125,"Above"
900,0.76,3700,1555,95,1650,0.000943761857793879,0.344473078094766,734.451360622089,2.01219550855367,0.00020671355413922,0.0754504472608152,160.867966683324,0.440734155296779,4.56555382506879,"Above"
900,0.76,10000,1.56,95,96.56,2.30981146551705e-07,8.43081184913724e-05,3000882.06725039,8221.59470479558,1.09153512688169e-07,3.98410321311819e-05,1418110.6280464,3885.23459738739,2.11611281087741,"Above"
900,0.76,10000,15.6,95,110.6,2.31197508233086e-06,0.000843870905050764,299807.37502635,821.390068565343,3.26540767940408e-07,0.000119187380298249,42344.4574396552,116.012212163439,7.08020348244168,"Above"
900,0.76,10000,156,95,251,2.33391283763234e-05,0.00851878185735806,29698.9317417318,81.3669362787172,3.15354003990667e-06,0.00115104211456594,4012.86495707428,10.9941505673268,7.40092977446836,"Above"
900,0.76,10000,1555,95,1650,0.000257975828364319,0.0941611773529764,2686.86870764136,7.36128413052426,3.88036789980043e-05,0.0141633428342716,404.147906035053,1.10725453708234,6.64823117358503,"Above"
900,0.76,1e+05,1.56,95,96.56,2.28357966577919e-08,8.33506578009406e-06,30353536.2022692,83160.3731569019,1.07792381300688e-08,3.9344219174751e-06,14327855.5032273,39254.3986389788,2.11849820759515,"Above"
900,0.76,1e+05,15.6,95,110.6,2.28379089009373e-07,8.33583674884211e-05,3035072.88502888,8315.26817816132,3.18222501767098e-08,1.16151213144991e-05,422905.832013253,1158.6461151048,7.17671087811759,"Above"
900,0.76,1e+05,156,95,251,2.28590600274465e-06,0.000834355691001798,303226.458011701,830.757419210138,3.01650255527213e-07,0.000110102343267433,40014.041886244,109.627512017107,7.57800121451723,"Above"
900,0.76,1e+05,1555,95,1650,2.29987616427938e-05,0.00839454799961973,30138.4566406483,82.5711140839679,3.06162223265981e-06,0.00111749211492083,4012.06683830189,10.9919639405531,7.5119527802793,"Above"
910,0.56,3700,1.56,95,96.56,8.67456964965587e-07,0.000316621792212439,799056.562520589,2189.19606170024,4.26126806145912e-07,0.000155536284243258,392526.009552921,1075.41372480252,2.03567800113602,"Above"
910,0.56,3700,15.6,95,110.6,8.70553869494165e-06,0.0031775216236537,79621.4002199196,218.140822520328,1.70077146335497e-06,0.000620781584124563,15555.3619496389,42.6174299990106,5.11858229192591,"Above"
910,0.56,3700,156,95,251,9.03238938934165e-05,0.032968221271097,7674.01792241009,21.02470663674,1.78238489739614e-05,0.00650570487549591,1514.33392180715,4.14886005974563,5.0675863572099,"Above"
910,0.56,3700,1555,95,1650,0.00169706649355451,0.619429270147397,408.43843372816,1.11900940747441,0.000766461570062824,0.279758473072931,184.466763310845,0.505388392632453,2.21415731700078,"Above"
910,0.56,10000,1.56,95,96.56,3.11449347184813e-07,0.000113679011722457,2225553.48670753,6097.40681289734,1.52122407622011e-07,5.5524678782034e-05,1087035.6857374,2978.17996092439,2.04736009673666,"Above"
910,0.56,10000,15.6,95,110.6,3.11847279476463e-06,0.00113824257008909,222271.357224478,608.962622532817,5.85492574118785e-07,0.000213704789553356,41731.3979178254,114.332597035138,5.32623799620036,"Above"
910,0.56,10000,156,95,251,3.15902666214618e-05,0.0115304473168335,21941.7958343231,60.1145091351317,5.83262653935609e-06,0.00212890868686497,4051.19406676548,11.0991618267547,5.4161305216962,"Above"
910,0.56,10000,1555,95,1650,0.000364770539847926,0.133141247044493,1900.22796481569,5.20610401319367,7.87073912093547e-05,0.0287281977914145,410.016625454614,1.1233332204236,4.63451442416213,"Above"
910,0.56,1e+05,1.56,95,96.56,3.06646924756535e-08,1.11926127536135e-05,22604080.6086764,61928.9879689765,1.49427084411046e-08,5.4540885810032e-06,11014823.8526394,30177.5995962722,2.05215089329459,"Above"
910,0.56,1e+05,15.6,95,110.6,3.06685437805886e-07,0.000111940184799148,2260124.20256702,6192.12110292335,5.66004787222907e-08,2.06591747336361e-05,417118.311036658,1142.78989325112,5.41842480362459,"Above"
910,0.56,1e+05,156,95,251,3.07071279088797e-06,0.00112081016867411,225728.431072026,618.434057731579,5.50226219091686e-07,0.000200832569968465,40447.1891799243,110.8142169313,5.58081873298788,"Above"
910,0.56,1e+05,1555,95,1650,3.09991297056187e-05,0.0113146823425508,22360.2142106045,61.2608608509711,5.62402153852232e-06,0.00205276786156064,4056.7050598075,11.1142604378288,5.51191518262989,"Above"
910,0.76,3700,1.56,95,96.56,6.31129202129168e-07,0.000230362158777146,1098265.10676666,3008.94549799084,2.99234721696686e-07,0.00010922067341929,520715.968242017,1426.61909107402,2.10914428162151,"Above"
910,0.76,3700,15.6,95,110.6,6.32766296668571e-06,0.00230959698284028,109542.367254589,300.116074670106,9.27679294907053e-07,0.000338602942641074,16059.6710906069,43.999098878375,6.82095957237,"Above"
910,0.76,3700,156,95,251,6.49785969525522e-05,0.0237171878876815,10667.3152863871,29.2255213325674,9.31059219938937e-06,0.00339836615277712,1528.4882584705,4.18763906430273,6.97899720673125,"Above"
910,0.76,3700,1555,95,1650,0.000933390848367573,0.340687659654164,742.611931295668,2.03455323642649,0.000204441976621206,0.0746213214667403,162.655388535361,0.445631201466743,4.56555382506879,"Above"
910,0.76,10000,1.56,95,96.56,2.28442892193994e-07,8.33816556508078e-05,3034225.20133095,8312.94575707108,1.0795402353775e-07,3.94032185912788e-05,1433867.41280247,3928.40387069169,2.11611281087741,"Above"
910,0.76,10000,15.6,95,110.6,2.28656876274481e-06,0.000834597598401855,303138.568082199,830.516624882736,3.22952407853151e-07,0.0001178776288664,42814.9514112069,117.301236743033,7.08020348244168,"Above"
910,0.76,10000,156,95,251,2.30826544381221e-05,0.00842516886991456,30028.9198721955,82.2710133484807,3.11888575375385e-06,0.00113839330012016,4057.45234548622,11.1163077958527,7.40092977446836,"Above"
910,0.76,10000,1555,95,1650,0.000255140929151524,0.0931264391403063,2716.72280439293,7.44307617641898,3.83772649430812e-05,0.0140077017042246,408.638438324332,1.11955736527214,6.64823117358503,"Above"
910,0.76,1e+05,1.56,95,96.56,2.25848538373766e-08,8.24347165064248e-06,30690797.7156277,84084.3773030897,1.06607849638043e-08,3.89118651178856e-06,14487053.8977076,39690.5586238563,2.11849820759515,"Above"
910,0.76,1e+05,15.6,95,110.6,2.25869428690588e-07,8.24423414720648e-05,3068795.91708476,8407.66004680756,3.14725551198229e-08,1.14874826187354e-05,427604.785702289,1171.51996082819,7.17671087811759,"Above"
910,0.76,1e+05,156,95,251,2.26078615656064e-06,0.000825186947144635,306595.640878497,839.988057201362,2.98335417554386e-07,0.000108892427407351,40458.6423516467,110.845595483964,7.57800121451724,"Above"
910,0.76,1e+05,1555,95,1650,2.27460279983675e-05,0.00830230021940413,30473.3283810999,83.4885709071231,3.02797803230091e-06,0.00110521198178983,4056.64535872747,11.1140968732259,7.5119527802793,"Above"
920,0.56,3700,1.56,95,96.56,8.58028084911613e-07,0.000313180250992739,807837.403866969,2213.25316127937,4.21494993035631e-07,0.000153845672458005,396839.482185371,1087.23145804211,2.03567800113602,"Above"
920,0.56,3700,15.6,95,110.6,8.61091327434446e-06,0.00314298334513573,80496.3606618967,220.537974416155,1.68228481701415e-06,0.000614033958210165,15726.2999930415,43.0857534055931,5.11858229192591,"Above"
920,0.56,3700,156,95,251,8.93421124380532e-05,0.0326098710398894,7758.34778968932,21.2557473690118,1.7630111485114e-05,0.00643499069206661,1530.97495391492,4.19445192853404,5.0675863572099,"Above"
920,0.56,3700,1555,95,1650,0.00167862011862457,0.612696343297968,412.926768164733,1.13130621414995,0.000758130466040402,0.276717620104747,186.493870599975,0.51094211123281,2.21415731700079,"Above"
920,0.56,10000,1.56,95,96.56,3.08064028193674e-07,0.000112443370290691,2250010.11842959,6164.41128336874,1.50468903191337e-07,5.4921149664838e-05,1098981.13283342,3010.90721324225,2.04736009673666,"Above"
920,0.56,10000,15.6,95,110.6,3.08457635134327e-06,0.00112587036824029,224713.89961156,615.654519483727,5.79128524400102e-07,0.000211381911406037,42189.9847081312,115.588999200359,5.32623799620036,"Above"
920,0.56,10000,156,95,251,3.1246894158185e-05,0.0114051163677375,22182.9144698651,60.7751081366167,5.76922842479787e-06,0.00210576837505122,4095.71268288379,11.2211306380378,5.4161305216962,"Above"
920,0.56,10000,1555,95,1650,0.000360805642675666,0.131694059576618,1921.10959080268,5.26331394740459,7.78518760875139e-05,0.0284159347719426,414.522302657412,1.13567754152716,4.63451442416213,"Above"
920,0.56,1e+05,1.56,95,96.56,3.03313806009182e-08,1.10709539193351e-05,22852477.0988816,62609.5262983059,1.47802876971796e-08,5.39480500947055e-06,11135865.872998,30509.2215698576,2.05215089329459,"Above"
920,0.56,1e+05,15.6,95,110.6,3.0335190043843e-07,0.000110723443660027,2284960.73226556,6260.16638976866,5.59852561274832e-08,2.04346184865314e-05,421702.028740357,1155.34802394618,5.41842480362459,"Above"
920,0.56,1e+05,156,95,251,3.03733547794354e-06,0.00110862744944939,228208.963281609,625.23003638797,5.4424549931895e-07,0.000198649607251417,40891.6637862971,112.031955578896,5.58081873298788,"Above"
920,0.56,1e+05,1555,95,1650,3.06621826436011e-05,0.0111916966649144,22605.9308502814,61.9340571240587,5.56289086962533e-06,0.00203045516741325,4101.2842362889,11.2363951679148,5.51191518262989,"Above"
920,0.76,3700,1.56,95,96.56,6.24269102106025e-07,0.000227858222268699,1110333.95409376,3042.0108331336,2.95982170373896e-07,0.000108033492186472,526438.121739182,1442.29622394296,2.10914428162151,"Above"
920,0.76,3700,15.6,95,110.6,6.25888402139565e-06,0.00228449266780941,110746.129532112,303.414053512634,9.17595824310237e-07,0.000334922475873236,16236.1509927014,44.482605459456,6.82095957237,"Above"
920,0.76,3700,156,95,251,6.42723078552418e-05,0.0234593923671633,10784.5385312924,29.5466809076505,9.20939011026557e-06,0.00336142739024693,1545.2848327394,4.23365707599836,6.97899720673125,"Above"
920,0.76,3700,1555,95,1650,0.000923245295667925,0.336984532918793,750.772501969247,2.05691096429931,0.00020221978122315,0.0738102201464497,164.442810387398,0.450528247636707,4.56555382506879,"Above"
920,0.76,10000,1.56,95,96.56,2.25959817278842e-07,8.24753333067773e-05,3067568.33541151,8404.29680934659,1.06780610238427e-07,3.89749227370257e-05,1449624.19755854,3971.57314399599,2.11611281087741,"Above"
920,0.76,10000,15.6,95,110.6,2.2617147544541e-06,0.000825525885375748,306469.761138047,839.643181200128,3.19442055593878e-07,0.000116596350291765,43285.4453827586,118.590261322626,7.08020348244168,"Above"
920,0.76,10000,156,95,251,2.28317560203164e-05,0.00833359094741549,30358.9080026591,83.1750904182442,3.08498482164783e-06,0.00112601945990146,4102.03973389816,11.2384650243785,7.40092977446836,"Above"
920,0.76,10000,1555,95,1650,0.000252367658182486,0.0921141952366073,2746.5769011445,7.52486822231369,3.79601207589172e-05,0.0138554440770048,413.12897061361,1.13186019346195,6.64823117358503,"Above"
920,0.76,1e+05,1.56,95,96.56,2.2339366295666e-08,8.1538686979181e-06,31028059.2289863,85008.3814492775,1.05449068663716e-08,3.84889100622564e-06,14646252.2921879,40126.7186087339,2.11849820759514,"Above"
920,0.76,1e+05,15.6,95,110.6,2.23414326204821e-07,8.15462290647597e-05,3102518.94914064,8500.0519154538,3.113046212939e-08,1.13626186772274e-05,432303.739391325,1184.39380655158,7.1767108781176,"Above"
920,0.76,1e+05,156,95,251,2.23621239398933e-06,0.000816217523806107,309964.823745294,849.218695192586,2.95092641276621e-07,0.000107708814065967,40903.2428170494,112.06367895082,7.57800121451724,"Above"
920,0.76,1e+05,1555,95,1650,2.24987885636026e-05,0.00821205782571495,30808.2001215516,84.4060277302783,2.99506522760199e-06,0.00109319880807473,4101.22387915304,11.2362298058988,7.5119527802793,"Above"
930,0.56,3700,1.56,95,96.56,8.48801976471704e-07,0.000309812721412172,816618.245213349,2237.31026085849,4.16962788809441e-07,0.000152191417915446,401152.954817821,1099.0491912817,2.03567800113602,"Above"
930,0.56,3700,15.6,95,110.6,8.51832280902892e-06,0.00310918782529556,81371.3211038739,222.935126311983,1.66419573296024e-06,0.000607431442530486,15897.2380364441,43.5540768121756,5.11858229192591,"Above"
930,0.56,3700,156,95,251,8.83814445623752e-05,0.032259227265267,7842.67765696856,21.4867881012837,1.74405403938762e-05,0.00636579724376482,1547.6159860227,4.24004379732245,5.0675863572099,"Above"
930,0.56,3700,1555,95,1650,0.00166057043992968,0.606108210574334,417.415102601307,1.1436030208255,0.000749978525545344,0.27374216182405,188.520977889106,0.516495829833166,2.21415731700079,"Above"
930,0.56,10000,1.56,95,96.56,3.04751511761484e-07,0.000111234301792942,2274466.75015165,6231.41575384014,1.48850957995731e-07,5.43305996684419e-05,1110926.57992943,3043.6344655601,2.04736009673666,"Above"
930,0.56,10000,15.6,95,110.6,3.05140886369442e-06,0.00111376423524846,227156.441998643,622.346416434637,5.72901335965693e-07,0.000209108987627478,42648.571498437,116.845401365581,5.32623799620036,"Above"
930,0.56,10000,156,95,251,3.09109060489572e-05,0.0112824807078694,22424.0331054071,61.4357071381017,5.70719371055273e-06,0.00208312570435175,4140.23129900209,11.3430994493208,5.4161305216962,"Above"
930,0.56,10000,1555,95,1650,0.000356926012109261,0.13027799441988,1941.99121678966,5.32052388161551,7.70147591403363e-05,0.0281103870862228,419.02797986021,1.14802186263071,4.63451442416213,"Above"
930,0.56,1e+05,1.56,95,96.56,3.00052367234889e-08,1.09519114040735e-05,23100873.5890869,63290.0646276353,1.46213598724787e-08,5.33679635345474e-06,11256907.8933567,30840.843543443,2.05215089329459,"Above"
930,0.56,1e+05,15.6,95,110.6,3.00090052046619e-07,0.000109532868997016,2309797.2619641,6328.21167661397,5.53832641261124e-08,2.0214891406031e-05,426285.746444057,1167.90615464125,5.41842480362459,"Above"
930,0.56,1e+05,156,95,251,3.00467595667533e-06,0.0010967067241865,230689.495491192,632.026015044361,5.38393397175736e-07,0.000196513589969144,41336.1383926699,113.249694226493,5.58081873298788,"Above"
930,0.56,1e+05,1555,95,1650,3.03324817549602e-05,0.0110713558405605,22851.6474899584,62.6072533971463,5.50307483876915e-06,0.00200862231615074,4145.8634127703,11.3585298980008,5.51191518262989,"Above"
930,0.76,3700,1.56,95,96.56,6.17556531115637e-07,0.000225408133857208,1122402.80142087,3075.07616827635,2.92799566391381e-07,0.000106871841732854,532160.275236347,1457.97335681191,2.10914428162151,"Above"
930,0.76,3700,15.6,95,110.6,6.1915841932086e-06,0.00225992823052114,111949.891809634,306.712032355163,9.0772920254346e-07,0.000331321158928363,16412.630894796,44.9661120405371,6.82095957237,"Above"
930,0.76,3700,156,95,251,6.35812077707768e-05,0.0232071408363335,10901.7617761978,29.8678404827337,9.11036441015519e-06,0.00332528300970664,1562.08140700831,4.279675087694,6.97899720673125,"Above"
930,0.76,3700,1555,95,1650,0.000913317926897302,0.333361043317515,758.933072642826,2.07926869217213,0.000200045374973439,0.0730165618653051,166.230232239435,0.455425293806671,4.56555382506879,"Above"
930,0.76,10000,1.56,95,96.56,2.23530141824231e-07,8.15885017658442e-05,3100911.46949207,8495.6478616221,1.05632431633712e-07,3.8555837546305e-05,1465380.98231461,4014.7424173003,2.11611281087741,"Above"
930,0.76,10000,15.6,95,110.6,2.23739524096535e-06,0.000816649262952352,309800.954193895,848.769737517521,3.1600719478104e-07,0.00011534262609508,43755.9393543104,119.87928590222,7.08020348244168,"Above"
930,0.76,10000,156,95,251,2.25862532674098e-05,0.00824398244260457,30688.8961331228,84.0791674880078,3.05181294184517e-06,0.00111391172377349,4146.62712231009,11.3606222529044,7.40092977446836,"Above"
930,0.76,10000,1555,95,1650,0.000249654027449341,0.0911237200190094,2776.43099789607,7.6066602682084,3.75519474174235e-05,0.0137064608073596,417.619502902889,1.14416302165175,6.64823117358503,"Above"
930,0.76,1e+05,1.56,95,96.56,2.20991580559277e-08,8.06619269041361e-06,31365320.7423448,85932.3855954653,1.04315207710343e-08,3.80750508142752e-06,14805450.6866682,40562.8785936114,2.11849820759515,"Above"
930,0.76,1e+05,15.6,95,110.6,2.21012021621974e-07,8.06693878920204e-05,3136241.98119651,8592.44378410004,3.07957259774611e-08,1.12404399817733e-05,437002.693080361,1197.26765227496,7.17671087811759,"Above"
930,0.76,1e+05,156,95,251,2.21216709943031e-06,0.000807440991292063,313334.00661209,858.44933318381,2.91919602123109e-07,0.000106550654774935,41347.8432824521,113.281762417677,7.57800121451724,"Above"
930,0.76,1e+05,1555,95,1650,2.22568661059295e-05,0.00812375612866426,31143.0718620032,85.3234845534335,2.96286022515466e-06,0.00108144398218145,4145.80239957862,11.3583627385716,7.5119527802793,"Above"
940,0.56,3700,1.56,95,96.56,8.39772168211366e-07,0.000306516841397149,825399.08655973,2261.36736043762,4.12527014460404e-07,0.000150572360278048,405466.42745027,1110.86692452129,2.03567800113602,"Above"
940,0.56,3700,15.6,95,110.6,8.42770235361372e-06,0.00307611135906901,82246.281545851,225.332278207811,1.64649152303513e-06,0.000600969405907821,16068.1760798467,44.0224002187582,5.11858229192591,"Above"
940,0.56,3700,156,95,251,8.7441216428733e-05,0.0319160439964875,7927.00752424779,21.7178288335556,1.72550027301116e-05,0.00629807599649073,1564.25701813047,4.28563566611087,5.0675863572099,"Above"
940,0.56,3700,1555,95,1650,0.00164290479695171,0.599660250887373,421.90343703788,1.15589982750104,0.000742000030592734,0.270830011166348,190.548085178236,0.522049548433523,2.21415731700078,"Above"
940,0.56,10000,1.56,95,96.56,3.01509474402319e-07,0.000110050958156847,2298923.38187371,6298.42022431154,1.47267437165989e-07,5.37526145655861e-05,1122872.02702545,3076.36171787795,2.04736009673666,"Above"
940,0.56,10000,15.6,95,110.6,3.01894706727214e-06,0.00110191567955433,229598.984385725,629.038313385547,5.66806640902228e-07,0.000206884423929313,43107.1582887427,118.101803530802,5.32623799620036,"Above"
940,0.56,10000,156,95,251,3.05820666229045e-05,0.0111624543173601,22665.1517409491,62.0963061395866,5.64647888384472e-06,0.00206096479260332,4184.74991512039,11.4650682606038,5.4161305216962,"Above"
940,0.56,10000,1555,95,1650,0.000353128926874056,0.12889205830903,1962.87284277665,5.37773381582643,7.61954531920349e-05,0.0278113404150927,423.533657063008,1.16036618373427,4.63451442416213,"Above"
940,0.56,1e+05,1.56,95,96.56,2.96860320774944e-08,1.08354017082854e-05,23349270.0792921,63970.6029569647,1.44658134908566e-08,5.28002192416267e-06,11377949.9137154,31172.4655170284,2.05215089329459,"Above"
940,0.56,1e+05,15.6,95,110.6,2.96897604684421e-07,0.000108367625709814,2334633.79166264,6396.25696345928,5.47940804651963e-08,1.99998393697967e-05,430869.464147756,1180.46428533632,5.41842480362459,"Above"
940,0.56,1e+05,156,95,251,2.97271131883836e-06,0.001085039631376,233170.027700774,638.821993700752,5.32665807844079e-07,0.000194423019863089,41780.6129990427,114.46743287409,5.58081873298788,"Above"
940,0.56,1e+05,1555,95,1650,3.00097957788436e-05,0.0109535754592779,23097.3641296354,63.2804496702339,5.44453148942054e-06,0.0019872539936385,4190.4425892517,11.4806646280869,5.51191518262989,"Above"
940,0.76,3700,1.56,95,96.56,6.1098678078462e-07,0.000223010174986386,1134471.64874798,3108.14150341911,2.89684677387217e-07,0.000105734907246334,537882.428733512,1473.65048968085,2.10914428162151,"Above"
940,0.76,3700,15.6,95,110.6,6.12571627625957e-06,0.00223588644083474,113153.654087157,310.010011197692,8.98072508899381e-07,0.000327796465748274,16589.1107968906,45.4496186216181,6.82095957237,"Above"
940,0.76,3700,156,95,251,6.29048119434281e-05,0.0229602563593513,11018.9850211031,30.1890000578168,9.01344563983439e-06,0.00328990765853955,1578.87798127721,4.32569309938963,6.97899720673125,"Above"
940,0.76,3700,1555,95,1650,0.00090360177873882,0.329814649239669,767.093643316404,2.10162642004494,0.000197917232686487,0.0722397899305678,168.017654091472,0.460322339976636,4.56555382506879,"Above"
940,0.76,10000,1.56,95,96.56,2.21152161592058e-07,8.07205389811012e-05,3134254.60357263,8586.9989138976,1.04508682361013e-07,3.81456690617699e-05,1481137.76707068,4057.9116906046,2.11611281087741,"Above"
940,0.76,10000,15.6,95,110.6,2.2135931639338e-06,0.000807961504835838,313132.147249744,857.896293834914,3.12645416113157e-07,0.000114115576881302,44226.4333258621,121.168310481814,7.08020348244168,"Above"
940,0.76,10000,156,95,251,2.2345973977331e-05,0.0081562805017258,31018.8842635865,84.9832445577713,3.01934684671915e-06,0.00110206159905249,4191.21451072203,11.4827794814302,7.40092977446836,"Above"
940,0.76,10000,1555,95,1650,0.000246998133540305,0.0901543187422114,2806.28509464764,7.68845231410312,3.71524586151105e-05,0.0135606473945153,422.110035192167,1.15646584984155,6.64823117358503,"Above"
940,0.76,1e+05,1.56,95,96.56,2.18640606298008e-08,7.98038212987729e-06,31702582.2557034,86856.389741653,1.03205471458105e-08,3.76699970822084e-06,14964649.0811485,40999.038578489,2.11849820759515,"Above"
940,0.76,1e+05,15.6,95,110.6,2.18660829902591e-07,7.98112029144457e-05,3169965.01325239,8684.83565274627,3.04681118713179e-08,1.1120860833031e-05,441701.646769397,1210.14149799835,7.17671087811759,"Above"
940,0.76,1e+05,156,95,251,2.18863340688318e-06,0.00079885119351236,316703.189478887,867.679971175033,2.88814074440948e-07,0.000105417137170946,41792.4437478548,114.499845884534,7.57800121451724,"Above"
940,0.76,1e+05,1555,95,1650,2.20200909345898e-05,0.00803733319112527,31477.9436024549,86.2409413765887,2.93134043552535e-06,0.00106993925896675,4190.3809200042,11.4804956712444,7.5119527802793,"Above"
950,0.56,3700,1.56,95,96.56,8.30932461177562e-07,0.00030329034832981,834179.92790611,2285.42446001674,4.08184624834505e-07,0.000148987388064594,409779.90008272,1122.68465776088,2.03567800113602,"Above"
950,0.56,3700,15.6,95,110.6,8.3389896972599e-06,0.00304373123949986,83121.2419878281,227.729430103639,1.62916003331897e-06,0.000594643412161423,16239.1141232494,44.4907236253407,5.11858229192591,"Above"
950,0.56,3700,156,95,251,8.65207825715884e-05,0.0315800856386298,8011.33739152702,21.9488695658274,1.70733711224262e-05,0.00623178045968556,1580.89805023824,4.33122753489928,5.0675863572099,"Above"
950,0.56,3700,1555,95,1650,0.00162561106224695,0.593348037720138,426.391771474453,1.16819663417658,0.000734189503954915,0.267979168943544,192.575192467366,0.527603267033879,2.21415731700079,"Above"
950,0.56,10000,1.56,95,96.56,2.98335690461242e-07,0.000108892527018353,2323380.01359577,6365.42469478294,1.45717253616874e-07,5.31867975701589e-05,1134817.47412147,3109.0889701958,2.04736009673666,"Above"
950,0.56,10000,15.6,95,110.6,2.98716867709033e-06,0.00109031656713797,232041.526772807,635.730210336457,5.6084025520852e-07,0.00020470669315111,43565.7450790485,119.358205696023,5.32623799620036,"Above"
950,0.56,10000,156,95,251,3.02601501321371e-05,0.01104495479823,22906.2703764911,62.7569051410716,5.58704226401478e-06,0.00203927042636539,4229.26853123869,11.5870370718868,5.4161305216962,"Above"
950,0.56,10000,1555,95,1650,0.000349411780275382,0.127535299800514,1983.75446876363,5.43494375003735,7.53933957900135e-05,0.0275185894633549,428.039334265806,1.17271050483782,4.63451442416213,"Above"
950,0.56,1e+05,1.56,95,96.56,2.93735475293102e-08,1.07213448481982e-05,23597666.5694974,64651.1412862941,1.43135417699002e-08,5.22444274601359e-06,11498991.934074,31504.0874906138,2.05215089329459,"Above"
950,0.56,1e+05,15.6,95,110.6,2.93772366740375e-07,0.000107226913860237,2359470.32136118,6464.30225030459,5.42173006708258e-08,1.97893147448514e-05,435453.181851456,1193.02241603139,5.41842480362459,"Above"
950,0.56,1e+05,156,95,251,2.94141962074532e-06,0.00107361816157204,235650.559910357,645.617972357143,5.27058799340457e-07,0.000192376461759267,42225.0876054155,115.685171521686,5.58081873298788,"Above"
950,0.56,1e+05,1555,95,1650,2.96939031916979e-05,0.0108382746649697,23343.0807693124,63.9536459433215,5.38722063163717e-06,0.00196633553054757,4235.02176573311,11.6027993581729,5.51191518262989,"Above"
950,0.76,3700,1.56,95,96.56,6.04555340986887e-07,0.000220662699460214,1146540.49607508,3141.20683856187,2.86635364993667e-07,0.000104621908222689,543604.582230677,1489.3276225498,2.10914428162151,"Above"
950,0.76,3700,15.6,95,110.6,6.06123505229894e-06,0.00221235079408911,114357.41636468,313.30799004022,8.88619114068861e-07,0.000324345976635134,16765.5906989852,45.9331252026991,6.82095957237,"Above"
950,0.76,3700,156,95,251,6.22426560282342e-05,0.0227185694503055,11136.2082660085,30.5101596329,8.91856726467824e-06,0.00325527705160756,1595.67455554612,4.37171111108526,6.97899720673125,"Above"
950,0.76,3700,1555,95,1650,0.000894090181067885,0.326342916089778,775.254213989983,2.12398414791776,0.00019583389339505,0.0714793710891934,169.805075943509,0.4652193861466,4.56555382506879,"Above"
950,0.76,10000,1.56,95,96.56,2.18824244101615e-07,7.98708490970896e-05,3167597.73765319,8678.34996617311,1.03408590967739e-07,3.77441357032249e-05,1496894.55182675,4101.08096390891,2.11611281087741,"Above"
950,0.76,10000,15.6,95,110.6,2.19029218326082e-06,0.000799456646890198,316463.340305592,867.022850152307,3.09354411733018e-07,0.000112914360282552,44696.9272974138,122.457335061408,7.08020348244168,"Above"
950,0.76,10000,156,95,251,2.21107531986222e-05,0.00807042491749711,31348.8723940502,85.8873216275348,2.98756424833264e-06,0.00109046095064141,4235.80189913397,11.6049367099561,7.40092977446836,"Above"
950,0.76,10000,1555,95,1650,0.000244398153187249,0.089205325913346,2836.13919139921,7.77024435999783,3.67613801033725e-05,0.013417903737731,426.600567481445,1.16876867803136,6.64823117358503,"Above"
950,0.76,1e+05,1.56,95,96.56,2.16339126231713e-08,7.89637810745753e-06,32039843.7690619,87780.3938878408,1.02119098074336e-08,3.72734707971326e-06,15123847.4756288,41435.1985633665,2.11849820759515,"Above"
950,0.76,1e+05,15.6,95,110.6,2.16359136956248e-07,7.89710849890305e-05,3203688.04530827,8777.22752139251,3.01473949042514e-08,1.10037991400518e-05,446400.600458434,1223.01534372174,7.17671087811759,"Above"
950,0.76,1e+05,156,95,251,2.16559516049493e-06,0.000790442233580651,320072.372345684,876.910609166257,2.85773926288938e-07,0.000104307483095462,42237.0442132576,115.717929351391,7.57800121451723,"Above"
950,0.76,1e+05,1555,95,1650,2.17883005036994e-05,0.00795272968385027,31812.8153429065,87.1583981997439,2.90048422041456e-06,0.00105867674045131,4234.95944042977,11.6026286039172,7.5119527802793,"Above"
960,0.56,3700,1.56,95,96.56,8.22276914706963e-07,0.000300131073868041,842960.76925249,2309.48155959586,4.03932701659146e-07,0.000147435436105588,414093.37271517,1134.50239100046,2.03567800113602,"Above"
960,0.56,3700,15.6,95,110.6,8.25212522124677e-06,0.00301202570575507,83996.2024298053,230.126581999466,1.61218961630523e-06,0.000588449209951408,16410.052166652,44.9590470319232,5.11858229192591,"Above"
960,0.56,3700,156,95,251,8.5619524419801e-05,0.0312511264132274,8095.66725880625,22.1799102980993,1.68955235065676e-05,0.00616686607989717,1597.53908234601,4.37681940368769,5.0675863572099,"Above"
960,0.56,3700,1555,95,1650,0.00160867761368188,0.587167328993886,430.880105911026,1.18049344085213,0.000726541696622052,0.265187719267049,194.602299756496,0.533156985634236,2.21415731700078,"Above"
960,0.56,10000,1.56,95,96.56,2.95228027018938e-07,0.000107758229861912,2347836.64531783,6432.42916525434,1.44199365558364e-07,5.2632768428803e-05,1146762.92121748,3141.81622251365,2.04736009673666,"Above"
960,0.56,10000,15.6,95,110.6,2.95605233670397e-06,0.00107895910289695,234484.069159889,642.422107287367,5.54998169216765e-07,0.000202574331764119,44024.3318693543,120.614607861245,5.32623799620036,"Above"
960,0.56,10000,156,95,251,2.99449402349273e-05,0.0109299031857485,23147.3890120331,63.4175041425565,5.52884390709796e-06,0.00201802802609075,4273.78714735699,11.7090058831698,5.4161305216962,"Above"
960,0.56,10000,1555,95,1650,0.000345772074230847,0.126206807094259,2004.63609475062,5.49215368424827,7.46080479172008e-05,0.0272319374897783,432.545011468604,1.18505482594138,4.63451442416213,"Above"
960,0.56,1e+05,1.56,95,96.56,2.90675730758799e-08,1.06096641726962e-05,23846063.0597026,65331.6796156235,1.41644423764638e-08,5.17002146740928e-06,11620033.9544327,31835.7094641992,2.05215089329459,"Above"
960,0.56,1e+05,15.6,95,110.6,2.90712237920162e-07,0.000106109966840859,2384306.85105972,6532.3475371499,5.36525371221714e-08,1.95831760495926e-05,440036.899555155,1205.58054672645,5.41842480362459,"Above"
960,0.56,1e+05,156,95,251,2.91077983302923e-06,0.00106243463905567,238131.09211994,652.413951013534,5.21568603513994e-07,0.000190372540282608,42669.5622117883,116.902910169283,5.58081873298788,"Above"
960,0.56,1e+05,1555,95,1650,2.93845917001177e-05,0.010725375970543,23588.7974089893,64.6268422164091,5.33110375005761e-06,0.00194585286877103,4279.60094221451,11.7249340882589,5.51191518262989,"Above"
960,0.76,3700,1.56,95,96.56,5.98257889518274e-07,0.00021836412967417,1158609.34340219,3174.27217370462,2.8364957994165e-07,0.000103532096678702,549326.735727842,1505.00475541875,2.10914428162151,"Above"
960,0.76,3700,15.6,95,110.6,5.99809718717083e-06,0.00218930547331735,115561.178642203,316.605968882749,8.79362664963977e-07,0.000320967372711852,16942.0706010798,46.4166317837802,6.82095957237,"Above"
960,0.76,3700,156,95,251,6.15942950279401e-05,0.0224819176851981,11253.4315109139,30.8313192079832,8.82566552233784e-06,0.00322136791565331,1612.47112981503,4.4177291227809,6.97899720673125,"Above"
960,0.76,3700,1555,95,1650,0.000884776741681762,0.322943510713843,783.414784663562,2.14634187579058,0.000193793957005519,0.0707347943070143,171.592497795546,0.470116432316564,4.56555382506879,"Above"
960,0.76,10000,1.56,95,96.56,2.16544824892224e-07,7.90388610856616e-05,3200940.87173375,8769.70101844862,1.02331418145159e-07,3.7350967622983e-05,1512651.33658282,4144.25023721321,2.11611281087741,"Above"
960,0.76,10000,15.6,95,110.6,2.16747663968518e-06,0.000791128973485091,319794.53336144,876.149406469699,3.06131969944133e-07,0.000111738169029608,45167.4212689655,123.746359641001,7.08020348244168,"Above"
960,0.76,10000,156,95,251,2.18804328528032e-05,0.00798635799127318,31678.8605245139,86.7913986972983,2.95644378741251e-06,0.00107910198240556,4280.3892875459,11.7270939384819,7.40092977446836,"Above"
960,0.76,10000,1555,95,1650,0.000241852339091549,0.0882761037684153,2865.99328815078,7.85203640589254,3.6378449060629e-05,0.0132781339071296,431.091099770724,1.18107150622116,6.64823117358503,"Above"
960,0.76,1e+05,1.56,95,96.56,2.14085593666799e-08,7.81412416883818e-06,32377105.2824205,88704.3980340287,1.01055357469395e-08,3.68852054763291e-06,15283045.8701091,41871.358548244,2.11849820759514,"Above"
960,0.76,1e+05,15.6,95,110.6,2.14105395946287e-07,7.81484695203947e-05,3237411.07736414,8869.61939003875,2.98333595406654e-08,1.08891762323429e-05,451099.55414747,1235.88918944512,7.17671087811759,"Above"
960,0.76,1e+05,156,95,251,2.14303687757311e-06,0.000782208460314185,323441.555212481,886.141247157481,2.82797114556762e-07,0.000103220946813218,42681.6446786603,116.936012818247,7.57800121451723,"Above"
960,0.76,1e+05,1555,95,1650,2.15613390401192e-05,0.0078698887496435,32147.6870833582,88.0758550228991,2.87027084311857e-06,0.00104764885773828,4279.53796085535,11.72476153659,7.5119527802793,"Above"
970,0.56,3700,1.56,95,96.56,8.13799833112046e-07,0.000297036939085897,851741.61059887,2333.53865917499,3.99768447002866e-07,0.000145915483156046,418406.845347619,1146.32012424005,2.03567800113602,"Above"
970,0.56,3700,15.6,95,110.6,8.16705176535763e-06,0.00298097389435553,84871.1628717824,232.523733895294,1.59556910479693e-06,0.000582382723250878,16580.9902100546,45.4273704385058,5.11858229192591,"Above"
970,0.56,3700,156,95,251,8.47368489103185e-05,0.0309289498522663,8179.99712608548,22.4109510303712,1.67213428518607e-05,0.00610329014092916,1614.18011445378,4.42241127247611,5.0675863572099,"Above"
970,0.56,3700,1555,95,1650,0.00159209330838619,0.58111405756096,435.368440347599,1.19279024752767,0.000719051576038319,0.262453825253987,196.629407045626,0.538710704234593,2.21415731700078,"Above"
970,0.56,10000,1.56,95,96.56,2.92184439111526e-07,0.000106647320275707,2372293.27703989,6499.43363572574,1.42712774160856e-07,5.20901625687123e-05,1158708.3683135,3174.5434748315,2.04736009673666,"Above"
970,0.56,10000,15.6,95,110.6,2.9255775703462e-06,0.00106783581317636,236926.611546971,649.114004238278,5.49276538606283e-07,0.000200485936591293,44482.91865966,121.871010026466,5.32623799620036,"Above"
970,0.56,10000,156,95,251,2.96362295108559e-05,0.0108172237714624,23388.5076475751,64.0781031440415,5.47184551630313e-06,0.00199722361345064,4318.3057634753,11.8309746944529,5.4161305216962,"Above"
970,0.56,10000,1555,95,1650,0.000342207413671766,0.124905705990194,2025.5177207376,5.54936361845919,7.38388927840338e-05,0.0269511958661723,437.050688671402,1.19739914704494,4.63451442416213,"Above"
970,0.56,1e+05,1.56,95,96.56,2.87679073740667e-08,1.05002861915343e-05,24094459.5499078,66012.217944953,1.4018417197325e-08,5.11672227702362e-06,11741075.9747914,32167.3314377847,2.05215089329459,"Above"
970,0.56,1e+05,15.6,95,110.6,2.87715204539542e-07,0.000105016049656933,2409143.38075825,6600.39282399522,5.30994181827676e-08,1.93812876367102e-05,444620.617258855,1218.13867742152,5.41842480362459,"Above"
970,0.56,1e+05,156,95,251,2.88077179351346e-06,0.00105148170463241,240611.624329522,659.209929669924,5.16191607601479e-07,0.00018840993677454,43114.0368181611,118.12064881688,5.58081873298788,"Above"
970,0.56,1e+05,1555,95,1650,2.90816577650649e-05,0.0106148050842487,23834.5140486663,65.3000384894967,5.27614391758279e-06,0.00192579252991772,4324.18011869591,11.847068818345,5.51191518262989,"Above"
970,0.76,3700,1.56,95,96.56,5.92090282409838e-07,0.000216112953079591,1170678.19072929,3207.33750884738,2.80725357468025e-07,0.000102464755475829,555048.889225007,1520.68188828769,2.10914428162151,"Above"
970,0.76,3700,15.6,95,110.6,5.93626113369484e-06,0.00216673531379862,116764.940919726,319.903947725277,8.70297070479812e-07,0.000317658430725131,17118.5505031743,46.9001383648612,6.82095957237,"Above"
970,0.76,3700,156,95,251,6.09593022956933e-05,0.022250145337928,11370.6547558192,31.1524787830663,8.73467927983951e-06,0.00318815793714142,1629.26770408393,4.46374713447653,6.97899720673125,"Above"
970,0.76,3700,1555,95,1650,0.000875655331973702,0.319614196170401,791.575355337141,2.1686996036634,0.000191796081160101,0.0700055696234368,173.379919647583,0.475013478486528,4.56555382506879,"Above"
970,0.76,10000,1.56,95,96.56,2.14312404017046e-07,7.82240274662218e-05,3234284.0058143,8861.05207072412,1.01276455071497e-07,3.69659061010966e-05,1528408.12133889,4187.41951051752,2.11611281087741,"Above"
970,0.76,10000,15.6,95,110.6,2.14513151968843e-06,0.000782973004686276,323125.726417289,885.275962787092,3.02975970253987e-07,0.000110586229142705,45637.9152405172,125.035384220595,7.08020348244168,"Above"
970,0.76,10000,156,95,251,2.16548613800939e-05,0.00790402440373428,32008.8486549776,87.6954757670619,2.92596498548042e-06,0.00106797721970035,4324.97667595784,11.8492511670078,7.40092977446836,"Above"
970,0.76,10000,1555,95,1650,0.000239359016008131,0.0873660408429678,2895.84738490235,7.93382845178726,3.60034135033029e-05,0.0131412459287056,435.581632060002,1.19337433441096,6.64823117358503,"Above"
970,0.76,1e+05,1.56,95,96.56,2.11878525690853e-08,7.73356618771614e-06,32714366.795779,89628.4021802164,1.00013549660432e-08,3.65049456260577e-06,15442244.2645894,42307.5185331216,2.11849820759515,"Above"
970,0.76,1e+05,15.6,95,110.6,2.11898123823129e-07,7.73428151954422e-05,3271134.10942002,8962.01125868498,2.95257991330297e-08,1.07769166835558e-05,455798.507836506,1248.76303516851,7.1767108781176,"Above"
970,0.76,1e+05,156,95,251,2.12094371388679e-06,0.000774144455568679,326810.738079277,895.371885148705,2.79881680386074e-07,0.000102156813340917,43126.245144063,118.154096285104,7.57800121451724,"Above"
970,0.76,1e+05,1555,95,1650,2.13390571943447e-05,0.00778875587593583,32482.5588238098,88.9933118460543,2.84068042205549e-06,0.00103684835405026,4324.11648128093,11.8468944692628,7.5119527802793,"Above"
980,0.56,3700,1.56,95,96.56,8.05495753182331e-07,0.000294005949911551,860522.45194525,2357.59575875411,3.9568917713549e-07,0.000144426549654454,422720.317980069,1158.13785747964,2.03567800113602,"Above"
980,0.56,3700,15.6,95,110.6,8.08371450244582e-06,0.00295055579339272,85746.1233137595,234.920885791122,1.57928778740104e-06,0.00057644004240138,16751.9282534572,45.8956938450883,5.11858229192591,"Above"
980,0.56,3700,156,95,251,8.38721871867439e-05,0.0306133483231615,8264.32699336471,22.6419917626431,1.65507169043927e-05,0.00604101167010335,1630.82114656155,4.46800314126452,5.0675863572099,"Above"
980,0.56,3700,1555,95,1650,0.00157584745830062,0.575184322279725,439.856774784172,1.20508705420321,0.000711714315058336,0.259775724996293,198.656514334757,0.544264422834949,2.21415731700078,"Above"
980,0.56,10000,1.56,95,96.56,2.89202965243041e-07,0.00010555908231371,2396749.90876195,6566.43810619714,1.41256521363296e-07,5.1558630297603e-05,1170653.81540951,3207.27072714935,2.04736009673666,"Above"
980,0.56,10000,15.6,95,110.6,2.89572473799572e-06,0.00105693952936844,239369.153934053,655.805901189188,5.43671675967443e-07,0.000198440161728117,44941.5054499658,123.127412191687,5.32623799620036,"Above"
980,0.56,10000,156,95,251,2.93338190056431e-05,0.0107068439370597,23629.6262831172,64.7387021455265,5.41601035797351e-06,0.00197684378066033,4362.8243795936,11.9529435057359,5.4161305216962,"Above"
980,0.56,10000,1555,95,1650,0.00033871550128736,0.123631157969886,2046.39934672459,5.60657355267011,7.30854346944008e-05,0.0266761836634563,441.5563658742,1.20974346814849,4.63451442416213,"Above"
980,0.56,1e+05,1.56,95,96.56,2.84743572988211e-08,1.03931404140697e-05,24342856.0401131,66692.7562742823,1.38753721238829e-08,5.06451082521725e-06,11862117.9951501,32498.9534113701,2.05215089329459,"Above"
980,0.56,1e+05,15.6,95,110.6,2.84779335105465e-07,0.000103944457313495,2433979.91045679,6668.43811084053,5.25575873849842e-08,1.91835193955192e-05,449204.334962554,1230.69680811659,5.41842480362459,"Above"
980,0.56,1e+05,156,95,251,2.8513761629674e-06,0.0010407522994831,243092.156539105,666.005908326315,5.10924346299423e-07,0.000186487386399289,43558.5114245339,119.338387464476,5.58081873298788,"Above"
980,0.56,1e+05,1555,95,1650,2.87849061552173e-05,0.0105064907466543,24080.2306883433,65.9732347625843,5.22230571434215e-06,0.00190614158573488,4368.75929517731,11.969203548431,5.51191518262989,"Above"
980,0.76,3700,1.56,95,96.56,5.86048544834227e-07,0.000213907718864493,1182747.0380564,3240.40284399014,2.77860813004065e-07,0.000101419196746484,560771.042722172,1536.35902115664,2.10914428162151,"Above"
980,0.76,3700,15.6,95,110.6,5.87568704049387e-06,0.00214462576978026,117968.703197249,323.201926567806,8.61416488127977e-07,0.000314417018166712,17295.0304052689,47.3836449459423,6.82095957237,"Above"
980,0.76,3700,156,95,251,6.03372685987984e-05,0.0220231030385614,11487.8780007246,31.4736383581495,8.64554989943299e-06,0.00315562571329304,1646.06427835284,4.50976514617216,6.97899720673125,"Above"
980,0.76,3700,1555,95,1650,0.000866720073484175,0.316352826821724,799.73592601072,2.19105733153622,0.00018983897829112,0.0692912270762589,175.16734149962,0.479910524656492,4.56555382506879,"Above"
980,0.76,10000,1.56,95,96.56,2.12125542751566e-07,7.74258231043216e-05,3267627.13989486,8952.40312299963,1.00243021856482e-07,3.6588702977616e-05,1544164.90609496,4230.58878382182,2.11611281087741,"Above"
980,0.76,10000,15.6,95,110.6,2.12324242254875e-06,0.000774983484230294,326456.919473137,894.402519104484,2.99884378720783e-07,0.000109457798233086,46108.4092120689,126.324408800189,7.08020348244169,"Above"
980,0.76,10000,156,95,251,2.14338934068277e-05,0.0078233710934921,32338.8367854413,88.5995528368254,2.89610819991429e-06,0.00105707949296872,4369.56406436978,11.9714083955336,7.40092977446836,"Above"
980,0.76,10000,1555,95,1650,0.000236916577069272,0.0864745506302844,2925.70148165392,8.01562049768197,3.56360317328611e-05,0.0130071515824943,440.07216434928,1.20567716260077,6.64823117358503,"Above"
980,0.76,1e+05,1.56,95,96.56,2.09716499918497e-08,7.65465224702516e-06,33051628.3091375,90552.4063264042,9.89930032353255e-09,3.61324461808938e-06,15601442.6590697,42743.6785179991,2.11849820759515,"Above"
980,0.76,1e+05,15.6,95,110.6,2.09735898069832e-07,7.65536027954887e-05,3304857.1414759,9054.40312733122,2.9224515468407e-08,1.06669481459685e-05,460497.461525542,1261.6368808919,7.17671087811759,"Above"
980,0.76,1e+05,156,95,251,2.09930143109203e-06,0.00076624502234859,330179.920946074,904.602523139928,2.7702574487193e-07,0.000101114396878254,43570.8456094657,119.372179751961,7.57800121451724,"Above"
980,0.76,1e+05,1555,95,1650,2.11213117127698e-05,0.00770927877516098,32817.4305642615,89.9107686692095,2.81169388713656e-06,0.00102626826880484,4368.6950017065,11.9690274019356,7.5119527802793,"Above"
990,0.56,3700,1.56,95,96.56,7.97359432443116e-07,0.000291036192841737,869303.29329163,2381.65285833323,3.91692316760384e-07,0.00014296769561754,427033.790612519,1169.95559071923,2.03567800113602,"Above"
990,0.56,3700,15.6,95,110.6,8.00206082060293e-06,0.00292075219952007,86621.0837557367,237.31803768695,1.5633353855081e-06,0.000570617415710456,16922.8662968598,46.3640172516708,5.11858229192591,"Above"
990,0.56,3700,156,95,251,8.30249933767767e-05,0.0303041225825235,8348.65686064395,22.8730324949149,1.63835379457625e-05,0.00597999135020331,1647.46217866932,4.51359501005293,5.0675863572099,"Above"
990,0.56,3700,1555,95,1650,0.00155992980720667,0.569374379630435,444.345109220746,1.21738386087876,0.000704525281572899,0.257151727774108,200.683621623887,0.549818141435306,2.21415731700079,"Above"
990,0.56,10000,1.56,95,96.56,2.86281723169879e-07,0.000104492828957006,2421206.54048402,6633.44257666854,1.39829687814172e-07,5.10378360521726e-05,1182599.26250553,3239.9979794672,2.04736009673666,"Above"
990,0.56,10000,15.6,95,110.6,2.86647499316748e-06,0.00104626337250613,241811.696321136,662.497798140098,5.38180042876863e-07,0.000196435715650055,45400.0922402716,124.383814356909,5.32623799620036,"Above"
990,0.56,10000,156,95,251,2.90375178035659e-05,0.0105986939983015,23870.7449186592,65.3993011470114,5.36130318264044e-06,0.00195687566166376,4407.3429957119,12.0749123170189,5.4161305216962,"Above"
990,0.56,10000,1555,95,1650,0.000335294132587488,0.122382358394433,2067.28097271158,5.66378348688103,7.2347197980316e-05,0.0264067272628153,446.062043076998,1.22208778925205,4.63451442416213,"Above"
990,0.56,1e+05,1.56,95,96.56,2.8186737528126e-08,1.0288159197766e-05,24591252.5303183,67373.2946036118,1.37352168499043e-08,5.01335415021506e-06,11983160.0155088,32830.5753849555,2.05215089329459,"Above"
990,0.56,1e+05,15.6,95,110.6,2.81902776165006e-07,0.000102894513300227,2458816.44015533,6736.48339768584,5.20267026639238e-08,1.89897464723322e-05,453788.052666254,1243.25493881165,5.41842480362459,"Above"
990,0.56,1e+05,156,95,251,2.82257438354349e-06,0.00103023964999337,245572.688748688,672.801886982706,5.057634943166e-07,0.000184603675425559,44002.9860309067,120.556126112073,5.58081873298788,"Above"
990,0.56,1e+05,1555,95,1650,2.84941495273868e-05,0.0104003645774962,24325.9473280202,66.6464310356719,5.16955515157102e-06,0.00188688763032342,4413.33847165871,12.091338278517,5.51191518262989,"Above"
990,0.76,3700,1.56,95,96.56,5.80128862563174e-07,0.000211747034835559,1194815.88538351,3273.46817913289,2.75054138125236e-07,0.000100394760415711,566493.196219337,1552.03615402558,2.10914428162151,"Above"
990,0.76,3700,15.6,95,110.6,5.81633666634747e-06,0.00212296288321683,119172.465474772,326.499905410335,8.5271531148022e-07,0.00031124108869028,17471.5103073635,47.8671515270233,6.82095957237,"Above"
990,0.76,3700,156,95,251,5.97278012392146e-05,0.0218006474523133,11605.1012456299,31.7947979332326,8.55822111257003e-06,0.00312375070608806,1662.86085262175,4.5557831578678,6.97899720673125,"Above"
990,0.76,3700,1555,95,1650,0.000857965325267163,0.313157343722514,807.896496684298,2.21341505940904,0.000187921412853836,0.0685913156916502,176.954763351657,0.484807570826457,4.56555382506879,"Above"
990,0.76,10000,1.56,95,96.56,2.0998286050155e-07,7.66437440830658e-05,3300970.27397542,9043.75417527513,9.9230466080154e-08,3.62191201192562e-05,1559921.69085104,4273.75805712612,2.11611281087741,"Above"
990,0.76,10000,15.6,95,110.6,2.10179552939169e-06,0.000767155368227967,329788.112528985,903.529075421877,2.96855243582189e-07,0.000108352163907499,46578.9031836207,127.613433379783,7.08020348244168,"Above"
990,0.76,10000,156,95,251,2.12173894330213e-05,0.00774434714305278,32668.824915905,89.5036299065889,2.86685458173334e-06,0.00104640192233267,4414.15145278171,12.0935656240595,7.40092977446836,"Above"
990,0.76,10000,1555,95,1650,0.000234523480331199,0.0856010703208876,2955.55557840549,8.09741254357669,3.52760718163675e-05,0.0128757662129742,444.562696638559,1.21797999079057,6.64823117358503,"Above"
990,0.76,1e+05,1.56,95,96.56,2.07598151434472e-08,7.57733252735824e-06,33388889.8224961,91476.410472592,9.79930739097161e-09,3.57674719770464e-06,15760641.05355,43179.8385028767,2.11849820759515,"Above"
990,0.76,1e+05,15.6,95,110.6,2.07617353644884e-07,7.57803340803828e-05,3338580.17353177,9146.79499597746,2.89293183424635e-08,1.05592011949992e-05,465196.415214578,1274.51072661528,7.17671087811759,"Above"
990,0.76,1e+05,156,95,251,2.0780963661315e-06,0.000758505173637998,333549.103812871,913.833161131152,2.74227505024739e-07,0.00010009303933403,44015.4460748684,120.590263218817,7.57800121451724,"Above"
990,0.76,1e+05,1555,95,1650,2.09079651298125e-05,0.00763140727238157,33152.3023047131,90.8282254923647,2.78329293878165e-06,0.0010159019226553,4413.27352213208,12.0911603346084,7.5119527802793,"Above"
1000,0.56,3700,1.56,95,96.56,7.89385838118684e-07,0.00028812583091332,878084.13463801,2405.70995791236,3.8777539359278e-07,0.000141538018661365,431347.263244968,1181.77332395882,2.03567800113602,"Above"
1000,0.56,3700,15.6,95,110.6,7.9220402123969e-06,0.00289154467752487,87496.0441977138,239.715189582778,1.54770203165302e-06,0.000564911241553352,17093.8043402625,46.8323406582533,5.11858229192591,"Above"
1000,0.56,3700,156,95,251,8.2194743443009e-05,0.0300010813566983,8432.98672792318,23.1040732271868,1.62197025663049e-05,0.00592019143670128,1664.10321077709,4.55918687884135,5.0675863572099,"Above"
1000,0.56,3700,1555,95,1650,0.0015443305091346,0.563680635834131,448.833443657319,1.2296806675543,0.00069748002875717,0.254580210496367,202.710728913017,0.555371860035663,2.21415731700078,"Above"
1000,0.56,10000,1.56,95,96.56,2.8341890593818e-07,0.000103447900667436,2445663.17220608,6700.44704713994,1.3843139093603e-07,5.05274576916509e-05,1194544.70960154,3272.72523178505,2.04736009673666,"Above"
1000,0.56,10000,15.6,95,110.6,2.83781024323581e-06,0.00103580073878107,244254.238708218,669.189695091008,5.32798242448094e-07,0.000194471358493554,45858.6790305774,125.64021652213,5.32623799620036,"Above"
1000,0.56,10000,156,95,251,2.87471426255302e-05,0.0104927070583185,24111.8635542012,66.0599001484964,5.30769015081404e-06,0.00193730690504712,4451.8616118302,12.1968811283019,5.4161305216962,"Above"
1000,0.56,10000,1555,95,1650,0.000331941191261613,0.121158534810489,2088.16259869856,5.72099342109195,7.16237260005128e-05,0.0261426599901872,450.567720279796,1.2344321103556,4.63451442416213,"Above"
1000,0.56,1e+05,1.56,95,96.56,2.79048701528447e-08,1.01852776057883e-05,24839649.0205235,68053.8329329412,1.35978646814052e-08,4.96322060871291e-06,12104202.0358674,33162.1973585409,2.05215089329459,"Above"
1000,0.56,1e+05,15.6,95,110.6,2.79083748403356e-07,0.000101865568167225,2483652.96985387,6804.52868453115,5.15064356372845e-08,1.87998490076089e-05,458371.770369954,1255.81306950672,5.41842480362459,"Above"
1000,0.56,1e+05,156,95,251,2.79434863970806e-06,0.00101993725349344,248053.220958271,679.597865639097,5.00705859373434e-07,0.000182757638671304,44447.4606372795,121.77386475967,5.58081873298788,"Above"
1000,0.56,1e+05,1555,95,1650,2.8209208032113e-05,0.0102963609317212,24571.6639676972,67.3196273087595,5.11785960005531e-06,0.00186801875402019,4457.91764814011,12.213473008603,5.51191518262989,"Above"
1000,0.76,3700,1.56,95,96.56,5.74327573937543e-07,0.000209629564487203,1206884.73271061,3306.53351427565,2.72303596743984e-07,9.93908128115541e-05,572215.349716502,1567.71328689453,2.10914428162151,"Above"
1000,0.76,3700,15.6,95,110.6,5.75817329968399e-06,0.00210173325438466,120376.227752295,329.797884252863,8.44188158365418e-07,0.000308128677803378,17647.9902094581,48.3506581081044,6.82095957237,"Above"
1000,0.76,3700,156,95,251,5.91305232268225e-05,0.0215826409777902,11722.3244905353,32.1159575083158,8.47263890144433e-06,0.00309251319902718,1679.65742689065,4.60180116956343,6.97899720673125,"Above"
1000,0.76,3700,1555,95,1650,0.000849385672014491,0.310025770285289,816.057067357877,2.23577278728185,0.000186042198725298,0.0679054025347337,178.742185203694,0.489704616996421,4.56555382506879,"Above"
1000,0.76,10000,1.56,95,96.56,2.07883031896535e-07,7.58773066422352e-05,3334313.40805598,9135.10522755064,9.82381614193525e-08,3.58569289180637e-05,1575678.47560711,4316.92733043043,2.11611281087741,"Above"
1000,0.76,10000,15.6,95,110.6,2.08077757409777e-06,0.000759483814545688,333119.305584834,912.65563173927,2.93886691146368e-07,0.000107268642268424,47049.3971551724,128.902457959376,7.08020348244168,"Above"
1000,0.76,10000,156,95,251,2.10052155386911e-05,0.00766690367162225,32998.8130463686,90.4077069763525,2.838186035916e-06,0.00103593790310934,4458.73884119365,12.2157228525853,7.40092977446837,"Above"
1000,0.76,10000,1555,95,1650,0.000232178245527887,0.0847450596176787,2985.40967515706,8.1792045894714,3.49233110982039e-05,0.0127470085508444,449.053228927837,1.23028281898038,6.64823117358503,"Above"
1000,0.76,1e+05,1.56,95,96.56,2.05522169920128e-08,7.50155920208465e-06,33726151.3358546,92400.4146187798,9.7013143170619e-09,3.54097972572759e-06,15919839.4480303,43615.9984877542,2.11849820759515,"Above"
1000,0.76,1e+05,15.6,95,110.6,2.05541180108436e-07,7.5022530739579e-05,3372303.20558765,9239.1868646237,2.86400251590388e-08,1.04536091830492e-05,469895.368903614,1287.38457233867,7.17671087811759,"Above"
1000,0.76,1e+05,156,95,251,2.05731540247019e-06,0.000750920121901618,336918.286679667,923.063799122376,2.71485229974491e-07,9.90921089406893e-05,44460.0465402711,121.808346685674,7.57800121451724,"Above"
1000,0.76,1e+05,1555,95,1650,2.06988854785144e-05,0.00755509319965776,33487.1740451648,91.7456823155199,2.75546000939383e-06,0.00100574290342875,4457.85204255766,12.2132932672813,7.5119527802793,"Above"
