"Ft_minus_F0_ppm","F0_ppm","Ft_ppm","FL_ppm","t_days","alpha","mu_day","mu_day_sem","mu_sigma_ratio","mu_year","mu_year_sem","T_G_years","T_G_years_sem"
0.1,95,95.1,3700,14,0.66,3.04346370563401e-06,2.02351762776846e-05,0.150404605518082,0.00111086425255641,0.00738583934135489,623.971091845666,4148.61692363968
0.2,95,95.2,3700,14,0.66,6.08705709418429e-06,2.02532095373841e-05,0.300547776536286,0.00222177583937727,0.0073924214811452,311.978899164834,1038.03429444825
0.3,95,95.3,3700,14,0.66,9.13078017673469e-06,2.02829464685835e-05,0.450170303948564,0.00333273476450816,0.00740327546103298,207.981501540894,462.006266776445
0.4,95,95.4,3700,14,0.66,1.21746329642912e-05,2.0324338689243e-05,0.59901742194125,0.00444374103196628,0.00741838362157371,155.98280268219,260.3977730342
0.5,95,95.5,3700,14,0.66,1.52186154679404e-05,2.03773181561892e-05,0.74684094105475,0.00555479464579825,0.00743772112700907,124.783583329089,167.08187308647
0.6,95,95.6,3700,14,0.66,1.82627276987308e-05,2.04417977506741e-05,0.893401251762635,0.00666589561003676,0.00746125617899604,103.98410372888,116.391267108395
0.7,95,95.7,3700,14,0.66,2.13069696677123e-05,2.05176720143976e-05,1.03846916223053,0.007777043928715,0.00748895028525511,89.1273325589244,85.8256901605891
0.8,95,95.8,3700,14,0.66,2.43513413859758e-05,2.06048180218875e-05,1.18182753956422,0.00888823960588115,0.00752075857798894,77.9847541577643,65.9865771841127
0.9,95,95.9,3700,14,0.66,2.73958428645342e-05,2.07030963729679e-05,1.32327273036824,0.00999948264555498,0.0075566301761333,69.318304269278,52.3839890889219
1,95,96,3700,14,0.66,3.04404741144814e-05,2.08123522874335e-05,1.4626157434814,0.0111107730517857,0.00759650858491322,62.3851443395781,42.6531333452526
1.1,95,96.1,3700,14,0.66,3.34852351468728e-05,2.09324167829641e-05,1.59968318489267,0.0122221108286086,0.00764033212578189,56.7125589253765,35.4523692322124
1.2,95,96.2,3700,14,0.66,3.65301259727654e-05,2.10631079168063e-05,1.73431794192242,0.0133334959800594,0.0076880343896343,51.9854043978089,29.9745526129915
1.3,95,96.3,3700,14,0.66,3.95751466032572e-05,2.12042320717721e-05,1.8663796203184,0.0144449285101889,0.0077395447061968,47.9855043983795,25.7104738371464
1.4,95,96.4,3700,14,0.66,4.26202970493682e-05,2.13555852676011e-05,1.99574474383656,0.0155564084230194,0.00779478862267439,44.5570186711137,22.3260107830517
1.5,95,96.5,3700,14,0.66,4.56655773221993e-05,2.15169544796973e-05,2.12230673096826,0.0166679357226028,0.00785368838508953,41.5856643615439,19.5945589554679
1.6,95,96.6,3700,14,0.66,4.87109874328131e-05,2.1688118948521e-05,2.24597566752717,0.0177795104129768,0.00791616341621018,38.9857293288591,17.3580372630585
1.7,95,96.7,3700,14,0.66,5.17565273922736e-05,2.186885146452e-05,2.36667789692766,0.0188911324981799,0.00798213078454979,36.6916689947905,15.50344854381
1.8,95,96.8,3700,14,0.66,5.48021972116858e-05,2.20589196152659e-05,2.48435545201225,0.0200028019822653,0.00805150565957207,34.6525042428804,13.9482875587763
1.9,95,96.9,3700,14,0.66,5.7847996902077e-05,2.22580869833437e-05,2.59896535337319,0.0211145188692581,0.00812420174892044,32.8279884022903,12.6311758483748
2,95,97,3700,14,0.66,6.0893926474555e-05,2.24661142855377e-05,2.71047879934247,0.0222262831632126,0.00820013171422127,31.1859241363034,11.5056882731821
2.1,95,97.1,3700,14,0.66,6.39399859401894e-05,2.26827604457635e-05,2.81888027222593,0.0233380948681691,0.0082792075627037,29.7002469342658,10.5361860263803
2.2,95,97.2,3700,14,0.66,6.69861753100515e-05,2.29077835960892e-05,2.92416658421233,0.0244499539881688,0.00836134101257258,28.3496312874599,9.69494400234258
2.3,95,97.3,3700,14,0.66,7.00324945952533e-05,2.31409420019633e-05,3.02634588467971,0.0255618605272675,0.00844644383071659,27.116460471277,8.96013261687928
2.4,95,97.4,3700,14,0.66,7.30789438068292e-05,2.33819949093586e-05,3.12543664858893,0.0266738144894926,0.00853442814191589,25.9860538819069,8.31437549490536
2.5,95,97.5,3700,14,0.66,7.6125522955894e-05,2.36307033130242e-05,3.2214666634123,0.0277858158789013,0.00862520670925384,24.9460798121201,7.74370261081524
2.6,95,97.6,3700,14,0.66,7.91722320535246e-05,2.38868306462786e-05,3.31447202962688,0.0288978646995365,0.00871869318589168,23.9861037404284,7.23677965178923
2.7,95,97.7,3700,14,0.66,8.22190711107991e-05,2.415014339388e-05,3.4044961874485,0.0300099609554417,0.0088148023387662,23.0972370003786,6.78433334292814
2.8,95,97.8,3700,14,0.66,8.52660401388368e-05,2.44204116304121e-05,3.49158898012392,0.0311221046506754,0.00891345024510042,22.2718607350002,6.37871778774194
2.9,95,97.9,3700,14,0.66,8.83131391486791e-05,2.46974094873154e-05,3.57580576189728,0.0322342957892679,0.00901455446287013,21.5034069641665,6.01358362171133
3,95,98,3700,14,0.66,9.1360368151448e-05,2.49809155523021e-05,3.65720655674803,0.0333465343752785,0.00911803417659025,20.7861834384148,5.6836230373867
3.1,95,98.1,3700,14,0.66,9.44077271582274e-05,2.52707132052409e-05,3.73585527212774,0.034458820412753,0.00922381031991293,20.1152323920936,5.38437142952732
3.2,95,98.2,3700,14,0.66,9.74552161801025e-05,2.55665908949126e-05,3.81181897033815,0.0355711539057374,0.0093318056766431,19.4862157802574,5.11205173485161
3.3,95,98.3,3700,14,0.66,0.0001005028352282,2.5868342361161e-05,3.8851671987725,0.0366835348582929,0.00944194496182375,18.8953213815829,4.86345127889292
3.4,95,98.4,3700,14,0.66,0.000103550584313568,2.61757668070304e-05,3.95597137906025,0.0377959632744521,0.00955415488456609,18.339185471388,4.63582359783009
3.5,95,98.5,3700,14,0.66,0.000106598463447335,2.64886690254539e-05,4.02430425420398,0.0389084391582773,0.00966836419429066,17.8148287506539,4.42680961113804
3.6,95,98.6,3700,14,0.66,0.000109646472640593,2.68068594849217e-05,4.0902393919835,0.0400209625138165,0.00978450371199641,17.3196029535933,4.23437390670536
3.7,95,98.7,3700,14,0.66,0.000112694611904435,2.71301543784474e-05,4.15385074232976,0.0411335333451186,0.00990250634813329,16.8511461134229,4.05675291644485
3.8,95,98.8,3700,14,0.66,0.000115742881249992,2.74583756399236e-05,4.21521224590234,0.0422461516562472,0.0100223071085721,16.4073448914357,3.89241251312682
3.9,95,98.9,3700,14,0.66,0.000118791280688322,2.77913509317304e-05,4.27439749079249,0.0433588174512376,0.0101438430900816,15.9863027016241,3.74001312139554
4,95,99,3700,14,0.66,0.00012183981023056,2.81289136072552e-05,4.33147941409066,0.0444715307341546,0.0102670534666482,15.5863126165703,3.59838085940492
4.1,95,99.1,3700,14,0.66,0.000124888469887805,2.84709026516466e-05,4.38653004493281,0.0455842915090489,0.010391879467851,15.2058342383658,3.46648354909393
4.2,95,99.2,3700,14,0.66,0.000127937259671156,2.88171626039476e-05,4.4396202856429,0.0466970997799718,0.0105182643504409,14.8434738736651,3.34341067898685
4.3,95,99.3,3700,14,0.66,0.000130986179591753,2.91675434634254e-05,4.4908197276196,0.0478099555509898,0.0106461533641503,14.4979674750104,3.22835659286088
4.4,95,99.4,3700,14,0.66,0.000134035229660659,2.95219005826823e-05,4.54019649870662,0.0489228588261406,0.010775493712679,14.1681659083582,3.12060632450475
4.5,95,99.5,3700,14,0.66,0.000137084409889018,2.98800945499186e-05,4.58781713893175,0.0500358096094915,0.0109062345107203,13.8530221849045,3.01952361338668
4.6,95,99.6,3700,14,0.66,0.000140133720287934,3.02419910623911e-05,4.63374650163839,0.051148807905096,0.0110383267377728,13.5515803583545,2.92454072607618
4.7,95,99.7,3700,14,0.66,0.000143183160868515,3.06074607929878e-05,4.67804767722903,0.052261853717008,0.0111717231894405,13.2629658395444,2.83514977927727
4.8,95,99.8,3700,14,0.66,0.000146232731641908,3.09763792515653e-05,4.72078193691789,0.0533749470492964,0.0113063784268213,12.9863769217375,2.75089531676527
4.9,95,99.9,3700,14,0.66,0.000149282432619182,3.13486266425094e-05,4.7620086940827,0.0544880879060016,0.0114422487245159,12.7210773436518,2.67136793753844
5,95,100,3700,14,0.66,0.000152332263811489,3.17240877198434e-05,4.80178548101182,0.0556012762911936,0.0115792920177428,12.466389744901,2.59619880858862
5.1,95,100.1,3700,14,0.66,0.000155382225229941,3.21026516409587e-05,4.84016793901517,0.0567145122089284,0.0117174678489499,12.2216898914071,2.52505492482847
5.2,95,100.2,3700,14,0.66,0.00015843231688565,3.2484211819984e-05,4.8772098200697,0.0578277956632624,0.0118567373142942,11.9864015670979,2.45763500224532
5.3,95,100.3,3700,14,0.66,0.000161482538789773,3.2868665781612e-05,4.91296299833725,0.0589411266582673,0.0119970630102884,11.7599920439037,2.39366590953032
5.4,95,100.4,3700,14,0.66,0.000164532890953386,3.3255915016094e-05,4.94747749005738,0.060054505197986,0.0121384089808743,11.5419680550992,2.3328995590772
5.5,95,100.5,3700,14,0.66,0.000167583373387647,3.36458648360248e-05,4.98080148049024,0.0611679312864911,0.012280740665149,11.3318722078971,2.27511019105738
5.6,95,100.6,3700,14,0.66,0.000170633986103674,3.4038424235406e-05,5.01298135670408,0.0622814049278411,0.0124240248459232,11.129279780426,2.22009199486495
5.7,95,100.7,3700,14,0.66,0.00017368472911259,3.44335057514098e-05,5.04406174516456,0.0633949261260953,0.0125682295992646,10.9337958558583,2.16765702091968
5.8,95,100.8,3700,14,0.66,0.000176735602425555,3.48310253291921e-05,5.07408555318732,0.0645084948853277,0.0127133242451551,10.7450527530073,2.11763334306764
5.9,95,100.9,3700,14,0.66,0.000179786606053654,3.52309021900129e-05,5.10309401343175,0.0656221112095839,0.0128592792993547,10.5627077182289,2.0698634378334
6,95,101,3700,14,0.66,0.000182837740008052,3.56330587028922e-05,5.13112673072918,0.0667357751029391,0.0130060664265556,10.3864408481174,2.02420275178848
6.1,95,101.1,3700,14,0.66,0.000185889004299875,3.60374202599481e-05,5.15822173060684,0.0678494865694545,0.0131536583948811,10.215953216542,1.98051843252969
6.2,95,101.2,3700,14,0.66,0.000188940398940252,3.64439151555323e-05,5.18441550897887,0.0689632456131919,0.0133020290317693,10.0509651829286,1.93868820227109
6.3,95,101.3,3700,14,0.66,0.00019199192394035,3.68524744692425e-05,5.20974308253274,0.0700770522382278,0.0134511531812735,9.89121486165803,1.89859935604528
6.4,95,101.4,3700,14,0.66,0.000195043579311262,3.72630319528497e-05,5.23423803940748,0.0711909064486107,0.0136010066627901,9.7364567349665,1.86014786902368
6.5,95,101.5,3700,14,0.66,0.000198095365064159,3.7675523921154e-05,5.25793258983542,0.0723048082484182,0.0137515662312212,9.58646039387165,1.82323759958507
6.6,95,101.6,3700,14,0.66,0.000201147281210176,3.80898891467536e-05,5.2808576164449,0.0734187576417141,0.0139028095385651,9.44100939357385,1.78777957659264
6.7,95,101.7,3700,14,0.66,0.000204199327760446,3.8506068758691e-05,5.30304272399548,0.0745327546325628,0.0140547150969222,9.29990021135103,1.75369136086163
6.8,95,101.8,3700,14,0.66,0.000207251504726147,3.8924006144931e-05,5.32451628834039,0.0756467992250436,0.0142072622428998,9.16294129640415,1.72089647213008
6.9,95,101.9,3700,14,0.66,0.000210303812118384,3.9343646858599e-05,5.34530550444944,0.0767608914232102,0.0143604311033886,9.02995220233149,1.68932387397034
7,95,102,3700,14,0.66,0.000213356249948313,3.97649385279151e-05,5.36543643336796,0.0778750312311343,0.014514202562689,8.9007627939522,1.65890751003923
7.1,95,102.1,3700,14,0.66,0.000216408818227099,4.01878307697214e-05,5.3849340479991,0.078989218652891,0.0146685582309483,8.77521252116571,1.62958588590817
7.2,95,102.2,3700,14,0.66,0.000219461516965875,4.06122751065158e-05,5.40382227763115,0.0801034536925444,0.0148234804138783,8.65314975332281,1.60130169142351
7.3,95,102.3,3700,14,0.66,0.000222514346175825,4.10382248869032e-05,5.4221240511511,0.0812177363541763,0.0149789520837197,8.53443116830112,1.57400145916789
7.4,95,102.4,3700,14,0.66,0.000225567305868063,4.14656352093338e-05,5.43986133889705,0.0823320666418431,0.0151349568514069,8.41892119112277,1.54763525513497
7.5,95,102.5,3700,14,0.66,0.000228620396053751,4.18944628490626e-05,5.45705519312719,0.0834464445596192,0.0152914789399079,8.30649147747354,1.52215639818616
7.6,95,102.6,3700,14,0.66,0.000231673616744061,4.2324666188186e-05,5.47372578708552,0.0845608701115822,0.0154485031586879,8.19702043800287,1.49752120527166
7.7,95,102.7,3700,14,0.66,0.000234726967950133,4.27562051486585e-05,5.48989245266306,0.0856753433017987,0.0156060148792603,8.09039279969122,1.47368875974368
7.8,95,102.8,3700,14,0.66,0.00023778044968316,4.31890411281947e-05,5.50557371666054,0.0867898641343534,0.0157640000117911,7.9864992009543,1.45062070039788
7.9,95,102.9,3700,14,0.66,0.00024083406195426,4.3623136938918e-05,5.52078733566275,0.0879044326133051,0.0159224449827051,7.88523581750565,1.42828102915126
8,95,103,3700,14,0.66,0.000243887804774605,4.40584567486965e-05,5.53555032954758,0.0890190487427308,0.0160813367132742,7.78650401627154,1.40663593549296
8.1,95,103.1,3700,14,0.66,0.000246941678155372,4.44949660250074e-05,5.54987901365255,0.0901337125267108,0.0162406625991277,7.69021003494707,1.38565363605754
8.2,95,103.2,3700,14,0.66,0.00024999568210771,4.49326314812566e-05,5.56378902962749,0.0912484239693143,0.0164004104906587,7.5962646849993,1.36530422784702
8.3,95,103.3,3700,14,0.66,0.000253049816642818,4.53714210254698e-05,5.57729537500633,0.0923631830746285,0.0165605686742965,7.5045830761364,1.34555955378782
8.4,95,103.4,3700,14,0.66,0.000256104081771822,4.58113037111936e-05,5.59041243153368,0.093477989846715,0.0167211258545857,7.41508436046353,1.32639307945107
8.5,95,103.5,3700,14,0.66,0.000259158477505899,4.62522496906076e-05,5.60315399228087,0.0945928442896533,0.0168820711370718,7.32769149469124,1.30777977988579
8.6,95,103.6,3700,14,0.66,0.000262213003856236,4.6694230169653e-05,5.61553328759344,0.0957077464075263,0.0170433940119233,7.24233101893869,1.28969603562664
8.7,95,103.7,3700,14,0.66,0.000265267660833989,4.71372173651622e-05,5.62756300990394,0.0968226962044059,0.0172050843382842,7.15893285079169,1.27211953703454
8.8,95,103.8,3700,14,0.66,0.000268322448450361,4.75811844638733e-05,5.63925533745569,0.0979376936843818,0.0173671323293138,7.07743009339908,1.25502919621162
8.9,95,103.9,3700,14,0.66,0.000271377366716489,4.80261055832354e-05,5.65062195697207,0.0990527388515184,0.0175295285378809,6.99775885651162,1.23840506581357
9,95,104,3700,14,0.66,0.000274432415643555,4.84719557339706e-05,5.66167408531496,0.100167831709898,0.0176922638428993,6.91985808944545,1.22222826414433
9.1,95,104.1,3700,14,0.66,0.000277487595242753,4.89187107842473e-05,5.67242249017138,0.101282972263605,0.0178553294362503,6.84366942506308,1.20648090598349
9.2,95,104.2,3700,14,0.66,0.000280542905525255,4.93663474254515e-05,5.68287750980372,0.102398160516718,0.0180187168102898,6.76913703392922,1.19114603864883
9.3,95,104.3,3700,14,0.66,0.000283598346502248,4.98148431394574e-05,5.69304907190634,0.10351339647332,0.0181824177459019,6.69620748787426,1.17620758284313
9.4,95,104.4,3700,14,0.66,0.000286653918184898,5.02641761673153e-05,5.70294671160445,0.104628680137488,0.0183464243010701,6.62482963226826,1.16165027787967
9.5,95,104.5,3700,14,0.66,0.000289709620584388,5.07143254793412e-05,5.71257958862931,0.105744011513301,0.0185107287999595,6.55495446636006,1.14745963091831
9.6,95,104.6,3700,14,0.66,0.000292765453711918,5.11652707464869e-05,5.7219565037095,0.10685939060485,0.0186753238224677,6.48653503109613,1.13362186987807
9.7,95,104.7,3700,14,0.66,0.000295821417578668,5.16169923129605e-05,5.73108591420949,0.107974817416214,0.0188402021942306,6.41952630387927,1.12012389972429
9.8,95,104.8,3700,14,0.66,0.000298877512195831,5.20694711700503e-05,5.7399759490498,0.109090291951478,0.0190053569770684,6.35388509976897,1.10695326185483
9.9,95,104.9,3700,14,0.66,0.000301933737574582,5.2522688931065e-05,5.74863442294175,0.110205814214722,0.0191707814598387,6.28956997867131,1.09409809633585
10,95,105,3700,14,0.66,0.00030499009372611,5.29766278073803e-05,5.75706884996595,0.11132138421003,0.0193364691496938,6.22654115809578,1.08154710675948
10.1,95,105.1,3700,14,0.66,0.000308046580661622,5.34312705854947e-05,5.76528645652776,0.112437001941492,0.0195024137637056,6.16476043109573,1.06928952751613
10.2,95,105.2,3700,14,0.66,0.000311103198392306,5.38866006050878e-05,5.77329419371338,0.113552667413192,0.0196686092208571,6.10419108903664,1.05731509329346
10.3,95,105.3,3700,14,0.66,0.000314159946929362,5.4342601738016e-05,5.78109874907936,0.114668380629217,0.0198350496343758,6.0447978488617,1.04561401062805
10.4,95,105.4,3700,14,0.66,0.000317216826283971,5.47992583681899e-05,5.78870655789951,0.115784141593649,0.0200017293043893,5.9865467845552,1.03417693135364
10.5,95,105.5,3700,14,0.66,0.00032027383646733,5.52565553723394e-05,5.79612381389331,0.116899950310576,0.0201686427109039,5.92940526252079,1.02299492780123
10.6,95,105.6,3700,14,0.66,0.000323330977490655,5.57144781015636e-05,5.80335647946384,0.118015806784089,0.0203357845070707,5.87334188061827,1.01205946961936
10.7,95,105.7,3700,14,0.66,0.000326388249365138,5.61730123636785e-05,5.81041029546389,0.119131711018275,0.0205031495127427,5.8183264106197,1.00136240209439
10.8,95,105.8,3700,14,0.66,0.000329445652101988,5.66321444063038e-05,5.81729079051644,0.120247663017226,0.0206707327083009,5.76432974386081,0.99089592585917
10.9,95,105.9,3700,14,0.66,0.000332503185712393,5.7091860900652e-05,5.82400328990845,0.121363662785024,0.020838529228738,5.71132383988563,0.980652577889496
11,95,106,3700,14,0.66,0.000335560850207558,5.75521489260096e-05,5.8305529240787,0.122479710325759,0.0210065343579935,5.65928167789086,0.970625213694479
11.1,95,106.1,3700,14,0.66,0.000338618645598704,5.80129959548562e-05,5.83694463671909,0.123595805643527,0.0211747435235225,5.60817721079556,0.960806990615536
11.2,95,106.2,3700,14,0.66,0.000341676571897031,5.84743898385917e-05,5.8431831925082,0.124711948742416,0.021343152291086,5.5579853217721,0.951191352155145
11.3,95,106.3,3700,14,0.66,0.000344734629113757,5.89363187938733e-05,5.84927318449339,0.125828139626521,0.0215117563597638,5.50868178308382,0.941772013262693
11.4,95,106.4,3700,14,0.66,0.000347792817260075,5.93987713894917e-05,5.85521904114003,0.126944378299927,0.0216805515571645,5.46024321709047,0.932542946510732
11.5,95,106.5,3700,14,0.66,0.000350851136347198,5.98617365338057e-05,5.86102503306201,0.128060664766727,0.0218495338348391,5.41264705928685,0.923498369099967
11.6,95,106.6,3700,14,0.66,0.000353909586386355,6.03252034626753e-05,5.86669527945028,0.129176999031019,0.0220186992638765,5.36587152325391,0.914632730636165
11.7,95,106.7,3700,14,0.66,0.000356968167388752,6.07891617278882e-05,5.87223375421192,0.130293381096895,0.0221880440306792,5.31989556740781,0.905940701626883
11.8,95,106.8,3700,14,0.66,0.000360026879365614,6.12536011860594e-05,5.87764429183557,0.131409810968449,0.0223575644329117,5.27469886343849,0.897417162648885
11.9,95,106.9,3700,14,0.66,0.000363085722328143,6.17185119879638e-05,5.88293059299535,0.132526288649772,0.0225272568756068,5.23026176634078,0.889057194142035
12,95,107,3700,14,0.66,0.000366144696287557,6.21838845683166e-05,5.88809622990507,0.133642814144958,0.0226971178674356,5.18656528594279,0.880856066787892
12.1,95,107.1,3700,14,0.66,0.000369203801255093,6.26497096359463e-05,5.89314465143596,0.134759387458109,0.0228671440171204,5.14359105984669,0.872809232434735
12.2,95,107.2,3700,14,0.66,0.000372263037241966,6.31159781643585e-05,5.89807918800792,0.135876008593317,0.0230373320299909,5.10132132770078,0.864912315533654
12.3,95,107.3,3700,14,0.66,0.000375322404259406,6.35826813826862e-05,5.90290305626537,0.136992677554683,0.0232076787046805,5.05973890672561,0.857161105052399
12.4,95,107.4,3700,14,0.66,0.000378381902318622,6.40498107669714e-05,5.90761936354919,0.138109394346297,0.0233781809299445,5.0188271684252,0.849551546836623
12.5,95,107.5,3700,14,0.66,0.000381441531430841,6.45173580318216e-05,5.91223111217145,0.139226158972257,0.0235488356816149,4.97857001641528,0.842079736390201
12.6,95,107.6,3700,14,0.66,0.000384501291607306,6.49853151223617e-05,5.91674120350611,0.140342971436667,0.023719640019662,4.93895186530767,0.834741912047965
12.7,95,107.7,3700,14,0.66,0.000387561182859239,6.54536742065111e-05,5.92115244190043,0.141459831743622,0.0238905910853766,4.89995762059286,0.827534448516949
12.8,95,107.8,3700,14,0.66,0.000390621205197878,6.59224276675689e-05,5.92546753841784,0.142576739897225,0.0240616860986626,4.86157265946459,0.82045385076275
12.9,95,107.9,3700,14,0.66,0.000393681358634439,6.63915680970567e-05,5.92968911442072,0.14369369590157,0.0242329223554257,4.82378281253722,0.813496748220074
13,95,108,3700,14,0.66,0.000396741643180156,6.6861088287867e-05,5.933819704998,0.144810699760757,0.0244042972250714,4.78657434640603,0.806659889307783
13.1,95,108.1,3700,14,0.66,0.00039980205884628,6.7330981227652e-05,5.93786176224752,0.145927751478892,0.024575808148093,4.74993394700669,0.799940136229916
13.2,95,108.2,3700,14,0.66,0.000402862605644039,6.78012400924744e-05,5.94181765841707,0.147044851060074,0.0247474526337531,4.71384870373165,0.793334460045926
13.3,95,108.3,3700,14,0.66,0.000405923283584679,6.82718582406853e-05,5.94568968891456,0.148161998508408,0.0249192282578501,4.67830609426216,0.786839935993401
13.4,95,108.4,3700,14,0.66,0.000408984092679423,6.87428292070417e-05,5.94948007518913,0.14927919382799,0.0250911326605702,4.64329397008025,0.780453739049231
13.5,95,108.5,3700,14,0.66,0.000412045032939513,6.92141466970493e-05,5.95319096749161,0.150396437022922,0.025263163544423,4.6088005426239,0.774173139714655
13.6,95,108.6,3700,14,0.66,0.000415106104376205,6.96858045814996e-05,5.95682444752039,0.151513728097315,0.0254353186722474,4.5748143700533,0.767995500011358
13.7,95,108.7,3700,14,0.66,0.000418167307000737,7.01577968912236e-05,5.96038253095498,0.152631067055269,0.0256075958652966,4.54132434459723,0.761918269676831
13.8,95,108.8,3700,14,0.66,0.00042122864082436,7.06301178120288e-05,5.9638671698863,0.153748453900891,0.0257799930013905,4.50831968044868,0.755938982546895
13.9,95,108.9,3700,14,0.66,0.000424290105858306,7.110276167983e-05,5.96728025514466,0.154865888638282,0.0259525080131379,4.47578990218382,0.750055253115528
14,95,109,3700,14,0.66,0.000427351702113822,7.1575722975954e-05,5.97062361853322,0.155983371271545,0.0261251388862232,4.44372483367649,0.744264773261351
14.1,95,109.1,3700,14,0.66,0.000430413429602174,7.20489963226174e-05,5.97389903496907,0.157100901804794,0.0262978836577553,4.41211458748479,0.738565309131917
14.2,95,109.2,3700,14,0.66,0.000433475288334605,7.25225764785597e-05,5.97710822453689,0.158218480242131,0.0264707404146743,4.38094955468655,0.732954698176975
14.3,95,109.3,3700,14,0.66,0.000436537278322374,7.2996458334849e-05,5.98025285445894,0.159336106587667,0.0266437072922199,4.35022039514048,0.72743084632231
14.4,95,109.4,3700,14,0.66,0.000439599399576721,7.34706369108171e-05,5.98333454098583,0.160453780845503,0.0268167824724482,4.31991802815391,0.721991725276679
14.5,95,109.5,3700,14,0.66,0.000442661652108899,7.39451073501624e-05,5.98635485121013,0.161571503019748,0.0269899641828093,4.29003362353586,0.716635369964518
14.6,95,109.6,3700,14,0.66,0.000445724035930182,7.44198649171776e-05,5.98931530480782,0.162689273114516,0.0271632506947698,4.26055859301825,0.711359876077681
14.7,95,109.7,3700,14,0.66,0.00044878655105182,7.4894904993104e-05,5.9922173757099,0.163807091133914,0.027336640322483,4.23148458202759,0.706163397739937
14.8,95,109.8,3700,14,0.66,0.000451849197485079,7.53702230726372e-05,5.99506249370676,0.164924957082054,0.0275101314215126,4.20280346178953,0.701044145278113
14.9,95,109.9,3700,14,0.66,0.000454911975241206,7.58458147605238e-05,5.99785204599026,0.16604287096304,0.0276837223875912,4.17450732175207,0.696000383094286
15,95,110,3700,14,0.66,0.000457974884331463,7.63216757683115e-05,6.00058737863317,0.167160832780984,0.0278574116554337,4.14658846231111,0.691030427633842
15.1,95,110.1,3700,14,0.66,0.000461037924767129,7.67978019111814e-05,6.00326979801233,0.168278842540002,0.0280311976975812,4.11903938782545,0.686132645444197
15.2,95,110.2,3700,14,0.66,0.000464101096559462,7.72741891049046e-05,6.00590057217443,0.169396900244204,0.0282050790232902,4.09185279990779,0.681305451319907
15.3,95,110.3,3700,14,0.66,0.000467164399719737,7.77508333629062e-05,6.00848093214926,0.170515005897704,0.0283790541774608,4.06502159097822,0.676547306529297
15.4,95,110.4,3700,14,0.66,0.000470227834259205,7.82277307934113e-05,6.0110120732124,0.17163315950461,0.0285531217395951,4.0385388380695,0.671856717118724
15.5,95,110.5,3700,14,0.66,0.000473291400189138,7.87048775967133e-05,6.01349515609821,0.172751361069035,0.0287272803228003,4.01239779687147,0.667232232290493
15.6,95,110.6,3700,14,0.66,0.00047635509752082,7.91822700625176e-05,6.01593130816683,0.173869610595099,0.0289015285728189,3.98659189600487,0.662672442850691
15.7,95,110.7,3700,14,0.66,0.000479418926265519,7.96599045673782e-05,6.01832162452587,0.174987908086914,0.029075865167093,3.96111473151429,0.658175979723642
15.8,95,110.8,3700,14,0.66,0.000482482886434514,8.01377775722235e-05,6.02066716910986,0.176106253548598,0.0292502888138616,3.93596006156969,0.653741512529351
15.9,95,110.9,3700,14,0.66,0.000485546978039067,8.06158856199559e-05,6.02296897571851,0.177224646984259,0.0294247982512839,3.91112180136834,0.649367748221178
16,95,111,3700,14,0.66,0.000488611201090453,8.10942253331467e-05,6.02522804901542,0.178343088398015,0.0295993922465986,3.8865940182275,0.645053429780572
16.1,95,111.1,3700,14,0.66,0.000491675555599967,8.15727934117916e-05,6.02744536548989,0.179461577793988,0.0297740695953039,3.86237092686012,0.640797334966171
16.2,95,111.2,3700,14,0.66,0.000494740041578882,8.205158663115e-05,6.02962187438139,0.180580115176292,0.0299488291203698,3.83844688482593,0.636598275114845
16.3,95,111.3,3700,14,0.66,0.000497804659038485,8.25306018396511e-05,6.03175849857089,0.181698700549047,0.0301236696714726,3.81481638814934,0.632455093991776
16.4,95,111.4,3700,14,0.66,0.000500869407990045,8.30098359568607e-05,6.03385613543848,0.182817333916367,0.0302985901242541,3.79147406709825,0.628366666687641
16.5,95,111.5,3700,14,0.66,0.000503934288444846,8.34892859715362e-05,6.03591565768871,0.183936015282369,0.0304735893796107,3.76841468211575,0.624331898560486
16.6,95,111.6,3700,14,0.66,0.000506999300414188,8.39689489397223e-05,6.03793791414658,0.185054744651178,0.0306486663629986,3.74563311989921,0.620349724220149
16.7,95,111.7,3700,14,0.66,0.000510064443909351,8.44488219829106e-05,6.03992373052367,0.186173522026913,0.0308238200237624,3.72312438962048,0.616419106553467
16.8,95,111.8,3700,14,0.66,0.000513129718941631,8.4928902286278e-05,6.04187391015576,0.187292347413695,0.0309990493344915,3.70088361928054,0.612539035788175
16.9,95,111.9,3700,14,0.66,0.000516195125522303,8.5409187096945e-05,6.04378923471533,0.188411220815641,0.0311743532903849,3.67890605219413,0.608708528593719
17,95,112,3700,14,0.66,0.000519260663662659,8.58896737223315e-05,6.04567046489606,0.18953014223687,0.031349730908651,3.65718704359788,0.604926627217475
17.1,95,112.1,3700,14,0.66,0.000522326333374006,8.63703595285344e-05,6.04751834107445,0.190649111681512,0.0315251812279151,3.63572205737774,0.601192398654518
17.2,95,112.2,3700,14,0.66,0.000525392134667632,8.68512419387648e-05,6.04933358394649,0.191768129153686,0.0317007033076492,3.61450666291085,0.597504933849723
17.3,95,112.3,3700,14,0.66,0.000528458067554839,8.7332318431835e-05,6.05111689514248,0.192887194657516,0.0318762962276198,3.59353653201641,0.593863346930401
17.4,95,112.4,3700,14,0.66,0.000531524132046911,8.78135865406891e-05,6.05286895781924,0.194006308197122,0.0320519590873515,3.57280743601216,0.590266774468448
17.5,95,112.5,3700,14,0.66,0.000534590328155144,8.82950438509952e-05,6.05459043723119,0.195125469776628,0.0322276910056132,3.55231524287134,0.586714374770466
17.6,95,112.6,3700,14,0.66,0.000537656655890856,8.87766879997526e-05,6.05628198128268,0.196244679400162,0.0324034911199097,3.53205591447679,0.58320532719461
17.7,95,112.7,3700,14,0.66,0.00054072311526534,8.92585166739654e-05,6.05794422105892,0.197363937071849,0.0325793585859974,3.51202550396838,0.579738831493316
17.8,95,112.8,3700,14,0.66,0.000543789706289907,8.97405276093491e-05,6.05957777133968,0.198483242795816,0.0327552925774124,3.49222015317938,0.576314107180326
17.9,95,112.9,3700,14,0.66,0.000546856428975846,9.0222718589067e-05,6.06118323109489,0.199602596576184,0.0329312922850094,3.47263609015921,0.572930392921304
18,95,113,3700,14,0.66,0.000549923283334462,9.0705087442528e-05,6.06276118396227,0.200721998417079,0.0331073569165227,3.45326962677833,0.569586945946875
18.1,95,113.1,3700,14,0.66,0.00055299026937708,9.11876320441942e-05,6.06431219870994,0.201841448322634,0.0332834856961309,3.4341171564127,0.566283041487085
18.2,95,113.2,3700,14,0.66,0.000556057387115,9.1670350312446e-05,6.06583682968106,0.202960946296975,0.0334596778640428,3.41517515170492,0.563017972226675
18.3,95,113.3,3700,14,0.66,0.00055912463655954,9.21532402084652e-05,6.06733561722531,0.204080492344232,0.0336359326760898,3.39644016239818,0.559791047779788
18.4,95,113.4,3700,14,0.66,0.000562192017721997,9.26362997351546e-05,6.06880908811442,0.205200086468529,0.0338122494033314,3.37790881324142,0.556601594183768
18.5,95,113.5,3700,14,0.66,0.000565259530613683,9.31195269361073e-05,6.07025775594337,0.206319728673994,0.0339886273316792,3.35957780196186,0.553448953410999
18.6,95,113.6,3700,14,0.66,0.00056832717524593,9.36029198945779e-05,6.0716821215195,0.207439418964765,0.0341650657615209,3.34144389730325,0.550332482898006
18.7,95,113.7,3700,14,0.66,0.000571394951630045,9.40864767325021e-05,6.07308267323669,0.208559157344967,0.0343415640073633,3.32350393712728,0.547251555091379
18.8,95,113.8,3700,14,0.66,0.000574462859777355,9.45701956095496e-05,6.0744598874378,0.209678943818735,0.0345181213974856,3.30575482657507,0.544205557009519
18.9,95,113.9,3700,14,0.66,0.000577530899699162,9.50540747221757e-05,6.07581422876579,0.210798778390194,0.0346947372735941,3.28819353628753,0.541193889819683
19,95,114,3700,14,0.66,0.000580599071406787,9.55381123027425e-05,6.07714615050146,0.211918661063477,0.034871410990501,3.27081710068148,0.538215968429785
19.1,95,114.1,3700,14,0.66,0.000583667374911569,9.60223066186312e-05,6.0784560948916,0.213038591842723,0.0350481419158004,3.25362261628009,0.535271221094197
19.2,95,114.2,3700,14,0.66,0.000586735810224821,9.6506655971396e-05,6.07974449346506,0.21415857073206,0.0352249294295595,3.23660724009576,0.532359089033215
19.3,95,114.3,3700,14,0.66,0.000589804377357879,9.69911586959382e-05,6.08101176733935,0.215278597735626,0.0354017729240174,3.21976818806284,0.529479026065361
19.4,95,114.4,3700,14,0.66,0.000592873076322051,9.7475813159698e-05,6.08225832751686,0.216398672857549,0.0355786718032898,3.20310273351922,0.526630498252269
19.5,95,114.5,3700,14,0.66,0.000595941907128666,9.79606177618888e-05,6.08348457517094,0.217518796101963,0.0357556254830894,3.18660820573422,0.523812983555512
19.6,95,114.6,3700,14,0.66,0.00059901086978907,9.8445570932726e-05,6.08469090192398,0.21863896747301,0.035932633390445,3.17028198848181,0.521025971504874
19.7,95,114.7,3700,14,0.66,0.000602079964314584,9.89306711326994e-05,6.08587769011485,0.219759186974823,0.0361096949634353,3.1541215186574,0.518268962877872
19.8,95,114.8,3700,14,0.66,0.00060514919071655,9.94159168518565e-05,6.08704531305894,0.220879454611541,0.0362868096509276,3.13812428493623,0.515541469389723
19.9,95,114.9,3700,14,0.66,0.000608218549006285,9.99013066090995e-05,6.08819413529958,0.221999770387294,0.0364639769123213,3.12228782647253,0.512843013393641
20,95,115,3700,14,0.66,0.000611288039195124,0.000100386838951523,6.0893245128509,0.22312013430622,0.0366411962173058,3.10660973163739,0.510173127590951
20.1,95,115.1,3700,14,0.66,0.00061435766129442,0.000100872512453743,6.09043679343412,0.224240546372463,0.0368184670456163,3.09108763679441,0.507531354750583
20.2,95,115.2,3700,14,0.66,0.000617427415315502,0.00010135832571727,6.09153131670464,0.225361006590158,0.0369957888868037,3.07571922511201,0.504917247437857
20.3,95,115.3,3700,14,0.66,0.00062049730126972,0.000101844277369878,6.09260841447379,0.226481514963448,0.0371731612400054,3.06050222541038,0.502330367751808
20.4,95,115.4,3700,14,0.66,0.000623567319168396,0.000102330366064995,6.0936684109225,0.227602071496465,0.0373505836137232,3.04543441104275,0.499770287071086
20.5,95,115.5,3700,14,0.66,0.000626637469022876,0.000102816590481133,6.09471162280823,0.22872267619335,0.0375280555256136,3.03051359880905,0.497236585807927
20.6,95,115.6,3700,14,0.66,0.000629707750844517,0.000103302949321301,6.0957383596663,0.229843329058249,0.0377055765022748,3.01573764790138,0.494728853169884
20.7,95,115.7,3700,14,0.66,0.000632778164644657,0.00010378944131245,6.09674892400403,0.2309640300953,0.0378831460790441,3.0011044588802,0.492246686929209
20.8,95,115.8,3700,14,0.66,0.000635848710434652,0.000104276065204936,6.09774361148943,0.232084779308648,0.0380607637998015,2.98661197267975,0.489789693199357
20.9,95,115.9,3700,14,0.66,0.000638919388225834,0.000104762819771983,6.09872271113402,0.233205576702429,0.0382384292167739,2.97225816964232,0.487357486218562
21,95,116,3700,14,0.66,0.000641990198029552,0.000105249703809184,6.09968650546961,0.234326422280786,0.0384161418903521,2.95804106857983,0.484949688140094
21.1,95,116.1,3700,14,0.66,0.000645061139857174,0.000105736716133986,6.10063527072064,0.235447316047868,0.0385939013889051,2.94395872586215,0.482565928828981
21.2,95,116.2,3700,14,0.66,0.000648132213720044,0.000106223855585217,6.10156927696984,0.236568258007816,0.0387717072886044,2.93000923453156,0.48020584566511
21.3,95,116.3,3700,14,0.66,0.000651203419629526,0.000106711121022602,6.10248878832038,0.237689248164777,0.0389495591732496,2.91619072344166,0.477869083352187
21.4,95,116.4,3700,14,0.66,0.000654274757596957,0.000107198511326301,6.10339406305201,0.238810286522889,0.0391274566340997,2.90250135642088,0.475555293732661
21.5,95,116.5,3700,14,0.66,0.000657346227633697,0.000107686025396471,6.10428535377294,0.239931373086299,0.0393053992697118,2.88893933145888,0.473264135608157
21.6,95,116.6,3700,14,0.66,0.000660417829751118,0.000108173662152818,6.10516290756748,0.241052507859158,0.0394833866857784,2.87550287991584,0.470995274565334
21.7,95,116.7,3700,14,0.66,0.000663489563960574,0.000108661420534173,6.10602696613851,0.24217369084561,0.039661418494973,2.86219026575368,0.468748382807053
21.8,95,116.8,3700,14,0.66,0.000666561430273434,0.000109149299498082,6.10687776594615,0.243294922049803,0.0398394943167999,2.84899978478817,0.466523138988484
21.9,95,116.9,3700,14,0.66,0.000669633428701044,0.000109637298020389,6.10771553834277,0.244416201475881,0.0400176137774418,2.83592976396184,0.464319228058111
22,95,117,3700,14,0.66,0.00067270555925477,0.000110125415094857,6.10854050970278,0.245537529127991,0.0401957765096229,2.82297856063637,0.462136341103469
22.1,95,117.1,3700,14,0.66,0.000675777821945992,0.000110613649732774,6.10935290155032,0.246658905010287,0.0403739821524624,2.81014456190437,0.459974175201315
22.2,95,117.2,3700,14,0.66,0.000678850216786072,0.000111102000962579,6.11015293068143,0.247780329126916,0.0405522303513412,2.79742618391998,0.457832433272337
22.3,95,117.3,3700,14,0.66,0.000681922743786384,0.000111590467829504,6.11094080928378,0.24890180148203,0.0407305207577689,2.78482187124703,0.45571082393996
22.4,95,117.4,3700,14,0.66,0.000684995402958285,0.000112079049395205,6.11171674505288,0.250023322079774,0.0409088530292499,2.77233009622513,0.453609061393296
22.5,95,117.5,3700,14,0.66,0.000688068194313145,0.000112567744737432,6.11248094130418,0.251144890924298,0.0410872268291625,2.75994935835218,0.451526865254047
22.6,95,117.6,3700,14,0.66,0.000691141117862354,0.000113056552949673,6.11323359708315,0.252266508019759,0.0412656418266308,2.74767818368364,0.449463960447161
22.7,95,117.7,3700,14,0.66,0.000694214173617278,0.000113545473140844,6.11397490727054,0.253388173370307,0.0414440976964079,2.73551512424759,0.447420077075326
22.8,95,117.8,3700,14,0.66,0.000697287361589303,0.000114034504434949,6.11470506268626,0.254509886980095,0.0416225941187565,2.72345875747512,0.445394950296863
22.9,95,117.9,3700,14,0.66,0.000700360681789788,0.000114523645970775,6.11542425018947,0.255631648853273,0.0418011307793328,2.71150768564575,0.443388320207179
23,95,118,3700,14,0.66,0.000703434134230123,0.000115012896901585,6.11613265277583,0.256753458993995,0.0419797073690785,2.69966053534709,0.441399931723495
23.1,95,118.1,3700,14,0.66,0.000706507718921679,0.000115502256394821,6.1168304496721,0.257875317406413,0.0421583235841098,2.68791595694885,0.439429534472863
23.2,95,118.2,3700,14,0.66,0.000709581435875853,0.000115991723631813,6.11751781642837,0.258997224094686,0.0423369791256118,2.67627262409013,0.437476882683217
23.3,95,118.3,3700,14,0.66,0.000712655285104031,0.000116481297807493,6.11819492500698,0.260119179062971,0.042515673699735,2.66472923318024,0.435541735077556
23.4,95,118.4,3700,14,0.66,0.000715729266617581,0.000116970978130111,6.11886194386993,0.261241182315417,0.0426944070174907,2.65328450291216,0.433623854770951
23.5,95,118.5,3700,14,0.66,0.000718803380427897,0.000117460763820982,6.11951903806278,0.262363233856182,0.0428731787946585,2.64193717378824,0.431723009170436
23.6,95,118.6,3700,14,0.66,0.000721877626546359,0.000117950654114205,6.12016636929715,0.263485333689421,0.0430519887516849,2.63068600765833,0.429838969877618
23.7,95,118.7,3700,14,0.66,0.000724952004984373,0.000118440648256417,6.12080409603042,0.264607481819296,0.043230836613592,2.61952978726922,0.427971512593923
23.8,95,118.8,3700,14,0.66,0.00072802651575333,0.000118930745506533,6.12143237354327,0.265729678249965,0.0434097221098847,2.60846731582582,0.426120417028467
23.9,95,118.9,3700,14,0.66,0.000731101158864605,0.000119420945135506,6.12205135401523,0.266851922985581,0.0435886449744598,2.59749741656311,0.424285466808362
24,95,119,3700,14,0.66,0.000734175934329602,0.000119911246426084,6.12266118659826,0.267974216030305,0.0437676049455205,2.58661893232877,0.422466449391411
24.1,95,119.1,3700,14,0.66,0.000737250842159706,0.000120401648672579,6.12326201748776,0.269096557388293,0.0439466017654912,2.57583072517635,0.420663155981222
24.2,95,119.2,3700,14,0.66,0.000740325882366332,0.000120892151180635,6.12385398999269,0.270218947063711,0.0441256351809318,2.56513167596837,0.41887538144446
24.3,95,119.3,3700,14,0.66,0.000743401054960877,0.000121382753267013,6.1244372446024,0.27134138506072,0.0443047049424597,2.55452068398941,0.417102924230429
24.4,95,119.4,3700,14,0.66,0.000746476359954724,0.000121873454259357,6.125011919053,0.272463871383474,0.0444838108046654,2.54399666656864,0.415345586292666
24.5,95,119.5,3700,14,0.66,0.000749551797359284,0.000122364253495999,6.12557814839113,0.273586406036139,0.0446629525260396,2.53355855871138,0.413603173012626
24.6,95,119.6,3700,14,0.66,0.000752627367185951,0.000122855150325738,6.12613606503622,0.274708989022872,0.0448421298688944,2.52320531274,0.411875493125385
24.7,95,119.7,3700,14,0.66,0.000755703069446145,0.000123346144107646,6.1266857988413,0.275831620347843,0.0450213425992906,2.51293589794324,0.410162358647231
24.8,95,119.8,3700,14,0.66,0.000758778904151271,0.000123837234210865,6.12722747715162,0.276954300015214,0.0452005904869657,2.50274930023426,0.408463584805198
24.9,95,119.9,3700,14,0.66,0.000761854871312721,0.000124328420014408,6.12776122486262,0.278077028029143,0.0453798733052588,2.49264452181682,0.406778989968347
25,95,120,3700,14,0.66,0.000764930970941911,0.000124819700906981,6.12828716447543,0.279199804393798,0.0455591908310479,2.48262058085935,0.405108395580848
25.1,95,120.1,3700,14,0.66,0.000768007203050244,0.00012531107628679,6.12880541615144,0.280322629113339,0.0457385428446783,2.47267651117704,0.403451626096778
25.2,95,120.2,3700,14,0.66,0.000771083567649146,0.000125802545561364,6.12931609776548,0.281445502191938,0.045917929129898,2.46281136192128,0.401808508916537
25.3,95,120.3,3700,14,0.66,0.000774160064750031,0.000126294108147375,6.12981932495735,0.282568423633761,0.0460973494737918,2.45302419727668,0.400178874324938
25.4,95,120.4,3700,14,0.66,0.000777236694364297,0.000126785763470459,6.13031521118214,0.283691393442969,0.0462768036667176,2.44331409616517,0.398562555430819
25.5,95,120.5,3700,14,0.66,0.000780313456503369,0.000127277510965067,6.13080386775897,0.28481441162373,0.0464562915022495,2.43368015195687,0.396959388108181
25.6,95,120.6,3700,14,0.66,0.000783390351178655,0.000127769350074277,6.13128540391919,0.285937478180209,0.046635812777111,2.42412147218805,0.395369210938789
25.7,95,120.7,3700,14,0.66,0.000786467378401591,0.000128261280249647,6.13175992685258,0.287060593116581,0.046815367291121,2.41463717828537,0.393791865156208
25.8,95,120.8,3700,14,0.66,0.000789544538183596,0.000128753300951054,6.13222754175244,0.288183756437013,0.0469949548471348,2.40522640529687,0.392227194591269
25.9,95,120.9,3700,14,0.66,0.000792621830536077,0.000129245411646532,6.13268835186033,0.289306968145668,0.047174575250984,2.39588830162895,0.390675045618805
26,95,121,3700,14,0.66,0.000795699255470466,0.000129737611812131,6.13314245850845,0.29043022824672,0.0473542283114277,2.38662202878936,0.38913526710576
26.1,95,121.1,3700,14,0.66,0.000798776812998178,0.000130229900931764,6.1335899611619,0.291553536744335,0.0475339138400939,2.3774267611364,0.387607710360546
26.2,95,121.2,3700,14,0.66,0.000801854503130656,0.000130722278497067,6.13403095745953,0.29267689364269,0.0477136316514295,2.36830168563346,0.386092229083616
26.3,95,121.3,3700,14,0.66,0.000804932325879328,0.000131214744007254,6.1344655432535,0.293800298945955,0.0478933815626477,2.35924600160959,0.384588679319295
26.4,95,121.4,3700,14,0.66,0.000808010281255608,0.000131707296968969,6.13489381264867,0.294923752658297,0.0480731633936736,2.35025892052525,0.383096919408709
26.5,95,121.5,3700,14,0.66,0.000811088369270933,0.000132199936896174,6.13531585803961,0.29604725478389,0.0482529769671036,2.34133966574333,0.381616809943906
26.6,95,121.6,3700,14,0.66,0.000814166589936727,0.000132692663309998,6.13573177014817,0.297170805326906,0.0484328221081492,2.33248747230551,0.380148213723036
26.7,95,121.7,3700,14,0.66,0.000817244943264442,0.000133185475738613,6.13614163805932,0.298294404291521,0.0486126986445937,2.32370158671343,0.378690995706603
26.8,95,121.8,3700,14,0.66,0.000820323429265512,0.000133678373717111,6.13654554925595,0.299418051681912,0.0487926064067455,2.31498126671505,0.377245022974814
26.9,95,121.9,3700,14,0.66,0.000823402047951357,0.000134171356787366,6.13694358965364,0.300541747502245,0.0489725452273885,2.30632578109558,0.375810164685862
27,95,122,3700,14,0.66,0.000826480799333423,0.000134664424497934,6.1373358436333,0.301665491756699,0.0491525149417461,2.29773440947295,0.374386292035257
27.1,95,122.1,3700,14,0.66,0.000829559683423142,0.000135157576403919,6.13772239407429,0.302789284449447,0.0493325153874305,2.28920644209809,0.372973278216073
27.2,95,122.2,3700,14,0.66,0.000832638700231972,0.000135650812066862,6.13810332238606,0.30391312558467,0.0495125464044046,2.28074117965937,0.371570998380128
27.3,95,122.3,3700,14,0.66,0.000835717849771354,0.000136144131054625,6.13847870853897,0.305037015166544,0.0496926078349381,2.2723379330915,0.370179329600109
27.4,95,122.4,3700,14,0.66,0.000838797132052717,0.000136637532941276,6.13884863109474,0.306160953199242,0.0498726995235659,2.2639960233886,0.368798150832538
27.5,95,122.5,3700,14,0.66,0.000841876547087514,0.000137131017306992,6.1392131672357,0.307284939686942,0.0500528213170522,2.25571478142116,0.367427342881603
27.6,95,122.6,3700,14,0.66,0.000844956094887184,0.000137624583737944,6.13957239279355,0.308408974633822,0.0502329730643494,2.24749354775725,0.366066788363843
27.7,95,122.7,3700,14,0.66,0.000848035775463192,0.000138118231826188,6.13992638227795,0.309533058044065,0.0504131546165585,2.23933167248737,0.36471637167359
27.8,95,122.8,3700,14,0.66,0.000851115588826987,0.000138611961169573,6.14027520890325,0.31065718992185,0.050593365826894,2.23122851505325,0.363375978949286
27.9,95,122.9,3700,14,0.66,0.000854195534990005,0.00013910577137163,6.14061894461563,0.311781370271352,0.0507736065506451,2.22318344408032,0.362045498040504
28,95,123,3700,14,0.66,0.000857275613963707,0.000139599662041484,6.14095766011922,0.312905599096753,0.0509538766451417,2.21519583721357,0.360724818475717
28.1,95,123.1,3700,14,0.66,0.00086035582575954,0.00014009363279375,6.14129142490138,0.314029876402232,0.0511341759697188,2.20726508095718,0.359413831430842
28.2,95,123.2,3700,14,0.66,0.000863436170388974,0.000140587683248444,6.14162030725783,0.315154202191976,0.051314504385682,2.19939057051734,0.358112429698433
28.3,95,123.3,3700,14,0.66,0.000866516647863468,0.000141081813030888,6.14194437431675,0.316278576470166,0.051494861756274,2.1915717096486,0.356820507657625
28.4,95,123.4,3700,14,0.66,0.000869597258194464,0.000141576021771615,6.14226369206268,0.317402999240979,0.0516752479466393,2.18380791050337,0.355537961244709
28.5,95,123.5,3700,14,0.66,0.000872678001393431,0.000142070309106291,6.14257832535951,0.318527470508602,0.0518556628237963,2.1760985934845,0.354264687924372
28.6,95,123.6,3700,14,0.66,0.000875758877471822,0.000142564674675622,6.1428883379732,0.319651990277215,0.0520361062566021,2.16844318710113,0.353000586661583
28.7,95,123.7,3700,14,0.66,0.000878839886441117,0.000143059118125266,6.14319379259406,0.320776558551008,0.0522165781157222,2.16084112782738,0.351745557894069
28.8,95,123.8,3700,14,0.66,0.00088192102831278,0.000143553639105761,6.1434947508578,0.321901175334165,0.0523970782736029,2.15329185996414,0.350499503505473
28.9,95,123.9,3700,14,0.66,0.000885002303098262,0.000144048237272421,6.14379127336745,0.323025840630866,0.0525776066044335,2.14579483550368,0.349262326798995
29,95,124,3700,14,0.66,0.000888083710809038,0.000144542912285283,6.144083419713,0.324150554445299,0.0527581629841284,2.13834951399695,0.34803393247171
29.1,95,124.1,3700,14,0.66,0.00089116525145657,0.00014503766380901,6.14437124849228,0.325275316781648,0.0529387472902886,2.13095536242378,0.346814226589364
29.2,95,124.2,3700,14,0.66,0.000894246925052344,0.000145532491512823,6.14465481733025,0.326400127644106,0.0531193594021805,2.12361185506559,0.345603116561764
29.3,95,124.3,3700,14,0.66,0.000897328731607833,0.000146027395070422,6.14493418289829,0.327524987036859,0.0532999992007042,2.1163184733809,0.344400511118693
29.4,95,124.4,3700,14,0.66,0.000900410671134493,0.000146522374159908,6.14520940093302,0.32864989496409,0.0534806665683665,2.10907470588324,0.343206320286339
29.5,95,124.5,3700,14,0.66,0.00090349274364381,0.00014701742846372,6.14548052625454,0.32977485142999,0.0536613613892577,2.10188004802148,0.342020455364213
29.6,95,124.6,3700,14,0.66,0.00090657494914725,0.000147512557668557,6.14574761278437,0.330899856438746,0.0538420835490232,2.09473400206281,0.340842828902598
29.7,95,124.7,3700,14,0.66,0.000909657287656307,0.000148007761465311,6.1460107135632,0.332024909994552,0.0540228329348384,2.08763607697783,0.339673354680423
29.8,95,124.8,3700,14,0.66,0.000912739759182463,0.000148503039549001,6.1462698807676,0.333150012101599,0.0542036094353852,2.08058578832817,0.338511947683678
29.9,95,124.9,3700,14,0.66,0.000915822363737181,0.000148998391618694,6.1465251657272,0.334275162764071,0.0543844129408234,2.07358265815628,0.337358524084225
30,95,125,3700,14,0.66,0.000918905101331953,0.000149493817377458,6.1467766189407,0.335400361986163,0.0545652433427723,2.06662621487732,0.336213001219079
30.1,95,125.1,3700,14,0.66,0.000921987971978254,0.000149989316532285,6.14702429009201,0.336525609772063,0.054746100534284,2.05971599317339,0.335075297570129
30.2,95,125.2,3700,14,0.66,0.000925070975687586,0.000150484888794031,6.14726822806597,0.337650906125969,0.0549269844098213,2.05285153388971,0.33394533274426
30.3,95,125.3,3700,14,0.66,0.000928154112471437,0.000150980533877353,6.14750848096357,0.338776251052074,0.0551078948652339,2.04603238393296,0.332823027453922
30.4,95,125.4,3700,14,0.66,0.000931237382341277,0.000151476251500646,6.14774509611697,0.339901644554566,0.0552888317977357,2.03925809617161,0.331708303498082
30.5,95,125.5,3700,14,0.66,0.000934320785308606,0.000151972041385992,6.14797812010391,0.341027086637641,0.0554697951058872,2.03252822933813,0.330601083743573
30.6,95,125.6,3700,14,0.66,0.000937404321384907,0.000152467903259094,6.14820759876222,0.342152577305491,0.0556507846895695,2.02584234793318,0.32950129210683
30.7,95,125.7,3700,14,0.66,0.00094048799058169,0.000152963836849222,6.14843357720384,0.343278116562317,0.0558318004499662,2.01920002213166,0.328408853535984
30.8,95,125.8,3700,14,0.66,0.000943571792910447,0.000153459841889153,6.14865609982843,0.344403704412313,0.0560128422895408,2.01260082769064,0.327323693993359
30.9,95,125.9,3700,14,0.66,0.00094665572838266,0.000153955918115116,6.14887521033669,0.345529340859671,0.0561939101120172,2.00604434585904,0.326245740438307
31,95,126,3700,14,0.66,0.000949739797009835,0.000154452065266742,6.1490909517436,0.34665502590859,0.0563750038223609,1.99953016328897,0.325174920810368
31.1,95,126.1,3700,14,0.66,0.000952823998803461,0.000154948283087012,6.14930336639094,0.347780759563263,0.0565561233267595,1.99305787194895,0.324111164012824
31.2,95,126.2,3700,14,0.66,0.000955908333775055,0.000155444571322198,6.14951249596034,0.348906541827895,0.0567372685326023,1.9866270690386,0.323054399896517
31.3,95,126.3,3700,14,0.66,0.00095899280193612,0.000155940929721817,6.14971838148501,0.350032372706684,0.0569184393484632,1.98023735690522,0.322004559244067
31.4,95,126.4,3700,14,0.66,0.000962077403298142,0.000156437358038573,6.14992106336211,0.351158252203822,0.0570996356840793,1.97388834296175,0.320961573754353
31.5,95,126.5,3700,14,0.66,0.000965162137872635,0.000156933856028322,6.15012058136425,0.352284180323512,0.0572808574503375,1.96757963960633,0.319925376027321
31.6,95,126.6,3700,14,0.66,0.000968247005671097,0.000157430423450008,6.15031697465111,0.35341015706995,0.057462104559253,1.96131086414347,0.318895899549101
31.7,95,126.7,3700,14,0.66,0.000971332006705052,0.000157927060065627,6.15051028178078,0.354536182447344,0.057643376923954,1.95508163870663,0.317873078677395
31.8,95,126.8,3700,14,0.66,0.000974417140986009,0.000158423765640178,6.15070054072044,0.355662256459893,0.0578246744586648,1.9488915901823,0.3168568486272
31.9,95,126.9,3700,14,0.66,0.000977502408525464,0.000158920539941605,6.15088778885754,0.356788379111794,0.0580059970786858,1.94274035013556,0.31584714545677
32,95,127,3700,14,0.66,0.000980587809334935,0.000159417382740772,6.15107206301002,0.357914550407251,0.0581873447003816,1.93662755473688,0.314843906053865
32.1,95,127.1,3700,14,0.66,0.000983673343425931,0.000159914293811404,6.1512533994368,0.359040770350465,0.0583687172411623,1.93055284469046,0.313847068122283
32.2,95,127.2,3700,14,0.66,0.00098675901080998,0.000160411272930051,6.15143183384791,0.360167038945643,0.0585501146194686,1.92451586516376,0.312856570168627
32.3,95,127.3,3700,14,0.66,0.000989844811498602,0.000160908319876041,6.15160740141434,0.36129335619699,0.058731536754755,1.91851626571848,0.311872351489366
32.4,95,127.4,3700,14,0.66,0.000992930745503297,0.00016140543443144,6.15178013677762,0.362419722108704,0.0589129835674758,1.91255370024274,0.310894352158131
32.5,95,127.5,3700,14,0.66,0.000996016812835595,0.000161902616381011,6.15195007405956,0.363546136684992,0.0590944549790689,1.90662782688445,0.309922513013228
32.6,95,127.6,3700,14,0.66,0.000999103013507007,0.000162399865512173,6.15211724687121,0.364672599930057,0.0592759509119433,1.90073830798609,0.30895677564545
32.7,95,127.7,3700,14,0.66,0.00100218934752907,0.000162897181614964,6.15228168832242,0.365799111848112,0.0594574712894618,1.89488481002041,0.307997082386048
32.8,95,127.8,3700,14,0.66,0.00100527581491332,0.000163394564482001,6.15244343103014,0.366925672443361,0.0596390160359303,1.88906700352764,0.307043376295025
32.9,95,127.9,3700,14,0.66,0.00100836241567125,0.000163892013908434,6.15260250712777,0.368052281720006,0.0598205850765783,1.88328456305361,0.306095601149567
33,95,128,3700,14,0.66,0.0010114491498144,0.000164389529691922,6.15275894827326,0.369178939682258,0.0600021783375514,1.877537167089,0.30515370143274
33.1,95,128.1,3700,14,0.66,0.0010145360173543,0.000164887111632585,6.15291278565771,0.370305646334321,0.0601837957458936,1.87182449800983,0.304217622322391
33.2,95,128.2,3700,14,0.66,0.00101762301830249,0.000165384759532976,6.15306405001358,0.37143240168041,0.0603654372295361,1.86614624201888,0.30328730968025
33.3,95,128.3,3700,14,0.66,0.00102071015267051,0.00016588247319804,6.15321277162249,0.372559205724734,0.0605471027172846,1.8605020890883,0.302362710041265
33.4,95,128.4,3700,14,0.66,0.00102379742046986,0.000166380252435078,6.15335898032337,0.373686058471498,0.0607287921388035,1.85489173290315,0.301443770603105
33.5,95,128.5,3700,14,0.66,0.00102688482171209,0.000166878097053716,6.15350270552013,0.374812959924913,0.0609105054246062,1.84931487080597,0.300530439215865
33.6,95,128.6,3700,14,0.66,0.00102997235640873,0.000167376006865871,6.15364397618898,0.375939910089188,0.061092242506043,1.84377120374238,0.299622664371989
33.7,95,128.7,3700,14,0.66,0.00103306002457134,0.00016787398168572,6.15378282088616,0.37706690896854,0.0612740033152878,1.83826043620756,0.29872039519634
33.8,95,128.8,3700,14,0.66,0.00103614782621145,0.000168372021329661,6.15391926775498,0.37819395656718,0.0614557877853263,1.83278227619382,0.297823581436492
33.9,95,128.9,3700,14,0.66,0.00103923576134059,0.000168870125616282,6.15405334453302,0.379321052889317,0.061637595849943,1.82733643513903,0.296932173453184
34,95,129,3700,14,0.66,0.00104232382997031,0.000169368294366335,6.15418507855913,0.380448197939164,0.0618194274437124,1.82192262787583,0.296046122210935
34.1,95,129.1,3700,14,0.66,0.00104541203211214,0.000169866527402705,6.15431449677999,0.381575391720932,0.0620012825019874,1.816540572582,0.295165379268875
34.2,95,129.2,3700,14,0.66,0.00104850036777765,0.00017036482455037,6.1544416257574,0.382702634238843,0.0621831609608849,1.81118999073143,0.294289896771673
34.3,95,129.3,3700,14,0.66,0.00105158883697838,0.000170863185636384,6.15456649167411,0.383829925497109,0.0623650627572801,1.80587060704615,0.29341962744072
34.4,95,129.4,3700,14,0.66,0.00105467743972587,0.000171361610489833,6.15468912034087,0.384957265499941,0.0625469878287891,1.80058214944913,0.292554524565395
34.5,95,129.5,3700,14,0.66,0.00105776617603166,0.00017186009894182,6.1548095372024,0.386084654251557,0.0627289361137644,1.79532434901782,0.29169454199453
34.6,95,129.6,3700,14,0.66,0.00106085504590731,0.000172358650825432,6.15492776734352,0.38721209175617,0.0629109075512825,1.7900969399386,0.290839634128023
34.7,95,129.7,3700,14,0.66,0.00106394404936439,0.000172857265975707,6.15504383549556,0.388339578018003,0.063092902081133,1.78489965946199,0.289989755908583
34.8,95,129.8,3700,14,0.66,0.00106703318641445,0.000173355944229614,6.15515776604196,0.389467113041273,0.0632749196438091,1.7797322478586,0.289144862813655
34.9,95,129.9,3700,14,0.66,0.00107012245706902,0.000173854685426016,6.15526958302433,0.390594696830192,0.0634569601804958,1.77459444837595,0.288304910847466
35,95,130,3700,14,0.66,0.00107321186133968,0.000174353489405657,6.15537931014793,0.391722329388981,0.0636390236330647,1.7694860071958,0.287469856533223
35.1,95,130.1,3700,14,0.66,0.00107630139923797,0.000174852356011123,6.1554869707875,0.392850010721857,0.0638211099440599,1.76440667339246,0.286639656905444
35.2,95,130.2,3700,14,0.66,0.00107939107077547,0.000175351285086825,6.15559258799275,0.393977740833045,0.0640032190566912,1.75935619889165,0.285814269502418
35.3,95,130.3,3700,14,0.66,0.00108248087596374,0.000175850276478975,6.1556961844934,0.395105519726764,0.064185350914826,1.75433433843013,0.284993652358836
35.4,95,130.4,3700,14,0.66,0.00108557081481433,0.000176349330035545,6.15579778270507,0.396233347407231,0.0643675054629738,1.74934084951603,0.284177763998497
35.5,95,130.5,3700,14,0.66,0.00108866088733881,0.000176848445606265,6.15589740473379,0.397361223878667,0.0645496826462869,1.74437549238975,0.283366563427187
35.6,95,130.6,3700,14,0.66,0.00109175109354875,0.000177347623042583,6.1559950723817,0.398489149145293,0.0647318824105429,1.73943802998565,0.282560010125654
35.7,95,130.7,3700,14,0.66,0.00109484143345572,0.00017784686219765,6.15609080715164,0.399617123211337,0.0649141047021423,1.73452822789422,0.281758064042718
35.8,95,130.8,3700,14,0.66,0.00109793190707129,0.000178346162926293,6.15618463025213,0.40074514608102,0.065096349468097,1.7296458543251,0.280960685588513
35.9,95,130.9,3700,14,0.66,0.00110102251440702,0.000178845525084987,6.15627656260236,0.401873217758562,0.0652786166560203,1.72479068007059,0.280167835627821
36,95,131,3700,14,0.66,0.00110411325547449,0.000179344948531846,6.15636662483655,0.403001338248188,0.0654609062141238,1.71996247846967,0.279379475473544
36.1,95,131.1,3700,14,0.66,0.00110720413028526,0.00017984443312659,6.15645483730883,0.404129507554119,0.0656432180912053,1.71516102537284,0.278595566880271
36.2,95,131.2,3700,14,0.66,0.00111029513885093,0.000180343978730524,6.15654122009787,0.405257725680588,0.0658255522366413,1.71038609910737,0.277816072037958
36.3,95,131.3,3700,14,0.66,0.00111338628118307,0.000180843585206524,6.15662579301103,0.406385992631821,0.0660079086003812,1.70563748044319,0.277040953565738
36.4,95,131.4,3700,14,0.66,0.00111647755729324,0.000181343252419004,6.15670857558876,0.407514308412032,0.0661902871329364,1.70091495255944,0.276270174505829
36.5,95,131.5,3700,14,0.66,0.00111956896719303,0.000181842980233904,6.15678958710936,0.408642673025457,0.0663726877853749,1.69621830101127,0.275503698317495
36.6,95,131.6,3700,14,0.66,0.00112266051089402,0.000182342768518673,6.15686884659239,0.409771086476319,0.0665551105093155,1.69154731369756,0.274741488871209
36.7,95,131.7,3700,14,0.66,0.00112575218840781,0.000182842617142236,6.15694637280361,0.41089954876885,0.0667375552569161,1.68690178082885,0.273983510442809
36.8,95,131.8,3700,14,0.66,0.00112884399974598,0.00018334252597499,6.15702218425836,0.412028059907282,0.0669200219808714,1.68228149489606,0.273229727707843
36.9,95,131.9,3700,14,0.66,0.00113193594492008,0.000183842494888764,6.15709629922599,0.41315661989583,0.0671025106343988,1.67768625063955,0.272480105735954
37,95,132,3700,14,0.66,0.00113502802394174,0.000184342523756824,6.15716873573354,0.414285228738734,0.0672850211712409,1.67311584501864,0.271734609985365
37.1,95,132.1,3700,14,0.66,0.00113812023682251,0.000184842612453837,6.15723951156963,0.415413886440218,0.0674675535456504,1.6685700771818,0.270993206297483
37.2,95,132.2,3700,14,0.66,0.00114121258357402,0.000185342760855859,6.15730864428822,0.416542593004519,0.0676501077123884,1.66404874843718,0.270255860891563
37.3,95,132.3,3700,14,0.66,0.00114430506420786,0.000185842968840315,6.15737615121238,0.41767134843587,0.067832683626715,1.65955166222366,0.269522540359483
37.4,95,132.4,3700,14,0.66,0.00114739767873559,0.00018634323628598,6.15744204943762,0.418800152738489,0.0680152812443828,1.65507862408247,0.268793211660617
37.5,95,132.5,3700,14,0.66,0.00115049042716882,0.000186843563072965,6.15750635583595,0.419929005916619,0.0681979005216323,1.65062944162894,0.268067842116722
37.6,95,132.6,3700,14,0.66,0.00115358330951914,0.000187343949082698,6.15756908705881,0.421057907974487,0.0683805414151848,1.64620392452514,0.26734639940702
37.7,95,132.7,3700,14,0.66,0.00115667632579817,0.000187844394197904,6.15763025954104,0.422186858916332,0.068563203882235,1.64180188445257,0.266628851563254
37.8,95,132.8,3700,14,0.66,0.00115976947601751,0.000188344898302594,6.15768988950382,0.423315858746391,0.0687458878804469,1.63742313508555,0.26591516696491
37.9,95,132.9,3700,14,0.66,0.00116286276018872,0.00018884546128204,6.15774799295807,0.424444907468883,0.0689285933679446,1.63306749206494,0.265205314334477
38,95,133,3700,14,0.66,0.00116595617832344,0.000189346083022766,6.15780458570804,0.425574005088056,0.0691113203033095,1.62873477297215,0.264499262732755
38.1,95,133.1,3700,14,0.66,0.00116904973043325,0.000189846763412531,6.15785968335392,0.426703151608138,0.0692940686455738,1.62442479730381,0.26379698155432
38.2,95,133.2,3700,14,0.66,0.00117214341652979,0.000190347502340309,6.1579133012956,0.427832347033372,0.0694768383542129,1.62013738644656,0.263098440522976
38.3,95,133.3,3700,14,0.66,0.00117523723662465,0.00019084829969628,6.15796545473523,0.428961591367996,0.0696596293891421,1.61587236365251,0.262403609687347
38.4,95,133.4,3700,14,0.66,0.00117833119072941,0.000191349155371803,6.15801615868037,0.430090884616233,0.0698424417107082,1.61162955401493,0.261712459416522
38.5,95,133.5,3700,14,0.66,0.00118142527885571,0.000191850069259415,6.15806542794734,0.431220226782334,0.0700252752796866,1.6074087844442,0.26102496039572
38.6,95,133.6,3700,14,0.66,0.00118451950101516,0.000192351041252809,6.15811327716353,0.432349617870532,0.0702081300572754,1.60320988364447,0.260341083622112
38.7,95,133.7,3700,14,0.66,0.00118761385721935,0.000192852071246818,6.15815972077069,0.433479057885063,0.0703910060050884,1.59903268209034,0.259660800400646
38.8,95,133.8,3700,14,0.66,0.00119070834747994,0.000193353159137406,6.15820477302763,0.434608546830179,0.0705739030851531,1.59487701200407,0.258984082339951
38.9,95,133.9,3700,14,0.66,0.0011938029718085,0.000193854304821641,6.15824844801294,0.435738084710102,0.070756821259899,1.59074270733323,0.258310901348339
39,95,134,3700,14,0.66,0.00119689773021667,0.000194355508197699,6.15829075962786,0.436867671529084,0.0709397604921602,1.58662960372841,0.257641229629809
39.1,95,134.1,3700,14,0.66,0.00119999262271606,0.000194856769164841,6.15833172159862,0.437997307291362,0.071122720745167,1.58253753852156,0.256975039680188
39.2,95,134.2,3700,14,0.66,0.00120308764931829,0.000195358087623397,6.15837134747937,0.439126992001176,0.0713057019825398,1.57846635070451,0.256312304283271
39.3,95,134.3,3700,14,0.66,0.00120618281003501,0.000195859463474757,6.15840965065478,0.440256725662779,0.0714887041682864,1.57441588090779,0.255652996507044
39.4,95,134.4,3700,14,0.66,0.0012092781048778,0.000196360896621352,6.15844664434224,0.441386508280396,0.0716717272667934,1.57038597138002,0.254997089700003
39.5,95,134.5,3700,14,0.66,0.00121237353385831,0.00019686238696665,6.15848234159474,0.442516339858282,0.0718547712428274,1.56637646596717,0.254344557487447
39.6,95,134.6,3700,14,0.66,0.00121546909698816,0.000197363934415138,6.15851675530305,0.443646220400678,0.0720378360615253,1.56238721009261,0.25369537376792
39.7,95,134.7,3700,14,0.66,0.00121856479427897,0.000197865538872308,6.15854989819815,0.444776149911825,0.0722209216883923,1.55841805073712,0.253049512709652
39.8,95,134.8,3700,14,0.66,0.00122166062574241,0.000198367200244648,6.15858178285382,0.445906128395979,0.0724040280892967,1.55446883641933,0.252406948747055
39.9,95,134.9,3700,14,0.66,0.00122475659139005,0.000198868918439626,6.15861242168856,0.447036155857368,0.0725871552304634,1.55053941717659,0.251767656577334
40,95,135,3700,14,0.66,0.00122785269123356,0.00019937069336568,6.15864182696838,0.44816623230025,0.072770303078473,1.54662964454575,0.251131611157048
40.1,95,135.1,3700,14,0.66,0.00123094892528457,0.000199872524932209,6.15867001080852,0.449296357728868,0.0729534716002561,1.54273937154467,0.25049878769883
40.2,95,135.2,3700,14,0.66,0.0012340452935547,0.000200374413049556,6.15869698517598,0.450426532147467,0.0731366607630878,1.5388684526537,0.249869161668088
40.3,95,135.3,3700,14,0.66,0.00123714179605563,0.000200876357629002,6.15872276189171,0.451556755560305,0.0733198705345856,1.5350167437975,0.249242708779768
40.4,95,135.4,3700,14,0.66,0.00124023843279894,0.000201378358582744,6.15874735263244,0.452687027971613,0.0735031008827016,1.53118410232734,0.248619404995216
40.5,95,135.5,3700,14,0.66,0.00124333520379631,0.000201880415823901,6.15877076893313,0.453817349385652,0.073686351775724,1.52737038700323,0.247999226518998
40.6,95,135.6,3700,14,0.66,0.00124643210905936,0.000202382529266486,6.15879302218884,0.454947719806668,0.0738696231822675,1.5235754579768,0.247382149795857
40.7,95,135.7,3700,14,0.66,0.00124952914859975,0.000202884698825407,6.15881412365667,0.456078139238907,0.0740529150712735,1.51979917677408,0.246768151507669
40.8,95,135.8,3700,14,0.66,0.00125262632242913,0.00020338692441645,6.15883408445805,0.457208607686632,0.0742362274120044,1.51604140627865,0.246157208570436
40.9,95,135.9,3700,14,0.66,0.00125572363055911,0.000203889205956268,6.15885291558029,0.458339125154075,0.0744195601740377,1.51230201071518,0.245549298131387
41,95,136,3700,14,0.66,0.00125882107300137,0.000204391543362372,6.15887062787899,0.4594696916455,0.0746029133272659,1.50858085563288,0.244944397566021
41.1,95,136.1,3700,14,0.66,0.00126191864976755,0.000204893936553129,6.15888723207939,0.460600307165157,0.0747862868418922,1.50487780788953,0.244342484475308
41.2,95,136.2,3700,14,0.66,0.0012650163608693,0.000205396385447735,6.1589027387787,0.461730971717293,0.0749696806884231,1.50119273563555,0.243743536682841
41.3,95,136.3,3700,14,0.66,0.00126811420631829,0.000205898889966222,6.15891715844765,0.462861685306175,0.0751530948376711,1.49752550829832,0.243147532232073
41.4,95,136.4,3700,14,0.66,0.00127121218612613,0.000206401450029431,6.15893050143237,0.463992447936039,0.0753365292607424,1.49387599656686,0.242554449383611
41.5,95,136.5,3700,14,0.66,0.00127431030030452,0.00020690406555902,6.15894277795629,0.46512325961115,0.0755199839290422,1.49024407237649,0.24196426661249
41.6,95,136.6,3700,14,0.66,0.00127740854886509,0.000207406736477444,6.15895399812153,0.46625412033576,0.0757034588142672,1.48662960889396,0.241376962605562
41.7,95,136.7,3700,14,0.66,0.00128050693181951,0.000207909462707948,6.15896417191095,0.467385030114121,0.0758869538884011,1.48303248050264,0.240792516258866
41.8,95,136.8,3700,14,0.66,0.00128360544917945,0.000208412244174556,6.15897330918988,0.468515988950501,0.076070469123713,1.47945256278794,0.240210906675051
41.9,95,136.9,3700,14,0.66,0.00128670410095654,0.000208915080802061,6.15898141970731,0.469646996849139,0.0762540044927522,1.47588973252309,0.239632113160884
42,95,137,3700,14,0.66,0.00128980288716247,0.000209417972516022,6.1589885130981,0.470778053814303,0.076437559968348,1.47234386765479,0.239056115224701
42.1,95,137.1,3700,14,0.66,0.0012929018078089,0.000209920919242753,6.1589945988841,0.471909159850248,0.0766211355236047,1.46881484728947,0.238482892573992
42.2,95,137.2,3700,14,0.66,0.00129600086290748,0.000210423920909306,6.15899968647606,0.473040314961229,0.0768047311318965,1.46530255167946,0.237912425112957
42.3,95,137.3,3700,14,0.66,0.00129910005246991,0.000210926977443478,6.15900378517502,0.474171519151517,0.0769883467668696,1.4618068622094,0.23734469294012
42.4,95,137.4,3700,14,0.66,0.00130219937650781,0.000211430088773781,6.15900690417388,0.475302772425352,0.0771719824024302,1.45832766138305,0.236779676345997
42.5,95,137.5,3700,14,0.66,0.0013052988350329,0.000211933254829458,6.15900905255886,0.476434074787007,0.0773556380127523,1.45486483280991,0.236217355810748
42.6,95,137.6,3700,14,0.66,0.00130839842805682,0.000212436475540454,6.15901023931109,0.477565426240739,0.0775393135722659,1.45141826119241,0.235657712001914
42.7,95,137.7,3700,14,0.66,0.00131149815559125,0.000212939750837423,6.15901047330783,0.478696826790805,0.0777230090556593,1.44798783231303,0.235100725772164
42.8,95,137.8,3700,14,0.66,0.00131459801764789,0.000213443080651711,6.15900976332424,0.479828276441479,0.0779067244378744,1.44457343302168,0.234546378157062
42.9,95,137.9,3700,14,0.66,0.00131769801423837,0.000213946464915344,6.15900811803443,0.480959775197005,0.0780904596941004,1.44117495122337,0.233994650372907
43,95,138,3700,14,0.66,0.0013207981453744,0.000214449903561035,6.15900554601316,0.482091323061658,0.0782742147997779,1.43779227586574,0.233445523814546
43.1,95,138.1,3700,14,0.66,0.00132389841106766,0.000214953396522167,6.15900205573692,0.483222920039696,0.078457989730591,1.43442529692715,0.232898980053274
43.2,95,138.2,3700,14,0.66,0.00132699881132981,0.00021545694373278,6.15899765558553,0.484354566135382,0.0786417844624646,1.43107390540467,0.232355000834729
43.3,95,138.3,3700,14,0.66,0.00133009934617258,0.000215960545127577,6.15899235384328,0.48548626135299,0.0788255989715658,1.42773799330228,0.231813568076823
43.4,95,138.4,3700,14,0.66,0.00133320001560759,0.000216464200641901,6.15898615870027,0.486618005696769,0.0790094332342939,1.42441745361941,0.23127466386773
43.5,95,138.5,3700,14,0.66,0.00133630081964656,0.000216967910211743,6.15897907825373,0.487749799170995,0.0791932872272863,1.4211121803393,0.230738270463849
43.6,95,138.6,3700,14,0.66,0.00133940175830118,0.000217471673773725,6.15897112050925,0.48888164177993,0.0793771609274095,1.41782206841787,0.230204370287848
43.7,95,138.7,3700,14,0.66,0.00134250283158312,0.000217975491265095,6.15896229338191,0.490013533527839,0.0795610543117598,1.41454701377256,0.229672945926712
43.8,95,138.8,3700,14,0.66,0.00134560403950411,0.000218479362623721,6.15895260469791,0.491145474418999,0.0797449673576583,1.41128691327127,0.2291439801298
43.9,95,138.9,3700,14,0.66,0.00134870538207579,0.000218983287788082,6.15894206219508,0.492277464457662,0.0799289000426498,1.4080416647217,0.228617455806991
44,95,139,3700,14,0.66,0.00135180685930988,0.000219487266697262,6.15893067352478,0.493409503648106,0.0801128523445006,1.40481116686048,0.22809335602677
44.1,95,139.1,3700,14,0.66,0.00135490847121808,0.000219991299290947,6.15891844625255,0.494541591994598,0.0802968242411955,1.40159531934276,0.227571664014414
44.2,95,139.2,3700,14,0.66,0.00135801021781206,0.000220495385509413,6.1589053878594,0.495673729501403,0.0804808157109359,1.39839402273181,0.227052363150173
44.3,95,139.3,3700,14,0.66,0.00136111209910357,0.000220999525293525,6.1588915057432,0.496805916172803,0.0806648267321366,1.39520717848869,0.226535436967457
44.4,95,139.4,3700,14,0.66,0.00136421411510425,0.000221503718584719,6.15887680721926,0.49793815201305,0.0808488572834224,1.39203468896229,0.226020869151107
44.5,95,139.5,3700,14,0.66,0.00136731626582583,0.000222007965325012,6.15886129952196,0.499070437026428,0.0810329073436293,1.38887645737918,0.225508643535614
44.6,95,139.6,3700,14,0.66,0.00137041855128001,0.000222512265456981,6.15884498980554,0.500202771217204,0.0812169768917982,1.38573238783389,0.224998744103421
44.7,95,139.7,3700,14,0.66,0.00137352097147849,0.000223016618923769,6.15882788514511,0.501335154589648,0.0814010659071755,1.38260238527916,0.224491154983232
44.8,95,139.8,3700,14,0.66,0.00137662352643299,0.000223521025669068,6.15880999253797,0.502467587148043,0.08158517436921,1.37948635551634,0.223985860448323
44.9,95,139.9,3700,14,0.66,0.00137972621615519,0.00022402548563712,6.1587913189042,0.503600068896646,0.0817693022575489,1.37638420518604,0.223482844914923
45,95,140,3700,14,0.66,0.00138282904065683,0.000224529998772709,6.1587718710882,0.504732599839741,0.0819534495520386,1.37329584175864,0.222982092940551
45.1,95,140.1,3700,14,0.66,0.00138593199994959,0.000225034565021154,6.15875165585921,0.505865179981601,0.0821376162327213,1.37022117352524,0.222483589222446
45.2,95,140.2,3700,14,0.66,0.00138903509404519,0.000225539184328304,6.15873067991262,0.506997809326495,0.0823218022798309,1.36716010958851,0.221987318595965
45.3,95,140.3,3700,14,0.66,0.00139213832295538,0.000226043856640535,6.15870894987081,0.508130487878713,0.0825060076737953,1.36411255985371,0.221493266033025
45.4,95,140.4,3700,14,0.66,0.00139524168669181,0.000226548581904736,6.15868647228396,0.509263215642511,0.0826902323952286,1.36107843501997,0.221001416640586
45.5,95,140.5,3700,14,0.66,0.00139834518526624,0.000227053360068313,6.15866325363132,0.510395992622178,0.0828744764249343,1.35805764657139,0.220511755659094
45.6,95,140.6,3700,14,0.66,0.00140144881869038,0.000227558191079181,6.1586393003218,0.511528818821988,0.0830587397439009,1.35505010676859,0.220024268461019
45.7,95,140.7,3700,14,0.66,0.00140455258697593,0.000228063074885752,6.15861461869503,0.512661694246216,0.0832430223332997,1.35205572864012,0.219538940549362
45.8,95,140.8,3700,14,0.66,0.00140765649013466,0.000228568011436942,6.15858921502237,0.513794618899151,0.0834273241744838,1.34907442597408,0.219055757556186
45.9,95,140.9,3700,14,0.66,0.00141076052817823,0.000229073000682148,6.15856309550746,0.514927592785054,0.083611645248984,1.34610611330996,0.218574705241214
46,95,141,3700,14,0.66,0.0014138647011184,0.000229578042571261,6.15853626628748,0.516060615908217,0.0837959855385103,1.3431507059303,0.218095769490367
46.1,95,141.1,3700,14,0.66,0.00141696900896689,0.000230083137054649,6.15850873343377,0.517193688272915,0.0839803450249467,1.34020811985273,0.21761893631439
46.2,95,141.2,3700,14,0.66,0.00142007345173542,0.000230588284083158,6.15848050295256,0.518326809883427,0.0841647236903528,1.33727827182205,0.217144191847472
46.3,95,141.3,3700,14,0.66,0.00142317802943574,0.000231093483608107,6.15845158078621,0.519459980744045,0.0843491215169592,1.33436107930224,0.216671522345864
46.4,95,141.4,3700,14,0.66,0.00142628274207954,0.00023159873558127,6.1584219728136,0.520593200859033,0.0845335384871637,1.3314564604689,0.216200914186561
46.5,95,141.5,3700,14,0.66,0.00142938758967859,0.000232104039954893,6.15839168485121,0.521726470232684,0.0847179745835359,1.32856433420142,0.215732353865946
46.6,95,141.6,3700,14,0.66,0.0014324925722446,0.000232609396681672,6.15836072265377,0.522859788869279,0.0849024297888103,1.32568462007554,0.215265827998505
46.7,95,141.7,3700,14,0.66,0.0014355976897893,0.000233114805714758,6.158329091915,0.523993156773096,0.0850869040858865,1.32281723835584,0.214801323315525
46.8,95,141.8,3700,14,0.66,0.00143870294232447,0.000233620267007744,6.1582967982687,0.525126573948432,0.0852713974578267,1.31996210998839,0.214338826663806
46.9,95,141.9,3700,14,0.66,0.00144180832986179,0.000234125780514664,6.15826384728907,0.526260040399554,0.0854559098878523,1.31711915659355,0.213878325004434
47,95,142,3700,14,0.66,0.00144491385241303,0.000234631346189995,6.15823024449171,0.527393556130757,0.0856404413593482,1.31428830045867,0.213419805411505
47.1,95,142.1,3700,14,0.66,0.00144801950998993,0.000235136963988639,6.15819599533441,0.528527121146324,0.0858249918558532,1.31146946453112,0.21296325507092
47.2,95,142.2,3700,14,0.66,0.00145112530260421,0.000235642633865931,6.15816110521762,0.529660735450538,0.0860095613610648,1.30866257241127,0.212508661279173
47.3,95,142.3,3700,14,0.66,0.00145423123026766,0.000236148355777631,6.15812557948548,0.530794399047697,0.0861941498588352,1.30586754834551,0.212056011442141
47.4,95,142.4,3700,14,0.66,0.00145733729299198,0.000236654129679907,6.15808942342622,0.531928111942071,0.0863787573331662,1.3030843172196,0.211605293073934
47.5,95,142.5,3700,14,0.66,0.00146044349078893,0.000237159955529353,6.15805264227322,0.533061874137959,0.0865633837682137,1.30031280455176,0.2111564937957
47.6,95,142.6,3700,14,0.66,0.00146354982367026,0.00023766583328297,6.15801524120519,0.534195685639646,0.0867480291482841,1.29755293648613,0.210709601334502
47.7,95,142.7,3700,14,0.66,0.00146665629164772,0.000238171762898162,6.15797722534738,0.535329546451417,0.0869326934578292,1.29480463978622,0.210264603522169
47.8,95,142.8,3700,14,0.66,0.00146976289473308,0.000238677744332742,6.1579385997719,0.536463456577575,0.0871173766814509,1.29206784182832,0.20982148829418
47.9,95,142.9,3700,14,0.66,0.00147286963293805,0.000239183777544911,6.1578993694984,0.53759741602239,0.0873020788038926,1.28934247059528,0.209380243688572
48,95,143,3700,14,0.66,0.00147597650627443,0.000239689862493271,6.15785953949498,0.538731424790165,0.0874867998100438,1.28662845467001,0.208940857844824
48.1,95,143.1,3700,14,0.66,0.00147908351475394,0.00024019599913681,6.15781911467847,0.539865482885189,0.0876715396849356,1.28392572322938,0.208503319002806
48.2,95,143.2,3700,14,0.66,0.00148219065838835,0.000240702187434903,6.15777809991529,0.540999590311749,0.0878562984137397,1.28123420603798,0.208067615501703
48.3,95,143.3,3700,14,0.66,0.00148529793718945,0.000241208427347309,6.15773650002209,0.542133747074149,0.0880410759817676,1.27855383344203,0.207633735778958
48.4,95,143.4,3700,14,0.66,0.00148840535116894,0.000241714718834158,6.15769431976605,0.543267953176664,0.0882258723744677,1.27588453636348,0.207201668369266
48.5,95,143.5,3700,14,0.66,0.00149151290033863,0.000242221061855962,6.15765156386593,0.5444022086236,0.088410687577426,1.27322624629392,0.206771401903513
48.6,95,143.6,3700,14,0.66,0.00149462058471026,0.000242727456373597,6.15760823699237,0.545536513419247,0.0885955215763628,1.27057889528883,0.20634292510779
48.7,95,143.7,3700,14,0.66,0.0014977284042956,0.000243233902348308,6.15756434376847,0.546670867567896,0.0887803743571325,1.26794241596175,0.205916226802392
48.8,95,143.8,3700,14,0.66,0.00150083635910645,0.000243740399741707,6.15751988877056,0.547805271073854,0.088965245905723,1.26531674147856,0.205491295900823
48.9,95,143.9,3700,14,0.66,0.00150394444915452,0.000244246948515752,6.15747487652859,0.548939723941398,0.0891501362082495,1.26270180555186,0.205068121408843
49,95,144,3700,14,0.66,0.00150705267445161,0.000244753548632772,6.15742931152671,0.550074226174837,0.0893350452509617,1.26009754243536,0.204646692423486
49.1,95,144.1,3700,14,0.66,0.00151016103500949,0.000245260200055438,6.15738319820395,0.551208777778464,0.0895199730202347,1.25750388691838,0.204226998132125
49.2,95,144.2,3700,14,0.66,0.00151326953083993,0.000245766902746772,6.15733654095455,0.552343378756573,0.089704919502572,1.2549207743204,0.203809027811538
49.3,95,144.3,3700,14,0.66,0.00151637816195472,0.000246273656670145,6.1572893441288,0.553478029113473,0.089889884684603,1.2523481404857,0.203392770826964
49.4,95,144.4,3700,14,0.66,0.0015194869283656,0.00024678046178926,6.15724161203321,0.554612728853445,0.09007486855308,1.24978592177805,0.202978216631222
49.5,95,144.5,3700,14,0.66,0.00152259583008438,0.000247287318068165,6.15719334893138,0.5557474779808,0.0902598710948802,1.24723405507544,0.202565354763776
49.6,95,144.6,3700,14,0.66,0.00152570486712283,0.00024779422547124,6.15714455904426,0.556882276499834,0.0904448922970028,1.24469247776491,0.202154174849863
49.7,95,144.7,3700,14,0.66,0.00152881403949272,0.000248301183963201,6.15709524655065,0.558017124414844,0.0906299321465684,1.24216112773744,0.201744666599616
49.8,95,144.8,3700,14,0.66,0.00153192334720587,0.000248808193509088,6.15704541558803,0.559152021730142,0.090814990630817,1.23963994338282,0.201336819807172
49.9,95,144.9,3700,14,0.66,0.001535032790274,0.000249315254074263,6.15699507025257,0.560286968450011,0.0910000677371059,1.23712886358482,0.200930624349853
50,95,145,3700,14,0.66,0.00153814236870895,0.000249822365624412,6.15694421460015,0.561421964578765,0.0911851634529104,1.23462782771603,0.200526070187272
50.1,95,145.1,3700,14,0.66,0.00154125208252248,0.000250329528125544,6.15689285264627,0.562557010120703,0.0913702777658235,1.23213677563314,0.200123147360533
50.2,95,145.2,3700,14,0.66,0.00154436193172637,0.000250836741543978,6.15684098836696,0.563692105080125,0.0915554106635518,1.22965564767209,0.199721845991388
50.3,95,145.3,3700,14,0.66,0.00154747191633245,0.000251344005846349,6.15678862569913,0.564827249461346,0.0917405621339173,1.22718438464322,0.199322156281412
50.4,95,145.4,3700,14,0.66,0.00155058203635247,0.000251851320999594,6.15673576854087,0.565962443268651,0.0919257321648518,1.22472292782672,0.198924068511222
50.5,95,145.5,3700,14,0.66,0.00155369229179824,0.000252358686970962,6.15668242075224,0.567097686506358,0.0921109207444012,1.2222712189678,0.198527573039647
50.6,95,145.6,3700,14,0.66,0.00155680268268155,0.000252866103728006,6.15662858615529,0.568232979178767,0.0922961278607224,1.21982920027224,0.198132660302966
50.7,95,145.7,3700,14,0.66,0.0015599132090142,0.000253373571238578,6.15657426853479,0.569368321290182,0.0924813535020811,1.21739681440176,0.19773932081412
50.8,95,145.8,3700,14,0.66,0.001563023870808,0.000253881089470827,6.15651947163873,0.570503712844921,0.0926665976568519,1.21497400446956,0.197347545161935
50.9,95,145.9,3700,14,0.66,0.00156613466807472,0.000254388658393192,6.15646419917843,0.571639153847272,0.092851860313515,1.21256071403593,0.196957324010387
51,95,146,3700,14,0.66,0.00156924560082618,0.00025489627797441,6.15640845482929,0.572774644301554,0.0930371414606597,1.21015688710378,0.19656864809782
51.1,95,146.1,3700,14,0.66,0.00157235666907417,0.000255403948183505,6.15635224223101,0.573910184212073,0.0932224410869792,1.20776246811437,0.196181508236229
51.2,95,146.2,3700,14,0.66,0.0015754678728305,0.000255911668989783,6.15629556498809,0.575045773583133,0.0934077591812707,1.20537740194301,0.195795895310517
51.3,95,146.3,3700,14,0.66,0.001578579212107,0.000256419440362842,6.15623842667022,0.576181412419055,0.0935930957324373,1.20300163389481,0.19541180027777
51.4,95,146.4,3700,14,0.66,0.00158169068691543,0.000256927262272549,6.15618083081259,0.577317100724131,0.0937784507294805,1.20063510970059,0.195029214166555
51.5,95,146.5,3700,14,0.66,0.00158480229726763,0.000257435134689058,6.15612278091654,0.578452838502683,0.093963824161506,1.1982777755126,0.194648128076191
51.6,95,146.6,3700,14,0.66,0.00158791404317539,0.000257943057582792,6.15606428044965,0.579588625759019,0.0941492160177192,1.19592957790055,0.19426853317607
51.7,95,146.7,3700,14,0.66,0.00159102592465054,0.000258451030924452,6.15600533284624,0.580724462497446,0.0943346262874251,1.19359046384755,0.193890420704962
51.8,95,146.8,3700,14,0.66,0.0015941379417049,0.000258959054685008,6.1559459415079,0.581860348722288,0.094520054960028,1.19126038074606,0.193513781970323
51.9,95,146.9,3700,14,0.66,0.00159725009435025,0.000259467128835692,6.15588610980356,0.58299628443784,0.0947055020250275,1.18893927639405,0.193138608347644
52,95,147,3700,14,0.66,0.00160036238259843,0.000259975253348004,6.15582584107025,0.584132269648426,0.0948909674720214,1.18662709899101,0.192764891279754
52.1,95,147.1,3700,14,0.66,0.00160347480646125,0.000260483428193709,6.15576513861305,0.585268304358356,0.0950764512907038,1.18432379713414,0.192392622276193
52.2,95,147.2,3700,14,0.66,0.00160658736595053,0.000260991653344828,6.15570400570577,0.586404388571943,0.095261953470862,1.18202931981452,0.19202179291254
52.3,95,147.3,3700,14,0.66,0.00160970006107811,0.000261499928773645,6.15564244559115,0.587540522293511,0.0954474740023804,1.17974361641337,0.191652394829777
52.4,95,147.4,3700,14,0.66,0.00161281289185579,0.000262008254452687,6.15558046148131,0.588676705527362,0.0956330128752308,1.17746663669831,0.191284419733661
52.5,95,147.5,3700,14,0.66,0.00161592585829538,0.000262516630354748,6.15551805655786,0.589812938277813,0.0958185700794832,1.17519833081969,0.19091785939409
52.6,95,147.6,3700,14,0.66,0.00161903896040873,0.000263025056452864,6.15545523397265,0.590949220549188,0.0960041456052953,1.17293864930693,0.190552705644474
52.7,95,147.7,3700,14,0.66,0.00162215219820766,0.000263533532720318,6.15539199684775,0.592085552345796,0.0961897394429161,1.17068754306494,0.190188950381139
52.8,95,147.8,3700,14,0.66,0.00162526557170402,0.000264042059130648,6.15532834827591,0.593221933671968,0.0963753515826865,1.16844496337054,0.189826585562705
52.9,95,147.9,3700,14,0.66,0.0016283790809096,0.000264550635657618,6.15526429132098,0.594358364532006,0.0965609820150307,1.16621086186904,0.189465603209503
53,95,148,3700,14,0.66,0.00163149272583625,0.000265059262275252,6.15519982901793,0.595494844930231,0.0967466307304669,1.16398519057063,0.189105995402971
53.1,95,148.1,3700,14,0.66,0.00163460650649581,0.000265567938957798,6.1551349643737,0.596631374870969,0.0969322977195964,1.16176790184701,0.188747754285064
53.2,95,148.2,3700,14,0.66,0.00163772042290009,0.00026607666567975,6.15506970036693,0.597767954358533,0.0971179829731088,1.15955894842801,0.188390872057694
53.3,95,148.3,3700,14,0.66,0.00164083447506097,0.000266585442415835,6.15500403994869,0.598904583397255,0.0973036864817799,1.15735828339817,0.188035340982135
53.4,95,148.4,3700,14,0.66,0.00164394866299025,0.000267094269141003,6.15493798604263,0.600041261991442,0.097489408236466,1.15516586019351,0.187681153378482
53.5,95,148.5,3700,14,0.66,0.00164706298669977,0.000267603145830446,6.15487154154517,0.601177990145417,0.0976751482281127,1.15298163259816,0.187328301625075
53.6,95,148.6,3700,14,0.66,0.00165017744620139,0.000268112072459578,6.1548047093261,0.602314767863508,0.097860906447746,1.15080555474114,0.186976778157945
53.7,95,148.7,3700,14,0.66,0.00165329204150694,0.000268621049004041,6.15473749222857,0.603451595150032,0.0980466828864748,1.14863758109317,0.186626575470282
53.8,95,148.8,3700,14,0.66,0.00165640677262828,0.0002691300754397,6.15466989306964,0.604588472009323,0.0982324775354904,1.14647766646344,0.186277686111876
53.9,95,148.9,3700,14,0.66,0.00165952163957723,0.000269639151742636,6.15460191464038,0.60572539844569,0.098418290386062,1.14432576599658,0.185930102688606
54,95,149,3700,14,0.66,0.00166263664236565,0.00027014827788916,6.15453355970612,0.606862374463461,0.0986041214295432,1.14218183516942,0.185583817861894
54.1,95,149.1,3700,14,0.66,0.00166575178100539,0.000270657453855793,6.15446483100703,0.607999400066966,0.0987899706573644,1.14004582978799,0.185238824348185
54.2,95,149.2,3700,14,0.66,0.00166886705550829,0.000271166679619275,6.15439573125807,0.609136475260526,0.0989758380610355,1.1379177059845,0.184895114918438
54.3,95,149.3,3700,14,0.66,0.00167198246588623,0.000271675955156564,6.15432626314934,0.610273600048472,0.099161723632146,1.13579742021429,0.184552682397614
54.4,95,149.4,3700,14,0.66,0.00167509801215102,0.000272185280444817,6.1542564293466,0.611410774435124,0.0993476273623583,1.1336849292529,0.184211519664166
54.5,95,149.5,3700,14,0.66,0.00167821369431454,0.000272694655461411,6.15418623249117,0.612547998424808,0.0995335492434151,1.1315801901931,0.183871619649547
54.6,95,149.6,3700,14,0.66,0.00168132951238865,0.000273204080183931,6.15411567520044,0.613685272021857,0.0997194892671349,1.12948316044198,0.183532975337711
54.7,95,149.7,3700,14,0.66,0.0016844454663852,0.000273713554590165,6.15404476006803,0.614822595230597,0.0999054474254102,1.12739379771814,0.183195579764629
54.8,95,149.8,3700,14,0.66,0.00168756155631606,0.000274223078658107,6.15397348966408,0.615959968055361,0.100091423710209,1.12531206004876,0.182859426017804
54.9,95,149.9,3700,14,0.66,0.00169067778219307,0.00027473265236595,6.1539018665355,0.61709739050047,0.100277418113572,1.12323790576687,0.182524507235801
55,95,150,3700,14,0.66,0.00169379414402809,0.00027524227569209,6.15382989320622,0.618234862570254,0.100463430627613,1.12117129350851,0.182190816607763
55.1,95,150.1,3700,14,0.66,0.00169691064183301,0.000275751948615124,6.15375757217748,0.61937238426905,0.10064946124452,1.11911218221,0.181858347372954
55.2,95,150.2,3700,14,0.66,0.00170002727561969,0.000276261671113842,6.15368490592797,0.620509955601187,0.100835509956552,1.11706053110523,0.181527092820294
55.3,95,150.3,3700,14,0.66,0.00170314404539999,0.000276771443167237,6.1536118969141,0.621647576570997,0.101021576756041,1.11501629972297,0.181197046287909
55.4,95,150.4,3700,14,0.66,0.00170626095118578,0.00027728126475448,6.15353854757044,0.622785247182808,0.101207661635385,1.1129794478842,0.180868201162667
55.5,95,150.5,3700,14,0.66,0.00170937799298891,0.00027779113585495,6.15346486030953,0.623922967440952,0.101393764587057,1.11094993569947,0.18054055087975
55.6,95,150.6,3700,14,0.66,0.00171249517082128,0.000278301056448209,6.15339083752266,0.625060737349768,0.101579885603596,1.10892772356629,0.180214088922189
55.7,95,150.7,3700,14,0.66,0.00171561248469476,0.000278811026514006,6.1533164815796,0.626198556913587,0.101766024677612,1.1069127721666,0.179888808820451
55.8,95,150.8,3700,14,0.66,0.00171872993462122,0.000279321046032283,6.15324179482908,0.627336426136746,0.101952181801783,1.10490504246417,0.179564704151995
55.9,95,150.9,3700,14,0.66,0.00172184752061253,0.000279831114983159,6.15316677959904,0.628474345023575,0.102138356968853,1.10290449570212,0.179241768540847
56,95,151,3700,14,0.66,0.00172496524268057,0.000280341233346941,6.15309143819672,0.629612313578408,0.102324550171633,1.10091109340038,0.178919995657178
56.1,95,151.1,3700,14,0.66,0.00172808310083722,0.000280851401104119,6.15301577290896,0.630750331805587,0.102510761403003,1.09892479735324,0.178599379216885
56.2,95,151.2,3700,14,0.66,0.00173120109509437,0.00028136161823536,6.15293978600244,0.631888399709447,0.102696990655906,1.09694556962696,0.17827991298118
56.3,95,151.3,3700,14,0.66,0.00173431922546391,0.000281871884721515,6.15286347972373,0.633026517294327,0.102883237923353,1.09497337255726,0.177961590756183
56.4,95,151.4,3700,14,0.66,0.0017374374919577,0.000282382200543603,6.15278685629979,0.634164684564559,0.103069503198415,1.09300816874703,0.177644406392512
56.5,95,151.5,3700,14,0.66,0.00174055589458762,0.000282892565682829,6.15270991793783,0.635302901524481,0.103255786474232,1.09104992106389,0.177328353784891
56.6,95,151.6,3700,14,0.66,0.00174367443336558,0.000283402980120564,6.15263266682587,0.636441168178438,0.103442087744006,1.08909859263788,0.177013426871743
56.7,95,151.7,3700,14,0.66,0.00174679310830347,0.000283913443838355,6.15255510513268,0.637579484530768,0.103628407001,1.08715414685915,0.17669961963481
56.8,95,151.8,3700,14,0.66,0.00174991191941318,0.000284423956817923,6.15247723500804,0.638717850585811,0.103814744238542,1.08521654737567,0.176386926098761
56.9,95,151.9,3700,14,0.66,0.00175303086670659,0.000284934519041151,6.15239905858304,0.639856266347904,0.10400109945002,1.08328575809097,0.17607534033081
57,95,152,3700,14,0.66,0.00175614995019558,0.000285445130490096,6.1523205779701,0.640994731821388,0.104187472628885,1.08136174316186,0.175764856440339
57.1,95,152.1,3700,14,0.66,0.00175926916989208,0.000285955791146981,6.15224179526343,0.642133247010609,0.104373863768648,1.07944446699626,0.175455468578514
57.2,95,152.2,3700,14,0.66,0.00176238852580797,0.000286466500994192,6.15216271253893,0.643271811919907,0.10456027286288,1.07753389425099,0.175147170937925
57.3,95,152.3,3700,14,0.66,0.00176550801795515,0.000286977260014285,6.15208333185446,0.644410426553629,0.104746699905214,1.07562998982956,0.174839957752219
57.4,95,152.4,3700,14,0.66,0.00176862764634551,0.000287488068189965,6.15200365525028,0.645549090916111,0.104933144889337,1.07373271888012,0.174533823295727
57.5,95,152.5,3700,14,0.66,0.00177174741099095,0.000287998925504112,6.1519236847488,0.646687805011698,0.105119607809001,1.07184204679321,0.174228761883117
57.6,95,152.6,3700,14,0.66,0.0017748673119034,0.00028850983193976,6.15184342235514,0.647826568844739,0.105306088658012,1.06995793919972,0.173924767869028
57.7,95,152.7,3700,14,0.66,0.00177798734909473,0.000289020787480099,6.15176287005708,0.648965382419578,0.105492587430236,1.06808036196883,0.173621835647726
57.8,95,152.8,3700,14,0.66,0.00178110752257688,0.000289531792108483,6.15168202982534,0.650104245740563,0.105679104119596,1.06620928120589,0.173319959652753
57.9,95,152.9,3700,14,0.66,0.00178422783236174,0.000290042845808411,6.15160090361379,0.651243158812034,0.10586563872007,1.06434466325044,0.173019134356584
58,95,153,3700,14,0.66,0.0017873482784612,0.000290553948563546,6.15151949335941,0.652382121638338,0.106052191225694,1.06248647467413,0.172719354270288
58.1,95,153.1,3700,14,0.66,0.0017904688608872,0.000291065100357698,6.15143780098281,0.653521134223828,0.10623876163056,1.06063468227876,0.172420613943183
58.2,95,153.2,3700,14,0.66,0.00179358957965164,0.000291576301174831,6.1513558283881,0.654660196572849,0.106425349928813,1.05878925309432,0.172122907962514
58.3,95,153.3,3700,14,0.66,0.00179671043476645,0.000292087550999062,6.15127357746314,0.655799308689753,0.106611956114658,1.05695015437697,0.171826230953114
58.4,95,153.4,3700,14,0.66,0.00179983142624352,0.00029259884981465,6.15119105007979,0.656938470578883,0.106798580182347,1.05511735360719,0.171530577577086
58.5,95,153.5,3700,14,0.66,0.00180295255409476,0.000293110197606008,6.15110824809396,0.658077682244589,0.106985222126193,1.05329081848778,0.171235942533472
58.6,95,153.6,3700,14,0.66,0.00180607381833213,0.000293621594357693,6.1510251733459,0.659216943691227,0.107171881940558,1.05147051694201,0.170942320557933
58.7,95,153.7,3700,14,0.66,0.00180919521896752,0.000294133040054409,6.1509418276602,0.660356254923144,0.107358559619859,1.04965641711173,0.170649706422441
58.8,95,153.8,3700,14,0.66,0.00181231675601286,0.000294644534681005,6.15085821284606,0.661495615944695,0.107545255158567,1.0478484873555,0.170358094934959
58.9,95,153.9,3700,14,0.66,0.00181543842948007,0.000295156078222466,6.15077433069745,0.662635026760226,0.1077319685512,1.0460466962468,0.170067480939134
59,95,154,3700,14,0.66,0.00181856023938107,0.000295667670663927,6.15069018299316,0.66377448737409,0.107918699792333,1.04425101257214,0.169777859313988
59.1,95,154.1,3700,14,0.66,0.0018216821857278,0.000296179311990658,6.15060577149714,0.664913997790645,0.10810544887659,1.04246140532928,0.169489224973613
59.2,95,154.2,3700,14,0.66,0.00182480426853217,0.000296691002188075,6.15052109795839,0.666053558014243,0.108292215798647,1.04067784372548,0.169201572866878
59.3,95,154.3,3700,14,0.66,0.00182792648780614,0.000297202741241727,6.15043616411133,0.66719316804924,0.10847900055323,1.03890029717569,0.168914897977126
59.4,95,154.4,3700,14,0.66,0.0018310488435616,0.000297714529137298,6.15035097167586,0.668332827899986,0.108665803135114,1.03712873530084,0.168629195321879
59.5,95,154.5,3700,14,0.66,0.00183417133581051,0.000298226365860612,6.15026552235753,0.669472537570835,0.108852623539124,1.03536312792607,0.168344459952551
59.6,95,154.6,3700,14,0.66,0.00183729396456479,0.000298738251397628,6.15017981784766,0.67061229706615,0.109039461760134,1.03360344507905,0.168060686954153
59.7,95,154.7,3700,14,0.66,0.00184041672983639,0.000299250185734439,6.15009385982343,0.671752106390284,0.10922631779307,1.03184965698824,0.167777871445017
59.8,95,154.8,3700,14,0.66,0.00184353963163725,0.000299762168857268,6.15000764994817,0.672891965547597,0.109413191632903,1.03010173408129,0.167496008576504
59.9,95,154.9,3700,14,0.66,0.00184666266997929,0.00030027420075247,6.14992118987132,0.674031874542442,0.109600083274652,1.02835964698328,0.167215093532735
60,95,155,3700,14,0.66,0.00184978584487445,0.000300786281406531,6.14983448122873,0.675171833379175,0.109786992713384,1.02662336651517,0.166935121530303
60.1,95,155.1,3700,14,0.66,0.00185290915633469,0.000301298410806067,6.14974752564272,0.676311842062163,0.109973919944214,1.02489286369206,0.166656087818004
60.2,95,155.2,3700,14,0.66,0.00185603260437195,0.000301810588937823,6.14966032472212,0.67745190059576,0.110160864962305,1.02316810972171,0.166377987676571
60.3,95,155.3,3700,14,0.66,0.00185915618899817,0.000302322815788672,6.14957288006257,0.678592008984332,0.110347827762865,1.02144907600282,0.166100816418397
60.4,95,155.4,3700,14,0.66,0.00186227991022529,0.000302835091345606,6.14948519324661,0.679732167232231,0.110534808341146,1.01973573412354,0.165824569387275
60.5,95,155.5,3700,14,0.66,0.00186540376806526,0.000303347415595753,6.14939726584365,0.680872375343819,0.11072180669245,1.01802805585985,0.165549241958136
60.6,95,155.6,3700,14,0.66,0.00186852776253004,0.000303859788526355,6.14930909941041,0.682012633323463,0.110908822812119,1.01632601317401,0.165274829536778
60.7,95,155.7,3700,14,0.66,0.00187165189363157,0.000304372210124786,6.14922069549068,0.683152941175524,0.111095856695547,1.01462957821308,0.165001327559624
60.8,95,155.8,3700,14,0.66,0.00187477616138182,0.000304884680378539,6.14913205561572,0.684293298904366,0.111282908338167,1.01293872330732,0.164728731493456
60.9,95,155.9,3700,14,0.66,0.00187790056579273,0.000305397199275224,6.14904318130426,0.685433706514347,0.111469977735457,1.01125342096878,0.164457036835166
61,95,156,3700,14,0.66,0.00188102510687625,0.000305909766802576,6.14895407406264,0.686574164009832,0.11165706488294,1.00957364388972,0.164186239111507
61.1,95,156.1,3700,14,0.66,0.00188414978464435,0.000306422382948448,6.14886473538502,0.687714671395189,0.111844169776183,1.00789936494118,0.163916333878838
61.2,95,156.2,3700,14,0.66,0.00188727459910899,0.00030693504770081,6.14877516675335,0.688855228674783,0.112031292410796,1.00623055717153,0.16364731672289
61.3,95,156.3,3700,14,0.66,0.00189039955028214,0.000307447761047756,6.14868536963748,0.68999583585298,0.112218432782431,1.00456719380497,0.163379183258518
61.4,95,156.4,3700,14,0.66,0.00189352463817573,0.000307960522977485,6.14859534549554,0.691136492934143,0.112405590886782,1.00290924824019,0.16311192912946
61.5,95,156.5,3700,14,0.66,0.00189664986280174,0.000308473333478319,6.14850509577371,0.692277199922637,0.112592766719586,1.00125669404887,0.162845550008099
61.6,95,156.6,3700,14,0.66,0.00189977522417215,0.000308986192538693,6.14841462190662,0.693417956822835,0.112779960276623,0.999609504974272,0.162580041595226
61.7,95,156.7,3700,14,0.66,0.00190290072229891,0.000309499100147156,6.14832392531724,0.694558763639103,0.112967171553712,0.997967654929927,0.162315399619813
61.8,95,156.8,3700,14,0.66,0.00190602635719401,0.000310012056292373,6.14823300741708,0.695699620375813,0.113154400546716,0.996331117998183,0.162051619838779
61.9,95,156.9,3700,14,0.66,0.00190915212886939,0.00031052506096311,6.14814186960644,0.696840527037327,0.113341647251535,0.994699868428887,0.161788698036755
62,95,157,3700,14,0.66,0.00191227803733703,0.000311038114148257,6.14805051327419,0.697981483628015,0.113528911664114,0.993073880638005,0.161526630025871
62.1,95,157.1,3700,14,0.66,0.00191540408260891,0.000311551215836804,6.14795893979831,0.699122490152254,0.113716193780434,0.991453129206289,0.161265411645513
62.2,95,157.2,3700,14,0.66,0.00191853026469702,0.000312064366017859,6.14786715054554,0.700263546614411,0.113903493596519,0.989837588877971,0.161005038762124
62.3,95,157.3,3700,14,0.66,0.00192165658361332,0.000312577564680634,6.14777514687181,0.70140465301886,0.114090811108431,0.988227234559431,0.160745507268963
62.4,95,157.4,3700,14,0.66,0.00192478303936978,0.000313090811814443,6.14768293012228,0.702545809369968,0.114278146312272,0.986622041317916,0.1604868130859
62.5,95,157.5,3700,14,0.66,0.00192790963197838,0.000313604107408714,6.14759050163131,0.703687015672108,0.114465499204181,0.985021984380235,0.1602289521592
62.6,95,157.6,3700,14,0.66,0.00193103636145112,0.00031411745145298,6.14749786272275,0.704828271929657,0.114652869780338,0.983427039131487,0.159971920461299
62.7,95,157.7,3700,14,0.66,0.00193416322779997,0.000314630843936879,6.14740501470986,0.705969578146988,0.114840258036961,0.981837181113812,0.159715713990605
62.8,95,157.8,3700,14,0.66,0.00193729023103692,0.000315144284850152,6.14731195889555,0.707110934328477,0.115027663970305,0.980252386025126,0.159460328771283
62.9,95,157.9,3700,14,0.66,0.00194041737117395,0.000315657774182638,6.14721869657244,0.708252340478493,0.115215087576663,0.978672629717902,0.159205760853049
63,95,158,3700,14,0.66,0.00194354464822305,0.000316171311924288,6.14712522902285,0.709393796601411,0.115402528852365,0.977097888197922,0.158952006310963
63.1,95,158.1,3700,14,0.66,0.0019466720621962,0.00031668489806515,6.14703155751912,0.710535302701615,0.11558998779378,0.975528137623063,0.158699061245226
63.2,95,158.2,3700,14,0.66,0.00194979961310541,0.000317198532595373,6.1469376833235,0.711676858783476,0.115777464397311,0.973963354302112,0.158446921780979
63.3,95,158.3,3700,14,0.66,0.00195292730096267,0.000317712215505208,6.14684360768829,0.712818464851376,0.115964958659401,0.972403514693559,0.158195584068107
63.4,95,158.4,3700,14,0.66,0.00195605512577996,0.000318225946785001,6.14674933185604,0.713960120909686,0.116152470576525,0.97084859540443,0.157945044281036
63.5,95,158.5,3700,14,0.66,0.00195918308756927,0.000318739726425203,6.14665485705945,0.715101826962784,0.116340000145199,0.9692985731891,0.157695298618542
63.6,95,158.6,3700,14,0.66,0.00196231118634262,0.000319253554416355,6.14656018452177,0.716243583015056,0.116527547361969,0.967753424948137,0.157446343303548
63.7,95,158.7,3700,14,0.66,0.00196543942211199,0.000319767430749104,6.14646531545646,0.717385389070877,0.116715112223423,0.96621312772717,0.15719817458295
63.8,95,158.8,3700,14,0.66,0.0019685677948894,0.000320281355414188,6.14637025106768,0.718527245134631,0.116902694726179,0.964677658715738,0.156950788727406
63.9,95,158.9,3700,14,0.66,0.00197169630468683,0.000320795328402439,6.14627499255017,0.719669151210693,0.11709029486689,0.963146995246177,0.156704182031165
64,95,159,3700,14,0.66,0.00197482495151628,0.000321309349704787,6.14617954108933,0.720811107303443,0.117277912642247,0.96162111479249,0.156458350811869
64.1,95,159.1,3700,14,0.66,0.00197795373538978,0.000321823419312257,6.14608389786145,0.721953113417269,0.117465548048974,0.960099994969237,0.156213291410374
64.2,95,159.2,3700,14,0.66,0.00198108265631932,0.000322337537215966,6.14598806403362,0.723095169556551,0.117653201083827,0.958583613530468,0.155969000190565
64.3,95,159.3,3700,14,0.66,0.00198421171431692,0.000322851703407125,6.14589204076391,0.724237275725674,0.1178408717436,0.95707194836861,0.155725473539176
64.4,95,159.4,3700,14,0.66,0.00198734090939457,0.000323365917877029,6.14579582920152,0.725379431929017,0.118028560025116,0.955564977513416,0.155482707865609
64.5,95,159.5,3700,14,0.66,0.00199047024156428,0.000323880180617078,6.14569943048661,0.726521638170962,0.118216265925234,0.954062679130881,0.15524069960176
64.6,95,159.6,3700,14,0.66,0.00199359971083809,0.000324394491618752,6.1456028457508,0.727663894455902,0.118403989440845,0.952565031522189,0.154999445201835
64.7,95,159.7,3700,14,0.66,0.00199672931722799,0.000324908850873626,6.1455060761168,0.728806200788217,0.118591730568873,0.951072013122685,0.154758941142183
64.8,95,159.8,3700,14,0.66,0.00199985906074602,0.000325423258373362,6.14540912269877,0.729948557172297,0.118779489306277,0.949583602500819,0.15451918392112
64.9,95,159.9,3700,14,0.66,0.00200298894140417,0.000325937714109711,6.14531198660232,0.731090963612522,0.118967265650045,0.948099778357147,0.154280170058761
65,95,160,3700,14,0.66,0.00200611895921447,0.000326452218074513,6.14521466892458,0.73223342011328,0.119155059597197,0.946620519523286,0.154041896096845
65.1,95,160.1,3700,14,0.66,0.00200924911418894,0.000326966770259693,6.14511717075438,0.733375926678963,0.119342871144788,0.945145804960915,0.153804358598567
65.2,95,160.2,3700,14,0.66,0.00201237940633961,0.000327481370657266,6.14501949317207,0.734518483313956,0.119530700289902,0.943675613760794,0.153567554148419
65.3,95,160.3,3700,14,0.66,0.0020155098356785,0.000327996019259331,6.1449216372499,0.735661090022652,0.119718547029656,0.942209925141755,0.153331479352018
65.4,95,160.4,3700,14,0.66,0.00201864040221763,0.000328510716058069,6.14482360405194,0.736803746809434,0.119906411361195,0.940748718449745,0.153096130835946
65.5,95,160.5,3700,14,0.66,0.00202177110596902,0.00032902546104575,6.1447253946341,0.737946453678691,0.120094293281699,0.939291973156833,0.152861505247586
65.6,95,160.6,3700,14,0.66,0.00202490194694471,0.000329540254214729,6.14462701004437,0.73908921063482,0.120282192788376,0.937839668860253,0.15262759925496
65.7,95,160.7,3700,14,0.66,0.00202803292515674,0.00033005509555744,6.14452845132275,0.740232017682208,0.120470109878465,0.936391785281466,0.152394409546576
65.8,95,160.8,3700,14,0.66,0.00203116404061713,0.000330569985066405,6.14442971950133,0.741374874825252,0.120658044549238,0.934948302265202,0.152161932831267
65.9,95,160.9,3700,14,0.66,0.0020342952933379,0.00033108492273422,6.14433081560451,0.742517782068335,0.12084599679799,0.933509199778536,0.151930165838034
66,95,161,3700,14,0.66,0.0020374266833311,0.000331599908553571,6.14423174064883,0.743660739415852,0.121033966622053,0.932074457909953,0.151699105315895
66.1,95,161.1,3700,14,0.66,0.00204055821060877,0.00033211494251722,6.14413249564333,0.744803746872202,0.121221954018785,0.93064405686842,0.151468748033725
66.2,95,161.2,3700,14,0.66,0.00204368987518294,0.000332630024618013,6.14403308158932,0.745946804441775,0.121409958985575,0.929217976982499,0.151239090780112
66.3,95,161.3,3700,14,0.66,0.00204682167706567,0.000333145154848876,6.14393349948063,0.747089912128969,0.12159798151984,0.927796198699426,0.151010130363204
66.4,95,161.4,3700,14,0.66,0.00204995361626897,0.000333660333202805,6.14383375030368,0.748233069938172,0.121786021619024,0.926378702584238,0.150781863610559
66.5,95,161.5,3700,14,0.66,0.00205308569280488,0.000334175559672885,6.14373383503744,0.749376277873781,0.121974079280603,0.924965469318863,0.150554287368998
66.6,95,161.6,3700,14,0.66,0.00205621790668548,0.000334690834252275,6.14363375465367,0.750519535940199,0.122162154502081,0.92355647970125,0.150327398504456
66.7,95,161.7,3700,14,0.66,0.00205935025792279,0.000335206156934211,6.14353351011677,0.751662844141817,0.122350247280987,0.92215171464451,0.150101193901843
66.8,95,161.8,3700,14,0.66,0.00206248274652887,0.000335721527712011,6.14343310238392,0.752806202483037,0.122538357614884,0.920751155176041,0.149875670464898
66.9,95,161.9,3700,14,0.66,0.00206561537251576,0.000336236946579058,6.14333253240532,0.753949610968251,0.122726485501356,0.919354782436692,0.149650825116044
67,95,162,3700,14,0.66,0.0020687481358955,0.000336752413528821,6.14323180112396,0.755093069601858,0.12291463093802,0.917962577679895,0.14942665479625
67.1,95,162.1,3700,14,0.66,0.00207188103668017,0.000337267928554841,6.14313090947594,0.756236578388261,0.123102793922517,0.916574522270827,0.149203156464888
67.2,95,162.2,3700,14,0.66,0.0020750140748818,0.000337783491650732,6.14302985839037,0.757380137331859,0.123290974452517,0.9151905976856,0.148980327099599
67.3,95,162.3,3700,14,0.66,0.00207814725051247,0.000338299102810188,6.14292864878946,0.758523746437053,0.123479172525719,0.913810785510414,0.148758163696153
67.4,95,162.4,3700,14,0.66,0.00208128056358422,0.000338814762026964,6.14282728158871,0.75966740570824,0.123667388139842,0.91243506744076,0.148536663268315
67.5,95,162.5,3700,14,0.66,0.0020844140141091,0.000339330469294902,6.14272575769668,0.76081111514982,0.123855621292639,0.911063425280596,0.148315822847709
67.6,95,162.6,3700,14,0.66,0.00208754760209918,0.000339846224607908,6.14262407801545,0.761954874766202,0.124043871981886,0.909695840941539,0.148095639483678
67.7,95,162.7,3700,14,0.66,0.00209068132756653,0.000340362027959962,6.14252224344034,0.763098684561785,0.124232140205386,0.908332296442092,0.147876110243167
67.8,95,162.8,3700,14,0.66,0.00209381519052322,0.000340877879345121,6.14242025486006,0.764242544540974,0.124420425960969,0.906972773906835,0.147657232210579
67.9,95,162.9,3700,14,0.66,0.00209694919098128,0.000341393778757502,6.1423181131569,0.765386454708168,0.124608729246488,0.905617255565665,0.147439002487648
68,95,163,3700,14,0.66,0.00210008332895281,0.000341909726191298,6.14221581920665,0.766530415067775,0.124797050059824,0.904265723752995,0.147221418193311
68.1,95,163.1,3700,14,0.66,0.00210321760444985,0.000342425721640774,6.14211337387866,0.767674425624195,0.124985388398883,0.902918160907012,0.147004476463584
68.2,95,163.2,3700,14,0.66,0.0021063520174845,0.000342941765100265,6.14201077803594,0.768818486381841,0.125173744261597,0.901574549568891,0.146788174451428
68.3,95,163.3,3700,14,0.66,0.00210948656806882,0.000343457856564169,6.14190803253527,0.769962597345118,0.125362117645922,0.900234872382064,0.146572509326628
68.4,95,163.4,3700,14,0.66,0.00211262125621487,0.000343973996026957,6.1418051382271,0.771106758518428,0.125550508549839,0.898899112091469,0.14635747827567
68.5,95,163.5,3700,14,0.66,0.00211575608193474,0.000344490183483165,6.14170209595577,0.772250969906179,0.125738916971355,0.897567251542793,0.146143078501614
68.6,95,163.6,3700,14,0.66,0.00211889104524049,0.000345006418927398,6.14159890655941,0.773395231512778,0.1259273429085,0.896239273681756,0.145929307223978
68.7,95,163.7,3700,14,0.66,0.00212202614614421,0.000345522702354331,6.14149557087017,0.774539543342638,0.126115786359331,0.894915161553364,0.145716161678607
68.8,95,163.8,3700,14,0.66,0.00212516138465799,0.000346039033758703,6.14139208971407,0.775683905400168,0.126304247321926,0.893594898301206,0.145503639117562
68.9,95,163.9,3700,14,0.66,0.0021282967607939,0.000346555413135314,6.14128846391123,0.776828317689772,0.12649272579439,0.892278467166738,0.145291736809
69,95,164,3700,14,0.66,0.00213143227456401,0.000347071840479037,6.14118469427585,0.777972780215863,0.126681221774848,0.890965851488556,0.14508045203705
69.1,95,164.1,3700,14,0.66,0.00213456792598041,0.000347588315784806,6.14108078161618,0.779117292982848,0.126869735261454,0.889657034701711,0.144869782101706
69.2,95,164.2,3700,14,0.66,0.00213770371505519,0.000348104839047622,6.14097672673476,0.780261855995146,0.127058266252382,0.888352000336996,0.144659724318699
69.3,95,164.3,3700,14,0.66,0.00214083964180046,0.00034862141026255,6.14087253042826,0.781406469257167,0.127246814745831,0.887050732020271,0.144450276019393
69.4,95,164.4,3700,14,0.66,0.00214397570622827,0.000349138029424715,6.14076819348771,0.782551132773318,0.127435380740021,0.885753213471776,0.144241434550667
69.5,95,164.5,3700,14,0.66,0.00214711190835073,0.000349654696529309,6.14066371669842,0.783695846548015,0.127623964233198,0.884459428505441,0.144033197274802
69.6,95,164.6,3700,14,0.66,0.00215024824817992,0.000350171411571585,6.14055910084008,0.784840610585669,0.127812565223629,0.883169361028222,0.143825561569369
69.7,95,164.7,3700,14,0.66,0.00215338472572795,0.000350688174546861,6.14045434668684,0.7859854248907,0.128001183709604,0.881882995039425,0.143618524827117
69.8,95,164.8,3700,14,0.66,0.00215652134100691,0.000351204985450516,6.14034945500727,0.787130289467522,0.128189819689438,0.880600314630054,0.143412084455869
69.9,95,164.9,3700,14,0.66,0.00215965809402889,0.000351721844277984,6.14024442656453,0.788275204320546,0.128378473161464,0.87932130398216,0.143206237878406
70,95,165,3700,14,0.66,0.002162794984806,0.00035223875102477,6.1401392621163,0.789420169454189,0.128567144124041,0.878045947368171,0.143000982532363
70.1,95,165.1,3700,14,0.66,0.00216593201335031,0.000352755705686433,6.14003396241484,0.790565184872865,0.128755832575548,0.876774229150268,0.142796315870122
70.2,95,165.2,3700,14,0.66,0.00216906917967397,0.000353272708258597,6.13992852820717,0.791710250580998,0.128944538514388,0.875506133779723,0.142592235358702
70.3,95,165.3,3700,14,0.66,0.00217220648378905,0.000353789758736944,6.1398229602349,0.792855366583004,0.129133261938984,0.874241645796288,0.142388738479658
70.4,95,165.4,3700,14,0.66,0.00217534392570766,0.00035430685711721,6.13971725923449,0.794000532883297,0.129322002847782,0.872980749827563,0.142185822728978
70.5,95,165.5,3700,14,0.66,0.00217848150544191,0.000354824003395197,6.13961142593715,0.795145749486298,0.129510761239247,0.871723430588356,0.141983485616974
70.6,95,165.6,3700,14,0.66,0.0021816192230039,0.000355341197566764,6.13950546106887,0.796291016396424,0.129699537111869,0.870469672880085,0.141781724668185
70.7,95,165.7,3700,14,0.66,0.00218475707840575,0.000355858439627826,6.13939936535066,0.7974363336181,0.129888330464157,0.869219461590147,0.141580537421269
70.8,95,165.8,3700,14,0.66,0.00218789507165958,0.000356375729574362,6.13929313949829,0.798581701155747,0.130077141294642,0.867972781691327,0.141379921428912
70.9,95,165.9,3700,14,0.66,0.00219103320277748,0.000356893067402397,6.13918678422265,0.79972711901378,0.130265969601875,0.866729618241196,0.141179874257718
71,95,166,3700,14,0.66,0.00219417147177157,0.000357410453108021,6.13908030022956,0.800872587196624,0.130454815384428,0.8654899563815,0.140980393488115
71.1,95,166.1,3700,14,0.66,0.00219730987865397,0.000357927886687382,6.13897368821984,0.802018105708698,0.130643678640894,0.86425378133758,0.140781476714261
71.2,95,166.2,3700,14,0.66,0.0022004484234368,0.000358445368136679,6.13886694888953,0.803163674554432,0.130832559369888,0.863021078417771,0.140583121543933
71.3,95,166.3,3700,14,0.66,0.00220358710613219,0.000358962897452171,6.13876008292973,0.804309293738248,0.131021457570042,0.861791833012837,0.140385325598447
71.4,95,166.4,3700,14,0.66,0.00220672592675223,0.000359480474630167,6.13865309102672,0.805454963264564,0.131210373240011,0.860566030595394,0.140188086512551
71.5,95,166.5,3700,14,0.66,0.00220986488530907,0.000359998099667039,6.13854597386198,0.806600683137809,0.131399306378469,0.859343656719318,0.139991401934337
71.6,95,166.6,3700,14,0.66,0.00221300398181481,0.000360515772559205,6.13843873211228,0.807746453362405,0.13158825698411,0.858124697019198,0.139795269525141
71.7,95,166.7,3700,14,0.66,0.0022161432162816,0.000361033493303145,6.13833136644968,0.808892273942783,0.131777225055648,0.856909137209753,0.139599686959451
71.8,95,166.8,3700,14,0.66,0.00221928258872156,0.000361551261895389,6.13822387754155,0.810038144883369,0.131966210591817,0.855696963085296,0.139404651924819
71.9,95,166.9,3700,14,0.66,0.00222242209914681,0.00036206907833252,6.13811626605066,0.811184066188585,0.13215521359137,0.854488160519171,0.139210162121768
72,95,167,3700,14,0.66,0.00222556174756948,0.000362586942611173,6.13800853263518,0.812330037862861,0.132344234053078,0.853282715463199,0.139016215263693
72.1,95,167.1,3700,14,0.66,0.00222870153400171,0.000363104854728043,6.13790067794867,0.813476059910623,0.132533271975736,0.852080613947141,0.138822809076786
72.2,95,167.2,3700,14,0.66,0.00223184145845563,0.00036362281467987,6.1377927026403,0.814622132336305,0.132722327358152,0.850881842078149,0.138629941299928
72.3,95,167.3,3700,14,0.66,0.00223498152094339,0.00036414082246345,6.13768460735467,0.815768255144337,0.132911400199159,0.849686386040242,0.138437609684616
72.4,95,167.4,3700,14,0.66,0.0022381217214771,0.000364658878075627,6.13757639273199,0.816914428339142,0.133100490497604,0.848494232093775,0.138245811994869
72.5,95,167.5,3700,14,0.66,0.00224126206006891,0.000365176981513301,6.137468059408,0.818060651925153,0.133289598252355,0.847305366574902,0.138054546007141
72.6,95,167.6,3700,14,0.66,0.00224440253673096,0.000365695132773421,6.13735960801414,0.8192069259068,0.133478723462299,0.846119775895063,0.137863809510234
72.7,95,167.7,3700,14,0.66,0.00224754315147539,0.000366213331852986,6.1372510391775,0.820353250288519,0.13366786612634,0.844937446540457,0.13767360030521
72.8,95,167.8,3700,14,0.66,0.00225068390431436,0.000366731578749051,6.13714235352084,0.821499625074743,0.133857026243404,0.843758365071537,0.137483916205313
72.9,95,167.9,3700,14,0.66,0.00225382479526,0.000367249873458709,6.13703355166275,0.822646050269898,0.134046203812429,0.842582518122507,0.137294755035879
73,95,168,3700,14,0.66,0.00225696582432444,0.000367768215979114,6.13692463421749,0.823792525878422,0.134235398832377,0.841409892400799,0.137106114634254
73.1,95,168.1,3700,14,0.66,0.00226010699151985,0.000368286606307463,6.1368156017952,0.824939051904744,0.134424611302224,0.840240474686587,0.13691799284971
73.2,95,168.2,3700,14,0.66,0.00226324829685837,0.000368805044441009,6.13670645500182,0.826085628353307,0.134613841220968,0.839074251832275,0.136730387543366
73.3,95,168.3,3700,14,0.66,0.00226638974035217,0.000369323530377048,6.1365971944392,0.827232255228543,0.134803088587623,0.83791121076202,0.136543296588101
73.4,95,168.4,3700,14,0.66,0.00226953132201338,0.000369842064112923,6.13648782070509,0.828378932534885,0.134992353401217,0.836751338471244,0.136356717868479
73.5,95,168.5,3700,14,0.66,0.00227267304185416,0.000370360645646028,6.1363783343932,0.82952566027677,0.1351816356608,0.835594622026132,0.136170649280666
73.6,95,168.6,3700,14,0.66,0.00227581489988667,0.000370879274973808,6.13626873609313,0.830672438458633,0.13537093536544,0.834441048563168,0.13598508873235
73.7,95,168.7,3700,14,0.66,0.00227895689612306,0.00037139795209375,6.13615902639064,0.831819267084917,0.135560252514219,0.833290605288642,0.13580003414266
73.8,95,168.8,3700,14,0.66,0.00228209903057551,0.000371916677003393,6.1360492058674,0.832966146160061,0.135749587106238,0.832143279478194,0.135615483442096
73.9,95,168.9,3700,14,0.66,0.00228524130325615,0.000372435449700316,6.13593927510123,0.834113075688496,0.135938939140615,0.830999058476341,0.135431434572441
74,95,169,3700,14,0.66,0.00228838371417717,0.00037295427018215,6.13582923466602,0.835260055674666,0.136128308616485,0.829857929696001,0.135247885486691
74.1,95,169.1,3700,14,0.66,0.0022915262633507,0.000373473138446572,6.13571908513181,0.836407086123007,0.136317695532999,0.828719880618045,0.135064834148978
74.2,95,169.2,3700,14,0.66,0.00229466895078895,0.000373992054491304,6.13560882706482,0.837554167037966,0.136507099889326,0.827584898790821,0.134882278534488
74.3,95,169.3,3700,14,0.66,0.00229781177650406,0.000374511018314115,6.13549846102741,0.838701298423983,0.136696521684652,0.82645297182972,0.134700216629396
74.4,95,169.4,3700,14,0.66,0.0023009547405082,0.000375030029912815,6.13538798757827,0.839848480285494,0.136885960918177,0.825324087416721,0.134518646430784
74.5,95,169.5,3700,14,0.66,0.00230409784281355,0.000375549089285262,6.13527740727227,0.840995712626945,0.137075417589121,0.824198233299932,0.134337565946569
74.6,95,169.6,3700,14,0.66,0.00230724108343226,0.000376068196429362,6.13516672066056,0.842142995452774,0.137264891696717,0.823075397293162,0.134156973195432
74.7,95,169.7,3700,14,0.66,0.00231038446237653,0.000376587351343058,6.13505592829073,0.843290328767433,0.137454383240216,0.821955567275461,0.133976866206738
74.8,95,169.8,3700,14,0.66,0.00231352797965853,0.000377106554024346,6.13494503070654,0.844437712575363,0.137643892218886,0.820838731190709,0.133797243020477
74.9,95,169.9,3700,14,0.66,0.00231667163529042,0.000377625804471258,6.13483402844826,0.845585146881005,0.137833418632009,0.81972487704717,0.13361810168718
75,95,170,3700,14,0.66,0.0023198154292844,0.000378145102681873,6.13472292205255,0.846732631688806,0.138022962478883,0.818613992917062,0.133439440267853
75.1,95,170.1,3700,14,0.66,0.00232295936165262,0.000378664448654313,6.13461171205243,0.847880167003208,0.138212523758824,0.817506066936134,0.133261256833911
75.2,95,170.2,3700,14,0.66,0.0023261034324073,0.000379183842386744,6.1345003989775,0.849027752828665,0.138402102471162,0.816401087303236,0.133083549467095
75.3,95,170.3,3700,14,0.66,0.00232924764156061,0.000379703283877377,6.13438898335371,0.850175389169623,0.138591698615243,0.815299042279913,0.13290631625942
75.4,95,170.4,3700,14,0.66,0.00233239198912472,0.000380222773124457,6.13427746570367,0.851323076030523,0.138781312190427,0.814199920189986,0.132729555313095
75.5,95,170.5,3700,14,0.66,0.00233553647511183,0.000380742310126279,6.13416584654647,0.852470813415816,0.138970943196092,0.813103709419132,0.132553264740455
75.6,95,170.6,3700,14,0.66,0.00233868109953411,0.000381261894881179,6.13405412639771,0.853618601329949,0.13916059163163,0.812010398414482,0.132377442663902
75.7,95,170.7,3700,14,0.66,0.00234182586240377,0.000381781527387532,6.13394230576974,0.854766439777377,0.139350257496449,0.810919975684206,0.132202087215824
75.8,95,170.8,3700,14,0.66,0.00234497076373301,0.000382301207643758,6.13383038517141,0.855914328762548,0.139539940789972,0.80983242979712,0.132027196538544
75.9,95,170.9,3700,14,0.66,0.002348115803534,0.000382820935648312,6.13371836510831,0.857062268289908,0.139729641511634,0.808747749382292,0.131852768784243
76,95,171,3700,14,0.66,0.00235126098181893,0.000383340711399695,6.13360624608264,0.858210258363911,0.139919359660889,0.807665923128627,0.131678802114899
76.1,95,171.1,3700,14,0.66,0.00235440629860001,0.00038386053489645,6.13349402859333,0.859358298989005,0.140109095237204,0.806586939784489,0.131505294702223
76.2,95,171.2,3700,14,0.66,0.00235755175388945,0.000384380406137154,6.1333817131361,0.860506390169649,0.140298848240061,0.805510788157298,0.131332244727587
76.3,95,171.3,3700,14,0.66,0.00236069734769944,0.000384900325120433,6.13326930020334,0.861654531910294,0.140488618668958,0.804437457113158,0.131159650381973
76.4,95,171.4,3700,14,0.66,0.00236384308004216,0.000385420291844942,6.1331567902843,0.862802724215389,0.140678406523404,0.803366935576468,0.130987509865899
76.5,95,171.5,3700,14,0.66,0.00236698895092984,0.000385940306309384,6.13304418386499,0.863950967089391,0.140868211802925,0.802299212529531,0.130815821389359
76.6,95,171.6,3700,14,0.66,0.00237013496037466,0.000386460368512498,6.13293148142824,0.86509926053675,0.141058034507062,0.801234277012192,0.130644583171766
76.7,95,171.7,3700,14,0.66,0.00237328110838885,0.000386980478453064,6.13281868345381,0.866247604561929,0.141247874635368,0.800172118121443,0.130473793441878
76.8,95,171.8,3700,14,0.66,0.00237642739498461,0.000387500636129903,6.13270579041825,0.867395999169382,0.141437732187414,0.79911272501107,0.130303450437751
76.9,95,171.9,3700,14,0.66,0.00237957382017414,0.000388020841541863,6.13259280279513,0.868544444363561,0.14162760716278,0.798056086891281,0.130133552406666
77,95,172,3700,14,0.66,0.00238272038396966,0.000388541094687845,6.13247972105483,0.869692940148925,0.141817499561063,0.797002193028326,0.129964097605077
77.1,95,172.1,3700,14,0.66,0.00238586708638336,0.000389061395566779,6.13236654566477,0.870841486529928,0.142007409381874,0.795951032744148,0.129795084298547
77.2,95,172.2,3700,14,0.66,0.00238901392742749,0.000389581744177636,6.13225327708934,0.871990083511034,0.142197336624837,0.794902595416011,0.129626510761687
77.3,95,172.3,3700,14,0.66,0.00239216090711425,0.000390102140519429,6.13213991578986,0.873138731096702,0.142387281289592,0.79385687047615,0.129458375278102
77.4,95,172.4,3700,14,0.66,0.00239530802545585,0.000390622584591196,6.13202646222478,0.874287429291387,0.142577243375787,0.792813847411421,0.129290676140327
77.5,95,172.5,3700,14,0.66,0.00239845528246452,0.000391143076392025,6.13191291684952,0.875436178099549,0.142767222883089,0.791773515762933,0.129123411649775
77.6,95,172.6,3700,14,0.66,0.00240160267815246,0.000391663615921035,6.13179928011658,0.876584977525647,0.142957219811178,0.790735865125712,0.128956580116673
77.7,95,172.7,3700,14,0.66,0.00240475021253191,0.000392184203177382,6.13168555247561,0.877733827574147,0.143147234159744,0.789700885148341,0.128790179860007
77.8,95,172.8,3700,14,0.66,0.0024078978856151,0.000392704838160262,6.13157173437329,0.878882728249512,0.143337265928496,0.788668565532628,0.128624209207468
77.9,95,172.9,3700,14,0.66,0.00241104569741424,0.000393225520868899,6.13145782625354,0.880031679556197,0.143527315117148,0.787638896033267,0.128458666495392
78,95,173,3700,14,0.66,0.00241419364794156,0.000393746251302563,6.13134382855735,0.881180681498669,0.143717381725435,0.786611866457484,0.128293550068708
78.1,95,173.1,3700,14,0.66,0.00241734173720928,0.000394267029460552,6.1312297417229,0.882329734081387,0.143907465753102,0.785587466664711,0.128128858280877
78.2,95,173.2,3700,14,0.66,0.00242048996522965,0.000394787855342205,6.13111556618566,0.883478837308821,0.144097567199905,0.784565686566247,0.127964589493841
78.3,95,173.3,3700,14,0.66,0.0024236383320149,0.000395308728946898,6.13100130237819,0.884627991185437,0.144287686065618,0.783546516124931,0.12780074207797
78.4,95,173.4,3700,14,0.66,0.00242678683757724,0.000395829650274031,6.13088695073042,0.885777195715693,0.144477822350021,0.782529945354818,0.127637314412002
78.5,95,173.5,3700,14,0.66,0.00242993548192893,0.00039635061932305,6.13077251166947,0.886926450904058,0.144667976052913,0.78151596432084,0.127474304882995
78.6,95,173.6,3700,14,0.66,0.00243308426508218,0.000396871636093432,6.13065798561975,0.888075756754995,0.144858147174103,0.780504563138495,0.127311711886272
78.7,95,173.7,3700,14,0.66,0.00243623318704925,0.000397392700584688,6.13054337300307,0.889225113272977,0.145048335713411,0.779495731973509,0.127149533825363
78.8,95,173.8,3700,14,0.66,0.00243938224784239,0.000397913812796369,6.1304286742384,0.890374520462472,0.145238541670675,0.778489461041535,0.126987769111962
78.9,95,173.9,3700,14,0.66,0.00244253144747381,0.000398434972728047,6.13031388974223,0.891523978327942,0.145428765045737,0.777485740607837,0.126826416165866
79,95,174,3700,14,0.66,0.00244568078595578,0.00039895618037934,6.13019901992831,0.892673486873858,0.145619005838459,0.776484560986959,0.12666547341493
79.1,95,174.1,3700,14,0.66,0.00244883026330051,0.000399477435749897,6.13008406520779,0.893823046104687,0.145809264048713,0.775485912542427,0.126504939295011
79.2,95,174.2,3700,14,0.66,0.00245197987952029,0.000399998738839397,6.1299690259893,0.894972656024904,0.14599953967638,0.774489785686432,0.126344812249918
79.3,95,174.3,3700,14,0.66,0.00245512963462734,0.000400520089647558,6.1298539026788,0.896122316638981,0.146189832721359,0.77349617087953,0.126185090731364
79.4,95,174.4,3700,14,0.66,0.00245827952863392,0.000401041488174121,6.12973869567979,0.897272027951382,0.146380143183554,0.772505058630339,0.126025773198913
79.5,95,174.5,3700,14,0.66,0.00246142956155228,0.000401562934418872,6.12962340539316,0.898421789966581,0.146570471062888,0.771516439495227,0.125866858119931
79.6,95,174.6,3700,14,0.66,0.00246457973339465,0.00040208442838162,6.12950803221733,0.899571602689048,0.146760816359291,0.770530304078021,0.125708343969538
79.7,95,174.7,3700,14,0.66,0.00246773004417332,0.000402605970062214,6.1293925765482,0.900721466123263,0.146951179072708,0.769546643029699,0.125550229230557
79.8,95,174.8,3700,14,0.66,0.00247088049390054,0.000403127559460534,6.12927703877917,0.901871380273697,0.147141559203095,0.768565447048105,0.125392512393466
79.9,95,174.9,3700,14,0.66,0.00247403108258855,0.000403649196576484,6.12916141930128,0.903021345144819,0.147331956750417,0.767586706877658,0.125235191956351
80,95,175,3700,14,0.66,0.00247718181024961,0.000404170881410008,6.12904571850303,0.904171360741108,0.147522371714653,0.766610413309048,0.125078266424856
80.1,95,175.1,3700,14,0.66,0.00248033267689598,0.000404692613961081,6.12892993677052,0.905321427067034,0.147712804095794,0.765636557178958,0.124921734312138
80.2,95,175.2,3700,14,0.66,0.00248348368253995,0.000405214394229707,6.12881407448747,0.90647154412708,0.147903253893843,0.764665129369766,0.124765594138816
80.3,95,175.3,3700,14,0.66,0.00248663482719376,0.000405736222215926,6.1286981320352,0.907621711925723,0.148093721108813,0.763696120809272,0.124609844432926
80.4,95,175.4,3700,14,0.66,0.00248978611086968,0.000406258097919798,6.12858210979268,0.908771930467432,0.148284205740726,0.762729522470419,0.124454483729879
80.5,95,175.5,3700,14,0.66,0.00249293753357997,0.000406780021341426,6.1284660081365,0.909922199756689,0.148474707789621,0.761765325370994,0.124299510572406
80.6,95,175.6,3700,14,0.66,0.0024960890953369,0.000407301992480941,6.12834982744088,0.911072519797969,0.148665227255543,0.760803520573369,0.124144923510522
80.7,95,175.7,3700,14,0.66,0.00249924079615276,0.0004078240113385,6.12823356807785,0.912222890595757,0.148855764138552,0.759844099184206,0.12399072110147
80.8,95,175.8,3700,14,0.66,0.00250239263603981,0.000408346077914296,6.12811723041703,0.913373312154531,0.149046318438718,0.7588870523542,0.123836901909684
80.9,95,175.9,3700,14,0.66,0.00250554461501032,0.000408868192208545,6.1280008148258,0.914523784478767,0.149236890156119,0.757932371277807,0.123683464506744
81,95,176,3700,14,0.66,0.00250869673307656,0.000409390354221503,6.12788432166924,0.915674307572946,0.149427479290849,0.756980047192955,0.123530407471327
81.1,95,176.1,3700,14,0.66,0.00251184899025082,0.000409912563953446,6.12776775131023,0.916824881441549,0.149618085843008,0.756030071380798,0.123377729389164
81.2,95,176.2,3700,14,0.66,0.00251500138654537,0.000410434821404687,6.1276511041094,0.917975506089061,0.149808709812711,0.755082435165429,0.123225428852998
81.3,95,176.3,3700,14,0.66,0.00251815392197251,0.000410957126575567,6.12753438042514,0.919126181519966,0.149999351200082,0.754137129913634,0.123073504462542
81.4,95,176.4,3700,14,0.66,0.00252130659654449,0.000411479479466449,6.1274175806137,0.92027690773874,0.150190010005254,0.753194147034628,0.122921954824432
81.5,95,176.5,3700,14,0.66,0.00252445941027362,0.000412001880077737,6.12730070502906,0.92142768474987,0.150380686228374,0.752253477979779,0.122770778552187
81.6,95,176.6,3700,14,0.66,0.00252761236317216,0.000412524328409856,6.1271837540231,0.922578512557838,0.150571379869597,0.751315114242368,0.122619974266163
81.7,95,176.7,3700,14,0.66,0.00253076545525242,0.00041304682446326,6.12706672794558,0.923729391167132,0.15076209092909,0.750379047357315,0.122469540593516
81.8,95,176.8,3700,14,0.66,0.00253391868652669,0.000413569368238441,6.126949627144,0.924880320582243,0.150952819407031,0.749445268900938,0.122319476168157
81.9,95,176.9,3700,14,0.66,0.00253707205700724,0.000414091959735903,6.12683245196385,0.926031300807641,0.151143565303604,0.748513770490711,0.122169779630711
82,95,177,3700,14,0.66,0.00254022556670637,0.000414614598956192,6.12671520274848,0.927182331847824,0.15133432861901,0.747584543784976,0.122020449628474
82.1,95,177.1,3700,14,0.66,0.00254337921563637,0.000415137285899878,6.12659787983914,0.928333413707273,0.151525109353455,0.746657580482729,0.121871484815376
82.2,95,177.2,3700,14,0.66,0.00254653300380954,0.000415660020567557,6.12648048357504,0.929484546390482,0.151715907507158,0.745732872323355,0.121722883851936
82.3,95,177.3,3700,14,0.66,0.0025496869312382,0.000416182802959859,6.12636301429331,0.930635729901943,0.151906723080349,0.744810411086386,0.121574645405224
82.4,95,177.4,3700,14,0.66,0.0025528409979346,0.00041670563307743,6.126245472329,0.931786964246128,0.152097556073262,0.743890188591276,0.121426768148824
82.5,95,177.5,3700,14,0.66,0.00255599520391107,0.000417228510920956,6.12612785801521,0.93293824942754,0.152288406486149,0.74297219669712,0.121279250762787
82.6,95,177.6,3700,14,0.66,0.0025591495491799,0.000417751436491143,6.12601017168294,0.934089585450663,0.152479274319267,0.74205642730245,0.121132091933597
82.7,95,177.7,3700,14,0.66,0.0025623040337534,0.000418274409788727,6.12589241366126,0.935240972319993,0.152670159572885,0.741142872344974,0.120985290354131
82.8,95,177.8,3700,14,0.66,0.0025654586576439,0.000418797430814472,6.12577458427725,0.936392410040024,0.152861062247282,0.74023152380135,0.120838844723616
82.9,95,177.9,3700,14,0.66,0.00256861342086365,0.000419320499569164,6.12565668385592,0.937543898615233,0.153051982342745,0.739322373686965,0.120692753747601
83,95,178,3700,14,0.66,0.002571768323425,0.000419843616053619,6.12553871272048,0.938695438050124,0.153242919859571,0.738415414055664,0.120547016137903
83.1,95,178.1,3700,14,0.66,0.00257492336534023,0.000420366780268682,6.12542067119206,0.939847028349186,0.153433874798069,0.737510636999553,0.120401630612584
83.2,95,178.2,3700,14,0.66,0.00257807854662169,0.000420889992215221,6.12530255958995,0.940998669516916,0.153624847158556,0.736608034648751,0.120256595895903
83.3,95,178.3,3700,14,0.66,0.00258123386728168,0.000421413251894132,6.12518437823151,0.942150361557813,0.153815836941358,0.735707599171166,0.120111910718283
83.4,95,178.4,3700,14,0.66,0.00258438932733248,0.000421936559306334,6.12506612743212,0.943302104476356,0.154006844146812,0.734809322772288,0.119967573816276
83.5,95,178.5,3700,14,0.66,0.00258754492678645,0.000422459914452777,6.12494780750538,0.944453898277053,0.154197868775264,0.733913197694921,0.119823583932519
83.6,95,178.6,3700,14,0.66,0.00259070066565588,0.000422983317334432,6.12482941876297,0.945605742964396,0.154388910827068,0.733019216218998,0.119679939815703
83.7,95,178.7,3700,14,0.66,0.00259385654395309,0.000423506767952298,6.12471096151469,0.946757638542879,0.154579970302589,0.732127370661348,0.119536640220535
83.8,95,178.8,3700,14,0.66,0.00259701256169044,0.000424030266307403,6.12459243606853,0.947909585017012,0.154771047202202,0.731237653375459,0.119393683907701
83.9,95,178.9,3700,14,0.66,0.0026001687188802,0.000424553812400791,6.12447384273061,0.949061582391274,0.154962141526289,0.7303500567513,0.119251069643833
84,95,179,3700,14,0.66,0.00260332501553473,0.00042507740623354,6.12435518180526,0.950213630670175,0.155153253275242,0.729464573215053,0.119108796201469
84.1,95,179.1,3700,14,0.66,0.00260648145166633,0.000425601047806751,6.124236453595,0.951365729858211,0.155344382449464,0.728581195228937,0.118966862359021
84.2,95,179.2,3700,14,0.66,0.00260963802728734,0.000426124737121547,6.12411765840052,0.95251787995988,0.155535529049364,0.727699915290977,0.11882526690074
84.3,95,179.3,3700,14,0.66,0.00261279474241012,0.000426648474179082,6.12399879652075,0.953670080979692,0.155726693075365,0.726820725934785,0.118684008616677
84.4,95,179.4,3700,14,0.66,0.00261595159704694,0.000427172258980524,6.12387986825287,0.954822332922131,0.155917874527891,0.725943619729382,0.118543086302653
84.5,95,179.5,3700,14,0.66,0.00261910859121017,0.000427696091527077,6.12376087389228,0.955974635791711,0.156109073407383,0.725068589278941,0.118402498760224
84.6,95,179.6,3700,14,0.66,0.00262226572491214,0.000428219971819963,6.12364181373264,0.95712698959293,0.156300289714286,0.724195627222615,0.118262244796644
84.7,95,179.7,3700,14,0.66,0.00262542299816517,0.00042874389986043,6.12352268806584,0.958279394330287,0.156491523449057,0.72332472623432,0.118122323224835
84.8,95,179.8,3700,14,0.66,0.00262858041098164,0.000429267875649752,6.12340349718214,0.959431850008298,0.156682774612159,0.722455879022517,0.117982732863346
84.9,95,179.9,3700,14,0.66,0.00263173796337383,0.000429791899189221,6.12328424136998,0.960584356631449,0.156874043204066,0.721589078330043,0.117843472536333
85,95,180,3700,14,0.66,0.00263489565535413,0.000430315970480158,6.12316492091623,0.961736914204256,0.157065329225258,0.720724316933865,0.117704541073511
85.1,95,180.1,3700,14,0.66,0.00263805348693485,0.000430840089523907,6.12304553610596,0.962889522731221,0.157256632676226,0.719861587644909,0.117565937310131
85.2,95,180.2,3700,14,0.66,0.00264121145812834,0.000431364256321836,6.12292608722259,0.964042182216845,0.15744795355747,0.719000883307856,0.117427660086944
85.3,95,180.3,3700,14,0.66,0.00264436956894698,0.000431888470875336,6.12280657454798,0.965194892665649,0.157639291869498,0.718142196800928,0.117289708250166
85.4,95,180.4,3700,14,0.66,0.00264752781940307,0.000432412733185819,6.12268699836218,0.966347654082119,0.157830647612824,0.717285521035727,0.117152080651453
85.5,95,180.5,3700,14,0.66,0.00265068620950898,0.000432937043254722,6.12256735894374,0.967500466470776,0.158022020787974,0.716430848956993,0.117014776147859
85.6,95,180.6,3700,14,0.66,0.00265384473927706,0.000433461401083505,6.12244765656955,0.968653329836125,0.158213411395479,0.715578173542448,0.116877793601814
85.7,95,180.7,3700,14,0.66,0.00265700340871965,0.000433985806673653,6.12232789151478,0.969806244182671,0.158404819435883,0.71472748780259,0.116741131881088
85.8,95,180.8,3700,14,0.66,0.00266016221784914,0.000434510260026674,6.12220806405316,0.970959209514935,0.158596244909736,0.713878784780488,0.116604789858754
85.9,95,180.9,3700,14,0.66,0.00266332116667783,0.00043503476114409,6.1220881744567,0.972112225837408,0.158787687817593,0.713032057551633,0.116468766413171
86,95,181,3700,14,0.66,0.00266648025521812,0.000435559310027458,6.12196822299591,0.973265293154614,0.158979148160022,0.712187299223698,0.116333060427938
86.1,95,181.1,3700,14,0.66,0.00266963948348235,0.000436083906678348,6.1218482099397,0.97441841147106,0.159170625937597,0.711344502936388,0.116197670791873
86.2,95,181.2,3700,14,0.66,0.00267279885148289,0.000436608551098357,6.12172813555539,0.975571580791254,0.1593621211509,0.710503661861241,0.116062596398979
86.3,95,181.3,3700,14,0.66,0.00267595835923211,0.000437133243289107,6.12160800010881,0.97672480111972,0.159553633800524,0.709664769201437,0.115927836148414
86.4,95,181.4,3700,14,0.66,0.00267911800674234,0.000437657983252233,6.12148780386418,0.977878072460955,0.159745163887065,0.70882781819164,0.115793388944464
86.5,95,181.5,3700,14,0.66,0.00268227779402598,0.0004381827709894,6.12136754708428,0.979031394819482,0.159936711411131,0.707992802097783,0.115659253696506
86.6,95,181.6,3700,14,0.66,0.00268543772109538,0.00043870760650229,6.12124723003032,0.980184768199812,0.160128276373336,0.707159714216908,0.115525429318986
86.7,95,181.7,3700,14,0.66,0.0026885977879629,0.000439232489792612,6.12112685296197,0.981338192606458,0.160319858774303,0.706328547876986,0.115391914731386
86.8,95,181.8,3700,14,0.66,0.00269175799464095,0.000439757420862093,6.1210064161375,0.982491668043945,0.160511458614664,0.705499296436722,0.115258708858193
86.9,95,181.9,3700,14,0.66,0.00269491834114184,0.000440282399712478,6.12088591981359,0.983645194516773,0.160703075895054,0.704671953285414,0.115125810628876
87,95,182,3700,14,0.66,0.002698078827478,0.00044080742634554,6.12076536424554,0.984798772029469,0.160894710616122,0.70384651184273,0.11499321897785
87.1,95,182.1,3700,14,0.66,0.00270123945366177,0.00044133250076307,6.12064474968712,0.985952400586547,0.161086362778521,0.70302296555857,0.114860932844454
87.2,95,182.2,3700,14,0.66,0.00270440021970554,0.000441857622966881,6.12052407639065,0.987106080192521,0.161278032382912,0.70220130791288,0.114728951172916
87.3,95,182.3,3700,14,0.66,0.00270756112562171,0.000442382792958811,6.12040334460703,0.988259810851922,0.161469719429966,0.701381532415471,0.11459727291233
87.4,95,182.4,3700,14,0.66,0.00271072217142261,0.000442908010740706,6.12028255458572,0.989413592569251,0.161661423920358,0.700563632605877,0.114465897016628
87.5,95,182.5,3700,14,0.66,0.00271388335712065,0.000443433276314447,6.12016170657474,0.990567425349038,0.161853145854773,0.699747602053143,0.114334822444548
87.6,95,182.6,3700,14,0.66,0.00271704468272822,0.000443958589681926,6.12004080082074,0.991721309195801,0.162044885233903,0.698933434355693,0.114204048159607
87.7,95,182.7,3700,14,0.66,0.00272020614825769,0.000444483950845065,6.11991983756884,0.992875244114057,0.162236642058449,0.698121123141146,0.114073573130081
87.8,95,182.8,3700,14,0.66,0.00272336775372148,0.000445009359805801,6.11979881706294,0.99402923010834,0.162428416329117,0.697310662066144,0.113943396328967
87.9,95,182.9,3700,14,0.66,0.00272652949913192,0.000445534816566085,6.11967773954542,0.995183267183152,0.162620208046621,0.696502044816214,0.113813516733963
88,95,183,3700,14,0.66,0.00272969138450145,0.0004460603211279,6.11955660525733,0.996337355343028,0.162812017211684,0.695695265105565,0.113683933327439
88.1,95,183.1,3700,14,0.66,0.00273285340984243,0.000446585873493242,6.11943541443835,0.997491494592488,0.163003843825033,0.694890316676957,0.113554645096411
88.2,95,183.2,3700,14,0.66,0.00273601557516727,0.00044711147366413,6.11931416732679,0.998645684936053,0.163195687887407,0.694087193301526,0.113425651032514
88.3,95,183.3,3700,14,0.66,0.00273917788048838,0.000447637121642604,6.11919286415963,0.999799926378259,0.16338754939955,0.693285888778615,0.113296950131972
88.4,95,183.4,3700,14,0.66,0.00274234032581812,0.000448162817430716,6.11907150517249,1.00095421892361,0.163579428362211,0.692486396935645,0.113168541395583
88.5,95,183.5,3700,14,0.66,0.0027455029111689,0.000448688561030546,6.1189500905997,1.00210856257665,0.163771324776149,0.691688711627915,0.113040423828678
88.6,95,183.6,3700,14,0.66,0.00274866563655314,0.000449214352444191,6.11882862067419,1.0032629573419,0.16396323864213,0.690892826738476,0.112912596441106
88.7,95,183.7,3700,14,0.66,0.00275182850198321,0.000449740191673769,6.11870709562761,1.00441740322387,0.164155169960926,0.690098736177962,0.112785058247208
88.8,95,183.8,3700,14,0.66,0.00275499150747156,0.000450266078721416,6.11858551569038,1.00557190022712,0.164347118733317,0.68930643388443,0.112657808265781
88.9,95,183.9,3700,14,0.66,0.00275815465303054,0.000450792013589284,6.11846388109149,1.00672644835615,0.164539084960089,0.688515913823229,0.112530845520069
89,95,184,3700,14,0.66,0.00276131793867258,0.000451317996279549,6.11834219205877,1.00788104761549,0.164731068642035,0.687727169986811,0.112404169037724
89.1,95,184.1,3700,14,0.66,0.0027644813644101,0.000451844026794404,6.11822044881869,1.00903569800969,0.164923069779957,0.686940196394609,0.112277777850787
89.2,95,184.2,3700,14,0.66,0.00276764493025549,0.000452370105136062,6.11809865159645,1.01019039954325,0.165115088374663,0.686154987092873,0.112151670995666
89.3,95,184.3,3700,14,0.66,0.00277080863622119,0.000452896231306757,6.11797680061607,1.01134515222073,0.165307124426966,0.685371536154514,0.112025847513102
89.4,95,184.4,3700,14,0.66,0.00277397248231957,0.000453422405308735,6.11785489610019,1.01249995604664,0.165499177937688,0.68458983767898,0.111900306448159
89.5,95,184.5,3700,14,0.66,0.00277713646856307,0.000453948627144266,6.11773293827034,1.01365481102552,0.165691248907657,0.683809885792071,0.111775046850182
89.6,95,184.6,3700,14,0.66,0.00278030059496411,0.000454474896815636,6.11761092734673,1.0148097171619,0.165883337337707,0.683031674645821,0.11165006777279
89.7,95,184.7,3700,14,0.66,0.00278346486153509,0.000455001214325155,6.11748886354831,1.01596467446031,0.166075443228682,0.682255198418343,0.11152536827384
89.8,95,184.8,3700,14,0.66,0.00278662926828847,0.000455527579675146,6.11736674709295,1.01711968292529,0.166267566581428,0.68148045131367,0.111400947415409
89.9,95,184.9,3700,14,0.66,0.00278979381523662,0.00045605399286795,6.11724457819712,1.01827474256137,0.166459707396802,0.680707427561647,0.11127680426377
90,95,185,3700,14,0.66,0.00279295850239199,0.000456580453905928,6.11712235707628,1.01942985337308,0.166651865675664,0.679936121417741,0.111152937889364
90.1,95,185.1,3700,14,0.66,0.002796123329767,0.00045710696279146,6.11700008394454,1.02058501536495,0.166844041418883,0.679166527162934,0.111029347366785
90.2,95,185.2,3700,14,0.66,0.00279928829737406,0.000457633519526942,6.11687775901489,1.02174022854153,0.167036234627334,0.678398639103569,0.11090603177475
90.3,95,185.3,3700,14,0.66,0.00280245340522565,0.000458160124114794,6.11675538249915,1.02289549290736,0.1672284453019,0.677632451571199,0.110782990196076
90.4,95,185.4,3700,14,0.66,0.00280561865333413,0.000458686776557441,6.11663295460793,1.02405080846696,0.167420673443466,0.67686795892248,0.110660221717664
90.5,95,185.5,3700,14,0.66,0.00280878404171197,0.000459213476857337,6.11651047555072,1.02520617522487,0.167612919052928,0.676105155538991,0.110537725430465
90.6,95,185.6,3700,14,0.66,0.00281194957037161,0.000459740225016952,6.11638794553582,1.02636159318564,0.167805182131187,0.675344035827125,0.110415500429472
90.7,95,185.7,3700,14,0.66,0.00281511523932545,0.000460267021038769,6.11626536477035,1.02751706235379,0.167997462679151,0.674584594217944,0.110293545813684
90.8,95,185.8,3700,14,0.66,0.00281828104858598,0.000460793864925295,6.1161427334604,1.02867258273388,0.168189760697733,0.673826825167035,0.110171860686089
90.9,95,185.9,3700,14,0.66,0.00282144699816557,0.000461320756679046,6.1160200518108,1.02982815433043,0.168382076187852,0.673070723154399,0.110050444153649
91,95,186,3700,14,0.66,0.00282461308807671,0.000461847696302562,6.11589732002533,1.030983777148,0.168574409150435,0.672316282684283,0.109929295327263
91.1,95,186.1,3700,14,0.66,0.00282777931833183,0.000462374683798399,6.11577453830663,1.03213945119112,0.168766759586416,0.671563498285076,0.109808413321761
91.2,95,186.2,3700,14,0.66,0.00283094568894335,0.000462901719169129,6.1156517068562,1.03329517646432,0.168959127496732,0.670812364509162,0.109687797255871
91.3,95,186.3,3700,14,0.66,0.00283411219992377,0.000463428802417343,6.11552882587451,1.03445095297217,0.16915151288233,0.670062875932785,0.1095674462522
91.4,95,186.4,3700,14,0.66,0.00283727885128546,0.000463955933545644,6.11540589556083,1.03560678071919,0.16934391574416,0.669315027155943,0.10944735943722
91.5,95,186.5,3700,14,0.66,0.00284044564304092,0.000464483112556656,6.11528291611346,1.03676265970994,0.169536336083179,0.668568812802221,0.109327535941236
91.6,95,186.6,3700,14,0.66,0.00284361257520259,0.000465010339453021,6.11515988772949,1.03791858994894,0.169728773900353,0.667824227518694,0.109207974898372
91.7,95,186.7,3700,14,0.66,0.0028467796477829,0.000465537614237392,6.11503681060504,1.03907457144076,0.169921229196648,0.667081265975783,0.109088675446547
91.8,95,186.8,3700,14,0.66,0.00284994686079434,0.000466064936912448,6.11491368493511,1.04023060418994,0.170113701973043,0.666339922867126,0.108969636727456
91.9,95,186.9,3700,14,0.66,0.00285311421424933,0.000466592307480873,6.11479051091361,1.04138668820101,0.170306192230519,0.665600192909472,0.108850857886548
92,95,187,3700,14,0.66,0.00285628170816034,0.000467119725945375,6.1146672887335,1.04254282347852,0.170498699970062,0.664862070842525,0.108732338073007
92.1,95,187.1,3700,14,0.66,0.00285944934253983,0.000467647192308678,6.11454401858657,1.04369901002704,0.170691225192667,0.664125551428844,0.108614076439728
92.2,95,187.2,3700,14,0.66,0.00286261711740025,0.00046817470657352,6.11442070066362,1.04485524785109,0.170883767899335,0.663390629453709,0.108496072143303
92.3,95,187.3,3700,14,0.66,0.00286578503275408,0.000468702268742658,6.11429733515447,1.04601153695524,0.17107632809107,0.662657299724989,0.108378324343994
92.4,95,187.4,3700,14,0.66,0.00286895308861376,0.000469229878818858,6.11417392224779,1.04716787734402,0.171268905768883,0.661925557073051,0.108260832205719
92.5,95,187.5,3700,14,0.66,0.00287212128499176,0.000469757536804912,6.11405046213136,1.04832426902199,0.171461500933793,0.661195396350596,0.108143594896026
92.6,95,187.6,3700,14,0.66,0.00287528962190055,0.000470285242703622,6.11392695499184,1.0494807119937,0.171654113586822,0.660466812432571,0.108026611586081
92.7,95,187.7,3700,14,0.66,0.00287845809935259,0.000470812996517806,6.11380340101493,1.0506372062637,0.171846743728999,0.659739800216036,0.107909881450639
92.8,95,187.8,3700,14,0.66,0.00288162671736039,0.000471340798250302,6.11367980038537,1.05179375183654,0.17203939136136,0.659014354620037,0.107793403668033
92.9,95,187.9,3700,14,0.66,0.00288479547593635,0.000471868647903955,6.1135561532868,1.05295034871677,0.172232056484944,0.658290470585517,0.107677177420151
93,95,188,3700,14,0.66,0.00288796437509299,0.000472396545481636,6.11343245990197,1.05410699690894,0.172424739100797,0.657568143075159,0.107561201892415
93.1,95,188.1,3700,14,0.66,0.00289113341484278,0.000472924490986223,6.11330872041262,1.05526369641761,0.172617439209971,0.656847367073298,0.107445476273765
93.2,95,188.2,3700,14,0.66,0.00289430259519817,0.000473452484420617,6.11318493499944,1.05642044724733,0.172810156813525,0.656128137585795,0.107329999756642
93.3,95,188.3,3700,14,0.66,0.00289747191617169,0.00047398052578773,6.11306110384229,1.05757724940267,0.173002891912522,0.655410449639913,0.107214771536958
93.4,95,188.4,3700,14,0.66,0.00290064137777576,0.000474508615090488,6.11293722711992,1.05873410288815,0.173195644508028,0.654694298284232,0.107099790814094
93.5,95,188.5,3700,14,0.66,0.0029038109800229,0.000475036752331835,6.11281330501024,1.05989100770836,0.17338841460112,0.653979678588493,0.106985056790868
93.6,95,188.6,3700,14,0.66,0.00290698072292557,0.000475564937514728,6.11268933769016,1.06104796386783,0.173581202192876,0.653266585643517,0.106870568673521
93.7,95,188.7,3700,14,0.66,0.00291015060649626,0.000476093170642144,6.1125653253356,1.06220497137113,0.173774007284383,0.652555014561083,0.106756325671702
93.8,95,188.8,3700,14,0.66,0.00291332063074748,0.000476621451717071,6.11244126812166,1.06336203022283,0.173966829876731,0.651844960473805,0.106642326998442
93.9,95,188.9,3700,14,0.66,0.00291649079569167,0.000477149780742509,6.11231716622236,1.06451914042746,0.174159669971016,0.651136418535048,0.106528571870146
94,95,189,3700,14,0.66,0.00291966110134136,0.000477678157721479,6.11219301981092,1.0656763019896,0.17435252756834,0.650429383918787,0.106415059506565
94.1,95,189.1,3700,14,0.66,0.00292283154770903,0.000478206582657013,6.11206882905956,1.06683351491379,0.17454540266981,0.649723851819517,0.106301789130782
94.2,95,189.2,3700,14,0.66,0.00292600213480715,0.000478735055552162,6.11194459413959,1.06799077920461,0.174738295276539,0.64901981745214,0.1061887599692
94.3,95,189.3,3700,14,0.66,0.00292917286264826,0.000479263576409987,6.11182031522149,1.06914809486662,0.174931205389645,0.648317276051846,0.106075971251513
94.4,95,189.4,3700,14,0.66,0.00293234373124481,0.000479792145233562,6.11169599247472,1.07030546190436,0.17512413301025,0.647616222874032,0.105963422210698
94.5,95,189.5,3700,14,0.66,0.00293551474060932,0.000480320762025982,6.11157162606794,1.0714628803224,0.175317078139483,0.646916653194161,0.105851112082994
94.6,95,189.6,3700,14,0.66,0.00293868589075429,0.000480849426790351,6.11144721616887,1.07262035012532,0.175510040778478,0.646218562307683,0.105739040107882
94.7,95,189.7,3700,14,0.66,0.0029418571816922,0.000481378139529793,6.1113227629443,1.07377787131765,0.175703020928375,0.645521945529917,0.105627205528074
94.8,95,189.8,3700,14,0.66,0.0029450286134356,0.000481906900247444,6.11119826656025,1.07493544390399,0.175896018590317,0.644826798195941,0.10551560758949
94.9,95,189.9,3700,14,0.66,0.00294820018599694,0.000482435708946446,6.11107372718177,1.07609306788888,0.176089033765453,0.644133115660513,0.105404245541244
95,95,190,3700,14,0.66,0.00295137189938875,0.000482964565629968,6.11094914497309,1.07725074327689,0.176282066454938,0.643440893297932,0.105293118635626
95.1,95,190.1,3700,14,0.66,0.00295454375362354,0.000483493470301185,6.11082452009755,1.07840847007259,0.176475116659932,0.642750126501962,0.105182226128087
95.2,95,190.2,3700,14,0.66,0.0029577157487138,0.000484022422963289,6.11069985271763,1.07956624828054,0.1766681843816,0.642060810685722,0.10507156727722
95.3,95,190.3,3700,14,0.66,0.00296088788467209,0.00048455142361949,6.11057514299499,1.08072407790531,0.176861269621114,0.641372941281573,0.104961141344743
95.4,95,190.4,3700,14,0.66,0.00296406016151086,0.000485080472272999,6.11045039109038,1.08188195895146,0.177054372379645,0.640686513741045,0.104850947595488
95.5,95,190.5,3700,14,0.66,0.00296723257924265,0.000485609568927055,6.11032559716378,1.08303989142357,0.177247492658375,0.640001523534705,0.104740985297375
95.6,95,190.6,3700,14,0.66,0.00297040513787999,0.000486138713584902,6.11020076137429,1.0841978753262,0.177440630458489,0.639317966152075,0.104631253721405
95.7,95,190.7,3700,14,0.66,0.00297357783743537,0.000486667906249805,6.11007588388015,1.08535591066391,0.177633785781179,0.638635837101534,0.10452175214164
95.8,95,190.8,3700,14,0.66,0.00297675067792136,0.000487197146925035,6.10995096483886,1.0865139974413,0.177826958627638,0.637955131910205,0.104412479835185
95.9,95,190.9,3700,14,0.66,0.00297992365935041,0.00048772643561388,6.10982600440699,1.0876721356629,0.178020148999066,0.637275846123883,0.104303436082176
96,95,191,3700,14,0.66,0.00298309678173509,0.000488255772319639,6.1097010027404,1.08883032533331,0.178213356896668,0.636597975306908,0.104194620165761
96.1,95,191.1,3700,14,0.66,0.00298627004508791,0.000488785157045633,6.10957595999404,1.08998856645709,0.178406582321656,0.635921515042089,0.104086031372087
96.2,95,191.2,3700,14,0.66,0.00298944344942139,0.000489314589795185,6.10945087632211,1.09114685903881,0.178599825275243,0.635246460930602,0.103977668990281
96.3,95,191.3,3700,14,0.66,0.00299261699474809,0.000489844070571641,6.10932575187804,1.09230520308305,0.178793085758649,0.634572808591888,0.103869532312435
96.4,95,191.4,3700,14,0.66,0.00299579068108049,0.000490373599378352,6.10920058681434,1.09346359859438,0.178986363773098,0.633900553663578,0.103761620633597
96.5,95,191.5,3700,14,0.66,0.00299896450843115,0.000490903176218687,6.10907538128288,1.09462204557737,0.179179659319821,0.633229691801372,0.103653933251745
96.6,95,191.6,3700,14,0.66,0.0030021384768126,0.000491432801096027,6.10895013543464,1.0957805440366,0.17937297240005,0.632560218678964,0.103546469467778
96.7,95,191.7,3700,14,0.66,0.00300531258623736,0.000491962474013769,6.10882484941982,1.09693909397664,0.179566303015026,0.631892129987946,0.103439228585504
96.8,95,191.8,3700,14,0.66,0.00300848683671801,0.000492492194975318,6.10869952338794,1.09809769540207,0.179759651165991,0.631225421437705,0.103332209911615
96.9,95,191.9,3700,14,0.66,0.00301166122826702,0.000493021963984094,6.1085741574876,1.09925634831746,0.179953016854194,0.630560088755354,0.103225412755683
97,95,192,3700,14,0.66,0.00301483576089698,0.00049355178104353,6.10844875186678,1.1004150527274,0.180146400080888,0.629896127685612,0.103118836430135
97.1,95,192.1,3700,14,0.66,0.00301801043462041,0.000494081646157072,6.1083233066726,1.10157380863645,0.180339800847331,0.629233533990734,0.103012480250247
97.2,95,192.2,3700,14,0.66,0.00302118524944985,0.000494611559328178,6.10819782205145,1.10273261604919,0.180533219154785,0.628572303450416,0.102906343534124
97.3,95,192.3,3700,14,0.66,0.00302436020539787,0.000495141520560326,6.10807229814895,1.10389147497022,0.180726655004519,0.627912431861694,0.102800425602687
97.4,95,192.4,3700,14,0.66,0.00302753530247699,0.00049567152985699,6.10794673511002,1.1050503854041,0.180920108397801,0.62725391503888,0.102694725779658
97.5,95,192.5,3700,14,0.66,0.00303071054069975,0.000496201587221672,6.10782113307876,1.10620934735541,0.18111357933591,0.626596748813448,0.102589243391546
97.6,95,192.6,3700,14,0.66,0.00303388592007873,0.000496731692657881,6.10769549219861,1.10736836082873,0.181307067820127,0.625940929033954,0.102483977767633
97.7,95,192.7,3700,14,0.66,0.00303706144062645,0.000497261846169137,6.10756981261223,1.10852742582865,0.181500573851735,0.625286451565959,0.102378928239958
97.8,95,192.8,3700,14,0.66,0.0030402371023555,0.00049779204775898,6.10744409446154,1.10968654235976,0.181694097432028,0.624633312291922,0.102274094143304
97.9,95,192.9,3700,14,0.66,0.00304341290527839,0.000498322297430947,6.10731833788778,1.11084571042661,0.181887638562296,0.623981507111141,0.102169474815185
98,95,193,3700,14,0.66,0.0030465888494077,0.000498852595188603,6.1071925430314,1.11200493003381,0.18208119724384,0.623331031939643,0.102065069595831
98.1,95,193.1,3700,14,0.66,0.00304976493475599,0.000499382941035518,6.10706671003221,1.11316420118594,0.182274773477964,0.622681882710102,0.101960877828174
98.2,95,193.2,3700,14,0.66,0.0030529411613358,0.000499913334975275,6.10694083902923,1.11432352388757,0.182468367265975,0.62203405537177,0.101856898857833
98.3,95,193.3,3700,14,0.66,0.00305611752915974,0.000500443777011471,6.10681493016085,1.1154828981433,0.182661978609187,0.62138754589037,0.101753132033101
98.4,95,193.4,3700,14,0.66,0.00305929403824031,0.000500974267147709,6.1066889835647,1.11664232395771,0.182855607508914,0.620742350248041,0.101649576704935
98.5,95,193.5,3700,14,0.66,0.0030624706885901,0.000501504805387612,6.10656299937769,1.11780180133539,0.183049253966478,0.620098464443226,0.101546232226937
98.6,95,193.6,3700,14,0.66,0.00306564748022168,0.00050203539173481,6.10643697773612,1.11896133028091,0.183242917983206,0.619455884490603,0.101443097955341
98.7,95,193.7,3700,14,0.66,0.00306882441314761,0.000502566026192948,6.10631091877551,1.12012091079888,0.183436599560426,0.618814606421004,0.101340173249006
98.8,95,193.8,3700,14,0.66,0.00307200148738049,0.000503096708765682,6.10618482263076,1.12128054289388,0.183630298699474,0.618174626281325,0.101237457469391
98.9,95,193.9,3700,14,0.66,0.00307517870293285,0.000503627439456674,6.10605868943605,1.12244022657049,0.183824015401686,0.61753594013446,0.101134949980557
99,95,194,3700,14,0.66,0.00307835605981727,0.000504158218269606,6.10593251932487,1.1235999618333,0.184017749668406,0.616898544059207,0.10103265014914
99.1,95,194.1,3700,14,0.66,0.00308153355804634,0.00050468904520817,6.10580631243005,1.12475974868691,0.184211501500982,0.616262434150183,0.100930557344345
99.2,95,194.2,3700,14,0.66,0.00308471119763262,0.000505219920276066,6.10568006888376,1.12591958713591,0.184405270900764,0.615627606517763,0.100828670937931
99.3,95,194.3,3700,14,0.66,0.00308788897858872,0.00050575084347701,6.10555378881753,1.12707947718488,0.184599057869109,0.61499405728798,0.100726990304197
99.4,95,194.4,3700,14,0.66,0.00309106690092718,0.000506281814814724,6.10542747236214,1.12823941883842,0.184792862407374,0.614361782602469,0.100625514819977
99.5,95,194.5,3700,14,0.66,0.00309424496466058,0.000506812834292946,6.10530111964777,1.12939941210111,0.184986684516925,0.61373077861837,0.100524243864614
99.6,95,194.6,3700,14,0.66,0.00309742316980154,0.000507343901915424,6.10517473080397,1.13055945697756,0.18518052419913,0.613101041508251,0.100423176819955
99.7,95,194.7,3700,14,0.66,0.00310060151636261,0.000507875017685919,6.10504830595958,1.13171955347235,0.18537438145536,0.612472567460043,0.100322313070343
99.8,95,194.8,3700,14,0.66,0.00310378000435641,0.000508406181608203,6.10492184524282,1.13287970159009,0.185568256286994,0.61184535267695,0.100221652002592
99.9,95,194.9,3700,14,0.66,0.00310695863379549,0.000508937393686055,6.10479534878127,1.13403990133535,0.18576214869541,0.611219393377386,0.100121193005988
100,95,195,3700,14,0.66,0.00311013740469245,0.000509468653923267,6.10466881670188,1.13520015271274,0.185956058681993,0.610594685794886,0.100020935472265
